שנה,סעיף מוביל,מספר בקשה,תיאור בקשה,קוד שינוי,שם שינוי,קוד סוג בקשה,שם סוג בקשה,מספר וועדה,קוד תוכנית,שם תוכנית,הוצאות נטו,הוצאה מותנית בהכנסה,הכנסה מיועדת,הרשאה להתחייב,שיא כא,תאריך אישור
2014,1,1,הפחתה 1,1,קיצוץ,2,אישור ועדה,9000,15201,רזרבה,-95,0,0,0,0,27-ינו-14
2014,1,4,קליטת 80% מהעודפים,5,עודפים,3,הודעה לועדה,0,15101,נשיא המדינה,"6,830",0,0,0,0,19-מרץ-14
2014,1,4,קליטת 80% מהעודפים,5,עודפים,3,הודעה לועדה,0,15102,נשיאי המדינה לשעבר,298,0,0,0,0,19-מרץ-14
2014,2,1,העברת עודפים תקציבים,5,עודפים,3,הודעה לועדה,0,20202,תנאי חברי הכנסת,"7,800",0,0,0,0,08-אפר-14
2014,2,1,העברת עודפים תקציבים,5,עודפים,3,הודעה לועדה,0,20301,שירותים מקצועיים,"6,010",0,0,0,0,08-אפר-14
2014,2,1,העברת עודפים תקציבים,5,עודפים,3,הודעה לועדה,0,20302,קשרי חוץ טקסים וקרנות,"2,440",0,0,0,0,08-אפר-14
2014,2,1,העברת עודפים תקציבים,5,עודפים,3,הודעה לועדה,0,20304,הוצאות עובדי הכנסת,790,0,0,0,0,08-אפר-14
2014,2,1,העברת עודפים תקציבים,5,עודפים,3,הודעה לועדה,0,20305,אמרכלות,"41,600",0,0,0,0,08-אפר-14
2014,2,1,העברת עודפים תקציבים,5,עודפים,3,הודעה לועדה,0,20306,ביטחון,"10,000",0,0,0,0,08-אפר-14
2014,2,1,העברת עודפים תקציבים,5,עודפים,3,הודעה לועדה,0,20307,ניהול מערכות מחשב,"36,000",0,0,0,0,08-אפר-14
2014,2,1,העברת עודפים תקציבים,5,עודפים,3,הודעה לועדה,0,20501,תוספת מבנה,"2,040",0,0,0,0,08-אפר-14
2014,2,2,העברת עודפים,5,עודפים,3,הודעה לועדה,0,20501,תוספת מבנה,"55,960",0,0,0,0,09-אפר-14
2014,2,2,העברת עודפים,5,עודפים,3,הודעה לועדה,0,20901,מוזיאון הכנסת,"80,920",0,0,0,0,09-אפר-14
2014,2,3,שינויים פנימיים,7,שינוי פנימי,2,אישור ועדה,16,20304,הוצאות עובדי הכנסת,"4,600",0,0,0,0,08-אפר-14
2014,2,3,שינויים פנימיים,7,שינוי פנימי,2,אישור ועדה,16,20305,אמרכלות,"9,600",0,0,0,0,08-אפר-14
2014,2,3,שינויים פנימיים,7,שינוי פנימי,2,אישור ועדה,16,20401,רזרבה,"-14,200",0,0,0,0,08-אפר-14
2014,4,1,החפחתה1,1,קיצוץ,2,אישור ועדה,9000,46304,רזרבות,-258,0,0,0,0,27-ינו-14
2014,4,1,החפחתה1,1,קיצוץ,2,אישור ועדה,9000,47001,רזרבה לעמידה במגבלה,"-5,890",0,0,0,0,27-ינו-14
2014,4,3,העברת 50% מעודפי תקציב משרד ראש הממשלה,5,עודפים,3,הודעה לועדה,0,40603,אמרכלות,"4,587",0,0,0,0,30-מרץ-14
2014,4,3,העברת 50% מעודפי תקציב משרד ראש הממשלה,5,עודפים,3,הודעה לועדה,0,40604,פעולות,"2,566",0,0,0,0,30-מרץ-14
2014,4,3,העברת 50% מעודפי תקציב משרד ראש הממשלה,5,עודפים,3,הודעה לועדה,0,40608,הסכמים לקבוצות על פי,"7,986",0,0,0,0,30-מרץ-14
2014,4,3,העברת 50% מעודפי תקציב משרד ראש הממשלה,5,עודפים,3,הודעה לועדה,0,40610,סיוע לפרטים - מגורים,"2,803",0,0,0,0,30-מרץ-14
2014,4,3,העברת 50% מעודפי תקציב משרד ראש הממשלה,5,עודפים,3,הודעה לועדה,0,40612,סיוע לעסקים,"7,138",0,0,0,0,30-מרץ-14
2014,4,3,העברת 50% מעודפי תקציב משרד ראש הממשלה,5,עודפים,3,הודעה לועדה,0,40614,מימון פעולות משרדי,"4,002",0,0,0,0,30-מרץ-14
2014,4,3,העברת 50% מעודפי תקציב משרד ראש הממשלה,5,עודפים,3,הודעה לועדה,0,45101,מטה המשרד,"64,975",0,0,0,0,30-מרץ-14
2014,4,3,העברת 50% מעודפי תקציב משרד ראש הממשלה,5,עודפים,3,הודעה לועדה,0,45102,מרכז ההסברה,721,0,0,0,0,30-מרץ-14
2014,4,3,העברת 50% מעודפי תקציב משרד ראש הממשלה,5,עודפים,3,הודעה לועדה,0,45103,מערך הגיור,"21,471",0,0,0,0,30-מרץ-14
2014,4,3,העברת 50% מעודפי תקציב משרד ראש הממשלה,5,עודפים,3,הודעה לועדה,0,45104,תמיכות בארגוני הנצחה,"12,059",0,0,0,0,30-מרץ-14
2014,4,3,העברת 50% מעודפי תקציב משרד ראש הממשלה,5,עודפים,3,הודעה לועדה,0,45105,הרשות לקידום מעמד האשה,"1,506",0,0,0,0,30-מרץ-14
2014,4,3,העברת 50% מעודפי תקציב משרד ראש הממשלה,5,עודפים,3,הודעה לועדה,0,45106,הרשות לפיתוח כלכלי של,"4,135",0,0,0,0,30-מרץ-14
2014,4,3,העברת 50% מעודפי תקציב משרד ראש הממשלה,5,עודפים,3,הודעה לועדה,0,45107,ארכיון המדינה,"8,523",0,0,0,0,30-מרץ-14
2014,4,3,העברת 50% מעודפי תקציב משרד ראש הממשלה,5,עודפים,3,הודעה לועדה,0,45108,המטה הקיברנטי הלאומי,"4,246",0,0,0,0,30-מרץ-14
2014,4,3,העברת 50% מעודפי תקציב משרד ראש הממשלה,5,עודפים,3,הודעה לועדה,0,45109,הוועדה הבינמשרדית,"3,931",0,0,0,0,30-מרץ-14
2014,4,3,העברת 50% מעודפי תקציב משרד ראש הממשלה,5,עודפים,3,הודעה לועדה,0,45110,פרויקטים והחלטות ממשלה,"57,888",0,0,0,0,30-מרץ-14
2014,4,3,העברת 50% מעודפי תקציב משרד ראש הממשלה,5,עודפים,3,הודעה לועדה,0,45111,לשכת העיתונות הממשלתית,"2,556",0,0,0,0,30-מרץ-14
2014,4,3,העברת 50% מעודפי תקציב משרד ראש הממשלה,5,עודפים,3,הודעה לועדה,0,45112,המטה להסדרת התיישבות,"3,526",0,0,0,0,30-מרץ-14
2014,4,3,העברת 50% מעודפי תקציב משרד ראש הממשלה,5,עודפים,3,הודעה לועדה,0,45113,הוועדה לבדיקת תחליפי,"2,760",0,0,0,0,30-מרץ-14
2014,4,3,העברת 50% מעודפי תקציב משרד ראש הממשלה,5,עודפים,3,הודעה לועדה,0,45201,חברי הממשלה,"2,289",0,0,0,0,30-מרץ-14
2014,4,3,העברת 50% מעודפי תקציב משרד ראש הממשלה,5,עודפים,3,הודעה לועדה,0,45202,המשרד לאזרחים ותיקים,"23,219",0,0,0,0,30-מרץ-14
2014,4,3,העברת 50% מעודפי תקציב משרד ראש הממשלה,5,עודפים,3,הודעה לועדה,0,45203,משרד ההסברה והתפוצות,"9,918",0,0,0,0,30-מרץ-14
2014,4,3,העברת 50% מעודפי תקציב משרד ראש הממשלה,5,עודפים,3,הודעה לועדה,0,45204,המשרד לעניינים,"3,592",0,0,0,0,30-מרץ-14
2014,4,3,העברת 50% מעודפי תקציב משרד ראש הממשלה,5,עודפים,3,הודעה לועדה,0,45205,המשרד לענייני מודיעין,"1,558",0,0,0,0,30-מרץ-14
2014,4,3,העברת 50% מעודפי תקציב משרד ראש הממשלה,5,עודפים,3,הודעה לועדה,0,45206,לשכת השר בני בגין,40,0,0,0,0,30-מרץ-14
2014,4,3,העברת 50% מעודפי תקציב משרד ראש הממשלה,5,עודפים,3,הודעה לועדה,0,45207,לשכת השר יוסי פלד,58,0,0,0,0,30-מרץ-14
2014,4,3,העברת 50% מעודפי תקציב משרד ראש הממשלה,5,עודפים,3,הודעה לועדה,0,45208,לשכת השר משולם נהרי,483,0,0,0,0,30-מרץ-14
2014,4,3,העברת 50% מעודפי תקציב משרד ראש הממשלה,5,עודפים,3,הודעה לועדה,0,45209,לשכת סגן השר אופיר,489,0,0,0,0,30-מרץ-14
2014,4,3,העברת 50% מעודפי תקציב משרד ראש הממשלה,5,עודפים,3,הודעה לועדה,0,45211,לשכת סגן שר,74,0,0,0,0,30-מרץ-14
2014,4,3,העברת 50% מעודפי תקציב משרד ראש הממשלה,5,עודפים,3,הודעה לועדה,0,45301,הלשכה המרכזית,"20,535",0,0,0,0,30-מרץ-14
2014,4,3,העברת 50% מעודפי תקציב משרד ראש הממשלה,5,עודפים,3,הודעה לועדה,0,45302,ביצוע סקרים חיצוניים,789,0,0,0,0,30-מרץ-14
2014,4,3,העברת 50% מעודפי תקציב משרד ראש הממשלה,5,עודפים,3,הודעה לועדה,0,45401,רבנות ראשית,"2,089",0,0,0,0,30-מרץ-14
2014,4,3,העברת 50% מעודפי תקציב משרד ראש הממשלה,5,עודפים,3,הודעה לועדה,0,45601,שיתוף פעולה אזורי,"13,977",0,0,0,0,30-מרץ-14
2014,4,3,העברת 50% מעודפי תקציב משרד ראש הממשלה,5,עודפים,3,הודעה לועדה,0,45901,נתיב,"7,949",0,0,0,0,30-מרץ-14
2014,4,3,העברת 50% מעודפי תקציב משרד ראש הממשלה,5,עודפים,3,הודעה לועדה,0,46101,מרחב צפון,"22,583",0,0,0,0,30-מרץ-14
2014,4,3,העברת 50% מעודפי תקציב משרד ראש הממשלה,5,עודפים,3,הודעה לועדה,0,46102,מרחב מרכז,"64,475",0,0,0,0,30-מרץ-14
2014,4,3,העברת 50% מעודפי תקציב משרד ראש הממשלה,5,עודפים,3,הודעה לועדה,0,46103,מרחב מרכז - הר חברון,"8,577",0,0,0,0,30-מרץ-14
2014,4,3,העברת 50% מעודפי תקציב משרד ראש הממשלה,5,עודפים,3,הודעה לועדה,0,46104,מרחב דרום,"24,347",0,0,0,0,30-מרץ-14
2014,4,3,העברת 50% מעודפי תקציב משרד ראש הממשלה,5,עודפים,3,הודעה לועדה,0,46105,פעולות המטה,"57,186",0,0,0,0,30-מרץ-14
2014,4,3,העברת 50% מעודפי תקציב משרד ראש הממשלה,5,עודפים,3,הודעה לועדה,0,46201,מועצות דתיות,"14,156",0,0,0,0,30-מרץ-14
2014,4,3,העברת 50% מעודפי תקציב משרד ראש הממשלה,5,עודפים,3,הודעה לועדה,0,46202,תמיכה בשירותי דת,"23,831",0,0,0,0,30-מרץ-14
2014,4,3,העברת 50% מעודפי תקציב משרד ראש הממשלה,5,עודפים,3,הודעה לועדה,0,46203,בתי עלמין,"50,949",0,0,0,0,30-מרץ-14
2014,4,3,העברת 50% מעודפי תקציב משרד ראש הממשלה,5,עודפים,3,הודעה לועדה,0,46204,תמיכה בהקמת מוסדות דת,"28,266",0,0,0,0,30-מרץ-14
2014,4,3,העברת 50% מעודפי תקציב משרד ראש הממשלה,5,עודפים,3,הודעה לועדה,0,46206,תפעול,"5,956",0,0,0,0,30-מרץ-14
2014,4,3,העברת 50% מעודפי תקציב משרד ראש הממשלה,5,עודפים,3,הודעה לועדה,0,46302,תפעול,"1,850",0,0,0,0,30-מרץ-14
2014,4,3,העברת 50% מעודפי תקציב משרד ראש הממשלה,5,עודפים,3,הודעה לועדה,0,46303,פיתוח הנגב והגליל,"93,482",0,0,0,0,30-מרץ-14
2014,4,3,העברת 50% מעודפי תקציב משרד ראש הממשלה,5,עודפים,3,הודעה לועדה,0,46402,תפעול,"3,192",0,0,0,0,30-מרץ-14
2014,4,4,נציבות שירות המדינה - עודפים,5,עודפים,3,הודעה לועדה,0,45501,נציבות שירות המדינה,"12,500",0,0,0,0,25-מרץ-14
2014,4,4,נציבות שירות המדינה - עודפים,5,עודפים,3,הודעה לועדה,0,45502,תכניות מיוחדות,"2,202",0,0,0,0,25-מרץ-14
2014,4,5,עודפים מחוייבים לשנת 2014 (50%),5,עודפים,3,הודעה לועדה,0,46001,מנהלת השירות,"29,821",0,0,0,0,30-מרץ-14
2014,4,6,העברת עודפים מנהלת השירות האזרחי,8,לרזרבה כללית,2,אישור ועדה,7,46001,מנהלת השירות,"-29,821",0,0,0,0,30-מרץ-14
2014,4,6,העברת עודפים מנהלת השירות האזרחי,8,לרזרבה כללית,2,אישור ועדה,7,470102,תוכנית מעבר - רזרבה,"29,821",0,0,0,0,30-מרץ-14
2014,4,8,המשרד לשירותי דת - פנימית 1,7,שינוי פנימי,1,אישור אגף,0,46202,תמיכה בשירותי דת,0,0,0,0,0,30-אפר-14
2014,5,1,הפחתה 1,1,קיצוץ,2,אישור ועדה,9000,55301,רזרבה,"-18,451",0,0,0,0,27-ינו-14
2014,5,3,קליטת 80% מהעודפים,5,עודפים,3,הודעה לועדה,0,55101,מטה משרד האוצר,"100,008",0,0,0,0,25-מרץ-14
2014,5,3,קליטת 80% מהעודפים,5,עודפים,3,הודעה לועדה,0,55102,אגף התקציבים,"1,105",0,0,0,0,25-מרץ-14
2014,5,3,קליטת 80% מהעודפים,5,עודפים,3,הודעה לועדה,0,55104,החשב הכללי,"28,808",0,0,0,0,25-מרץ-14
2014,5,3,קליטת 80% מהעודפים,5,עודפים,3,הודעה לועדה,0,55105,"שוק ההון, ביטוח וחסכון","18,686",0,0,0,0,25-מרץ-14
2014,5,3,קליטת 80% מהעודפים,5,עודפים,3,הודעה לועדה,0,55106,שכר והסכמי עבודה,"3,474",0,0,0,0,25-מרץ-14
2014,5,3,קליטת 80% מהעודפים,5,עודפים,3,הודעה לועדה,0,55107,"מחקר, כלכלה והכנסות",805,0,0,0,0,25-מרץ-14
2014,5,3,קליטת 80% מהעודפים,5,עודפים,3,הודעה לועדה,0,55108,"פעולות בחו""ל","1,799",0,0,0,0,25-מרץ-14
2014,5,3,קליטת 80% מהעודפים,5,עודפים,3,הודעה לועדה,0,55110,התקשוב הממשלתי,"1,393",0,0,0,0,25-מרץ-14
2014,5,3,קליטת 80% מהעודפים,5,עודפים,3,הודעה לועדה,0,55111,מנהל הדיור והרכש,"3,289",0,0,0,0,25-מרץ-14
2014,5,3,קליטת 80% מהעודפים,5,עודפים,3,הודעה לועדה,0,55112,רשות החברות הממשלתיות,"10,765",0,0,0,0,25-מרץ-14
2014,5,3,קליטת 80% מהעודפים,5,עודפים,3,הודעה לועדה,0,55113,מנהל הרכב הממשלתי,"55,517",0,0,0,0,25-מרץ-14
2014,5,3,קליטת 80% מהעודפים,5,עודפים,3,הודעה לועדה,0,55201,רשות המיסים ראשי,"126,994",0,0,0,0,25-מרץ-14
2014,5,3,קליטת 80% מהעודפים,5,עודפים,3,הודעה לועדה,0,55202,שירותי עיבוד ממוכנים,"17,687",0,0,0,0,25-מרץ-14
2014,6,1,הפחתה 1,1,קיצוץ,2,אישור ועדה,9000,62901,רזרבה להתייקרויות +,-328,0,0,0,0,27-ינו-14
2014,6,1,הפחתה 1,1,קיצוץ,2,אישור ועדה,9000,63004,רזרבות,-385,0,0,0,0,27-ינו-14
2014,6,3,פניית עודפים 50% - מרץ 2014,5,עודפים,3,הודעה לועדה,0,62001,כללי,"39,546",0,0,0,0,25-מרץ-14
2014,6,3,פניית עודפים 50% - מרץ 2014,5,עודפים,3,הודעה לועדה,0,62101,הפיקוח הארצי על,"6,810",0,0,0,0,25-מרץ-14
2014,6,3,פניית עודפים 50% - מרץ 2014,5,עודפים,3,הודעה לועדה,0,62201,שירותי דת שוטפים,"1,822",0,0,0,0,25-מרץ-14
2014,6,3,פניית עודפים 50% - מרץ 2014,5,עודפים,3,הודעה לועדה,0,62202,פיתוח מבני דת,"18,181",0,0,0,0,25-מרץ-14
2014,6,3,פניית עודפים 50% - מרץ 2014,5,עודפים,3,הודעה לועדה,0,62301,כללי,"4,271",0,0,0,0,25-מרץ-14
2014,6,3,פניית עודפים 50% - מרץ 2014,5,עודפים,3,הודעה לועדה,0,63002,"ייעוץ, תפעול ושירותי","14,341",0,0,0,0,25-מרץ-14
2014,6,3,פניית עודפים 50% - מרץ 2014,5,עודפים,3,הודעה לועדה,0,63003,תכניות מתאר,"1,394",0,0,0,0,25-מרץ-14
2014,6,3,פניית עודפים 50% - מרץ 2014,5,עודפים,3,הודעה לועדה,0,63102,תפעול וקניות,"2,262",0,0,0,0,25-מרץ-14
2014,7,1,הפחתה 1,1,קיצוץ,2,אישור ועדה,9000,75003,רזרבות - משרד לבטחון,"-3,035",0,0,0,0,27-ינו-14
2014,7,1,הפחתה 1,1,קיצוץ,2,אישור ועדה,9000,75502,קניות,-126,0,0,0,0,27-ינו-14
2014,7,1,הפחתה 1,1,קיצוץ,2,אישור ועדה,9000,76003,רזרבה - כבאות,-786,0,0,0,0,27-ינו-14
2014,7,1,הפחתה 1,1,קיצוץ,2,אישור ועדה,9000,77004,"רזרבות - שב""ס","-3,957",0,0,0,0,27-ינו-14
2014,7,1,הפחתה 1,1,קיצוץ,2,אישור ועדה,9000,78007,רזרבות משטרה,"-8,489",0,0,0,0,27-ינו-14
2014,7,3,שינוי תקציבי,5,עודפים,3,הודעה לועדה,0,75001,שכר,"6,327",0,0,0,0,19-מרץ-14
2014,7,3,שינוי תקציבי,5,עודפים,3,הודעה לועדה,0,75002,קניות,"415,891",0,0,0,0,19-מרץ-14
2014,7,3,שינוי תקציבי,5,עודפים,3,הודעה לועדה,0,75502,קניות,"23,820",0,0,0,0,19-מרץ-14
2014,7,3,שינוי תקציבי,5,עודפים,3,הודעה לועדה,0,76002,קניות ופיתוח,"147,545",0,0,0,0,19-מרץ-14
2014,7,3,שינוי תקציבי,5,עודפים,3,הודעה לועדה,0,77001,שכר,"5,028",0,0,0,0,19-מרץ-14
2014,7,3,שינוי תקציבי,5,עודפים,3,הודעה לועדה,0,77002,קניות,"39,227",0,0,0,0,19-מרץ-14
2014,7,3,שינוי תקציבי,5,עודפים,3,הודעה לועדה,0,78002,קניות,"11,958",0,0,0,0,19-מרץ-14
2014,7,3,שינוי תקציבי,5,עודפים,3,הודעה לועדה,0,78003,רכישת שירותי כוח אדם,"29,506",0,0,0,0,19-מרץ-14
2014,7,6,שינוי תקציבי - פנימי 1,7,שינוי פנימי,1,אישור אגף,0,77002,קניות,0,0,0,0,0,30-אפר-14
2014,8,1,החפחתה 1,1,קיצוץ,2,אישור ועדה,9000,85601,רזרבות,"-4,778",0,0,0,0,27-ינו-14
2014,8,3,קליטת 80% מהעודפים,5,עודפים,3,הודעה לועדה,0,85101,מטה המשרד,"125,998",0,0,0,0,19-מרץ-14
2014,8,3,קליטת 80% מהעודפים,5,עודפים,3,הודעה לועדה,0,85102,ייעוץ משפטי לממשלה,80,0,0,0,0,19-מרץ-14
2014,8,3,קליטת 80% מהעודפים,5,עודפים,3,הודעה לועדה,0,85103,פרקליטות המדינה,"25,356",0,0,0,0,19-מרץ-14
2014,8,3,קליטת 80% מהעודפים,5,עודפים,3,הודעה לועדה,0,85104,הסניגוריה הציבורית,"7,689",0,0,0,0,19-מרץ-14
2014,8,3,קליטת 80% מהעודפים,5,עודפים,3,הודעה לועדה,0,85105,הסיוע המשפטי,"5,670",0,0,0,0,19-מרץ-14
2014,8,3,קליטת 80% מהעודפים,5,עודפים,3,הודעה לועדה,0,85106,הרשות למשפט וטכנולוגיה,"1,064",0,0,0,0,19-מרץ-14
2014,8,3,קליטת 80% מהעודפים,5,עודפים,3,הודעה לועדה,0,85107,הרשות ליישום חוק איסור,"3,217",0,0,0,0,19-מרץ-14
2014,8,3,קליטת 80% מהעודפים,5,עודפים,3,הודעה לועדה,0,85108,תלונות הציבור על,310,0,0,0,0,19-מרץ-14
2014,8,3,קליטת 80% מהעודפים,5,עודפים,3,הודעה לועדה,0,85109,מנהלת היחידות,55,0,0,0,0,19-מרץ-14
2014,8,3,קליטת 80% מהעודפים,5,עודפים,3,הודעה לועדה,0,85110,רישום והסדר המקרקעין,44,0,0,0,0,19-מרץ-14
2014,8,3,קליטת 80% מהעודפים,5,עודפים,3,הודעה לועדה,0,85112,האפוטרופוס הכללי וכונס,"2,018",0,0,0,0,19-מרץ-14
2014,8,3,קליטת 80% מהעודפים,5,עודפים,3,הודעה לועדה,0,85113,השמאי הממשלתי,"1,441",0,0,0,0,19-מרץ-14
2014,8,3,קליטת 80% מהעודפים,5,עודפים,3,הודעה לועדה,0,85115,היחידה לחקירות שוטרים,534,0,0,0,0,19-מרץ-14
2014,8,3,קליטת 80% מהעודפים,5,עודפים,3,הודעה לועדה,0,85116,נציבות שוויון זכויות,"6,095",0,0,0,0,19-מרץ-14
2014,8,3,קליטת 80% מהעודפים,5,עודפים,3,הודעה לועדה,0,85202,בתי הדין השרעים,441,0,0,0,0,19-מרץ-14
2014,8,3,קליטת 80% מהעודפים,5,עודפים,3,הודעה לועדה,0,85301,בתי הדין,"22,416",0,0,0,0,19-מרץ-14
2014,8,3,קליטת 80% מהעודפים,5,עודפים,3,הודעה לועדה,0,85401,הוצאות שכר,398,0,0,0,0,19-מרץ-14
2014,8,3,קליטת 80% מהעודפים,5,עודפים,3,הודעה לועדה,0,85402,הוצאות תפעול,"100,712",0,0,0,0,19-מרץ-14
2014,8,3,קליטת 80% מהעודפים,5,עודפים,3,הודעה לועדה,0,85501,מערכת ההוצאה לפועל,"81,052",0,0,0,0,19-מרץ-14
2014,9,1,הפחתה 1,1,קיצוץ,2,אישור ועדה,9000,96001,רזרבה להתיקרויות,"-3,430",0,0,0,0,27-ינו-14
2014,9,3,העברת 80% מעודפי תקציב משרד החוץ,5,עודפים,3,הודעה לועדה,0,95101,תפעול מטה בארץ,"17,797",0,0,0,0,25-מרץ-14
2014,9,3,העברת 80% מעודפי תקציב משרד החוץ,5,עודפים,3,הודעה לועדה,0,95102,"תפעול הנציגויות בחו""ל","87,830",0,0,0,0,25-מרץ-14
2014,9,3,העברת 80% מעודפי תקציב משרד החוץ,5,עודפים,3,הודעה לועדה,0,95103,"פעילות דיפלומטית בחו""ל","96,526",0,0,0,0,25-מרץ-14
2014,10,1,הפחתה 1,1,קיצוץ,2,אישור ועדה,9000,105201,רזרבה,-98,0,0,0,0,27-ינו-14
2014,10,3,העברת 80% מעודפי המטה לביטחון לאומי,5,עודפים,3,הודעה לועדה,0,105101,מטה לביטחון לאומי,"16,261",0,0,0,0,19-מרץ-14
2014,12,1,הפחתה 1,1,קיצוץ,2,אישור ועדה,9000,122001,רזרבה,"-32,844",0,0,0,0,27-ינו-14
2014,12,3,עודפי מינהלת הגמלאות,5,עודפים,3,הודעה לועדה,0,121101,גמלאות מקופת המדינה,2,0,0,0,0,19-מרץ-14
2014,12,3,עודפי מינהלת הגמלאות,5,עודפים,3,הודעה לועדה,0,121301,תפעול מנהלת הגמלאות,"10,260",0,0,0,0,19-מרץ-14
2014,12,4,"תע""ש הפרשת עובדים 500",8,לרזרבה כללית,2,אישור ועדה,24,121201,הסדר קרנות הפנסיה,"-500,000",0,0,0,0,23-אפר-14
2014,12,4,"תע""ש הפרשת עובדים 500",8,לרזרבה כללית,2,אישור ועדה,24,470102,תוכנית מעבר - רזרבה,"500,000",0,0,0,0,23-אפר-14
2014,13,1,הפחתה 1,1,קיצוץ,2,אישור ועדה,9000,130105,הוצאות שונות,"-63,872",0,0,0,0,27-ינו-14
2014,13,1,הפחתה 1,1,קיצוץ,2,אישור ועדה,9000,130110,שיפוי רשויות מקומיות,"-5,000",0,0,0,0,27-ינו-14
2014,13,1,הפחתה 1,1,קיצוץ,2,אישור ועדה,9000,130119,מימון הכח הרב לאומי,"-3,840",0,0,0,0,27-ינו-14
2014,13,3,קליטת 80% מהעודפים,5,עודפים,3,הודעה לועדה,0,130103,הקלות במיסים,101,0,0,0,0,19-מרץ-14
2014,13,3,קליטת 80% מהעודפים,5,עודפים,3,הודעה לועדה,0,130105,הוצאות שונות,"45,601",0,0,0,0,19-מרץ-14
2014,13,3,קליטת 80% מהעודפים,5,עודפים,3,הודעה לועדה,0,130108,השתתפות בחברה למפעלי,"7,200",0,0,0,0,19-מרץ-14
2014,13,3,קליטת 80% מהעודפים,5,עודפים,3,הודעה לועדה,0,130110,שיפוי רשויות מקומיות,"117,202",0,0,0,0,19-מרץ-14
2014,13,3,קליטת 80% מהעודפים,5,עודפים,3,הודעה לועדה,0,130120,פיתוח והפעלת תוכניות,563,0,0,0,0,19-מרץ-14
2014,13,3,קליטת 80% מהעודפים,5,עודפים,3,הודעה לועדה,0,130122,הפרטת בנקים,"1,094",0,0,0,0,19-מרץ-14
2014,13,3,קליטת 80% מהעודפים,5,עודפים,3,הודעה לועדה,0,130123,"פדיון אג""ח וניהול","2,141",0,0,0,0,19-מרץ-14
2014,13,3,קליטת 80% מהעודפים,5,עודפים,3,הודעה לועדה,0,130126,ניהול קרנות הון סיכון,173,0,0,0,0,19-מרץ-14
2014,13,3,קליטת 80% מהעודפים,5,עודפים,3,הודעה לועדה,0,130202,העברות לרשות השידור,"13,250",0,0,0,0,19-מרץ-14
2014,13,4,העברת תקציב לתשלום מס הכנסה שלילי,7,שינוי פנימי,1,אישור אגף,0,130105,הוצאות שונות,0,0,0,0,0,30-מרץ-14
2014,13,5,הסתה פנימית - ייעוץ,7,שינוי פנימי,1,אישור אגף,0,130105,הוצאות שונות,0,0,0,0,0,31-מרץ-14
2014,13,6,קליטה 137.45,8,לרזרבה כללית,2,אישור ועדה,17,130105,הוצאות שונות,"-137,454",0,0,0,0,07-אפר-14
2014,13,6,קליטה 137.45,8,לרזרבה כללית,2,אישור ועדה,17,470102,תוכנית מעבר - רזרבה,"137,454",0,0,0,0,07-אפר-14
2014,13,7,העברה לסעיף 38,8,לרזרבה כללית,2,אישור ועדה,19,130105,הוצאות שונות,"-17,626",0,0,0,0,07-אפר-14
2014,13,7,העברה לסעיף 38,8,לרזרבה כללית,2,אישור ועדה,19,470102,תוכנית מעבר - רזרבה,"17,626",0,0,0,0,07-אפר-14
2014,14,1,הפחתה 1,1,קיצוץ,2,אישור ועדה,9000,149001,רזרבה להתייקרויות +,-160,0,0,0,0,27-ינו-14
2014,14,2,פניית עודפים 80% - מרץ 2013,5,עודפים,3,הודעה לועדה,0,142001,הכנות לקראת הבחירות,"11,615",0,0,0,0,25-מרץ-14
2014,15,2,תגבור תקציב משרד הביטחון - הפרטת תעש,9,מרזרבה כללית,2,אישור ועדה,26,150102,תקציב הביטחון,"170,000",0,0,"1,800,000",15,23-אפר-14
2014,15,2,תגבור תקציב משרד הביטחון - הפרטת תעש,9,מרזרבה כללית,2,אישור ועדה,26,155001,תקצוב פרוייקט מעבר תעש,0,0,0,"80,000",0,23-אפר-14
2014,15,2,תגבור תקציב משרד הביטחון - הפרטת תעש,9,מרזרבה כללית,2,אישור ועדה,26,470101,רזרבה כללית,0,0,0,"-1,880,000",-15,23-אפר-14
2014,15,2,תגבור תקציב משרד הביטחון - הפרטת תעש,9,מרזרבה כללית,2,אישור ועדה,26,470102,תוכנית מעבר - רזרבה,"-170,000",0,0,0,0,23-אפר-14
2014,16,1,הפחתה 1,1,קיצוץ,2,אישור ועדה,9000,161801,רזרבה,"-1,565",0,0,0,0,27-ינו-14
2014,16,3,העברת 80% מעודפי תקציב 2013 ל-2014,5,עודפים,3,הודעה לועדה,0,161302,ציוד איום בלתי,"74,296",0,0,0,0,25-מרץ-14
2014,16,3,העברת 80% מעודפי תקציב 2013 ל-2014,5,עודפים,3,הודעה לועדה,0,161303,"מענה רפואי, טיהור,","16,635",0,0,0,0,25-מרץ-14
2014,16,3,העברת 80% מעודפי תקציב 2013 ל-2014,5,עודפים,3,הודעה לועדה,0,161304,מרכז חומרים מסוכנים,88,0,0,0,0,25-מרץ-14
2014,16,3,העברת 80% מעודפי תקציב 2013 ל-2014,5,עודפים,3,הודעה לועדה,0,161501,כיבוי אש,"11,556",0,0,0,0,25-מרץ-14
2014,16,3,העברת 80% מעודפי תקציב 2013 ל-2014,5,עודפים,3,הודעה לועדה,0,161602,הקמה ואחזקת מרכיבי,"87,491",0,0,0,0,25-מרץ-14
2014,16,3,העברת 80% מעודפי תקציב 2013 ל-2014,5,עודפים,3,הודעה לועדה,0,161603,מיגון הניוד ביהודה,"19,762",0,0,0,0,25-מרץ-14
2014,16,3,העברת 80% מעודפי תקציב 2013 ל-2014,5,עודפים,3,הודעה לועדה,0,161604,מיגון יישובי סובב עזה,"54,088",0,0,0,0,25-מרץ-14
2014,16,3,העברת 80% מעודפי תקציב 2013 ל-2014,5,עודפים,3,הודעה לועדה,0,161702,תפעול המשרד להגנת העורף,"31,222",0,0,0,0,25-מרץ-14
2014,16,3,העברת 80% מעודפי תקציב 2013 ל-2014,5,עודפים,3,הודעה לועדה,0,161703,חיזוק עורף לאומי,"89,790",0,0,0,0,25-מרץ-14
2014,17,1,הפחתה 1,1,קיצוץ,2,אישור ועדה,9000,173201,מפקדה,-199,0,0,0,0,27-ינו-14
2014,17,1,הפחתה 1,1,קיצוץ,2,אישור ועדה,9000,173303,פעולות,-32,0,0,0,0,27-ינו-14
2014,17,3,שינוי תקציבי,5,עודפים,3,הודעה לועדה,0,173101,מטה צבאי,"17,918",0,0,0,0,25-מרץ-14
2014,17,3,שינוי תקציבי,5,עודפים,3,הודעה לועדה,0,173103,מטה אזרחי,"9,668",0,0,0,0,25-מרץ-14
2014,17,3,שינוי תקציבי,5,עודפים,3,הודעה לועדה,0,173104,תפיסות ופיקדונות,"5,793",0,0,0,0,25-מרץ-14
2014,17,3,שינוי תקציבי,5,עודפים,3,הודעה לועדה,0,173105,ארכיאולוגיה,"3,095",0,0,0,0,25-מרץ-14
2014,17,3,שינוי תקציבי,5,עודפים,3,הודעה לועדה,0,173108,יחידת הפיקוח,862,0,0,0,0,25-מרץ-14
2014,17,3,שינוי תקציבי,5,עודפים,3,הודעה לועדה,0,173109,פיתוח האזור,"51,225",0,0,0,0,25-מרץ-14
2014,17,3,שינוי תקציבי,5,עודפים,3,הודעה לועדה,0,173201,מפקדה,"3,685",0,0,0,0,25-מרץ-14
2014,17,3,שינוי תקציבי,5,עודפים,3,הודעה לועדה,0,173301,מטה,619,0,0,0,0,25-מרץ-14
2014,17,3,שינוי תקציבי,5,עודפים,3,הודעה לועדה,0,173303,פעולות,89,0,0,0,0,25-מרץ-14
2014,18,1,הפחתה 1,1,קיצוץ,2,אישור ועדה,9000,189001,רזרבה להתייקרויות +,-332,0,0,0,0,27-ינו-14
2014,18,3,פניית עודפים 80% - מרץ 2014,5,עודפים,3,הודעה לועדה,0,181101,כללי,"588,527",0,0,0,0,25-מרץ-14
2014,19,1,הפחתה 1,1,קיצוץ,2,אישור ועדה,9000,194402,רזרבה לעמידה בכלל,-158,0,0,0,0,27-ינו-14
2014,19,3,העברת 80% מהעודפים המחוביים לתקציב 2014,5,עודפים,3,הודעה לועדה,0,194001,מדע וקהילה,"25,885",0,0,0,0,25-מרץ-14
2014,19,3,העברת 80% מהעודפים המחוביים לתקציב 2014,5,עודפים,3,הודעה לועדה,0,194002,מחקר תשתיתי,"11,721",0,0,0,0,25-מרץ-14
2014,19,3,העברת 80% מהעודפים המחוביים לתקציב 2014,5,עודפים,3,הודעה לועדה,0,194003,פעילות בינלאומית,"9,633",0,0,0,0,25-מרץ-14
2014,19,3,העברת 80% מהעודפים המחוביים לתקציב 2014,5,עודפים,3,הודעה לועדה,0,194004,המועצה הלאומית למחקר,"4,753",0,0,0,0,25-מרץ-14
2014,19,3,העברת 80% מהעודפים המחוביים לתקציב 2014,5,עודפים,3,הודעה לועדה,0,194101,שכר,1,0,0,0,0,25-מרץ-14
2014,19,3,העברת 80% מהעודפים המחוביים לתקציב 2014,5,עודפים,3,הודעה לועדה,0,194102,תפעול,"9,118",0,0,0,0,25-מרץ-14
2014,19,3,העברת 80% מהעודפים המחוביים לתקציב 2014,5,עודפים,3,הודעה לועדה,0,194201,רשות העתיקות,"4,200",0,0,0,0,25-מרץ-14
2014,19,3,העברת 80% מהעודפים המחוביים לתקציב 2014,5,עודפים,3,הודעה לועדה,0,194202,מינהל התרבות,"139,955",0,0,0,0,25-מרץ-14
2014,19,3,העברת 80% מהעודפים המחוביים לתקציב 2014,5,עודפים,3,הודעה לועדה,0,194301,תמיכה בספורט,"39,957",0,0,0,0,25-מרץ-14
2014,19,3,העברת 80% מהעודפים המחוביים לתקציב 2014,5,עודפים,3,הודעה לועדה,0,194302,הרשות לנהיגה ספורטיבית,"2,348",0,0,0,0,25-מרץ-14
2014,20,1,החפחתה,1,קיצוץ,2,אישור ועדה,9000,202120,רזרבה להתייקרויות,"-11,046",0,0,0,0,27-ינו-14
2014,20,5,העברת 50% מעודפי משרד החינוך,5,עודפים,3,הודעה לועדה,0,202102,פעולות לשכת הדובר,"4,694",0,0,0,0,25-מרץ-14
2014,20,5,העברת 50% מעודפי משרד החינוך,5,עודפים,3,הודעה לועדה,0,202103,פעולות החשב,"7,206",0,0,0,0,25-מרץ-14
2014,20,5,העברת 50% מעודפי משרד החינוך,5,עודפים,3,הודעה לועדה,0,202104,פרסי ישראל,106,0,0,0,0,25-מרץ-14
2014,20,5,העברת 50% מעודפי משרד החינוך,5,עודפים,3,הודעה לועדה,0,202105,מיכון,"15,310",0,0,0,0,25-מרץ-14
2014,20,5,העברת 50% מעודפי משרד החינוך,5,עודפים,3,הודעה לועדה,0,202106,ארגוני הורים,56,0,0,0,0,25-מרץ-14
2014,20,5,העברת 50% מעודפי משרד החינוך,5,עודפים,3,הודעה לועדה,0,202107,מחקרים וסטטיסטיקה,"5,648",0,0,0,0,25-מרץ-14
2014,20,5,העברת 50% מעודפי משרד החינוך,5,עודפים,3,הודעה לועדה,0,202108,קשרי חוץ,"15,988",0,0,0,0,25-מרץ-14
2014,20,5,העברת 50% מעודפי משרד החינוך,5,עודפים,3,הודעה לועדה,0,202109,התאמת מערכת החינוך,"10,556",0,0,0,0,25-מרץ-14
2014,20,5,העברת 50% מעודפי משרד החינוך,5,עודפים,3,הודעה לועדה,0,202111,אגף החינוך הדתי,"10,995",0,0,0,0,25-מרץ-14
2014,20,5,העברת 50% מעודפי משרד החינוך,5,עודפים,3,הודעה לועדה,0,202112,פעולות ויוזמות במערכת,338,0,0,0,0,25-מרץ-14
2014,20,5,העברת 50% מעודפי משרד החינוך,5,עודפים,3,הודעה לועדה,0,202116,הרשות הארצית למדידה,"20,898",0,0,0,0,25-מרץ-14
2014,20,5,העברת 50% מעודפי משרד החינוך,5,עודפים,3,הודעה לועדה,0,202203,השתלמות והדרכה,"4,949",0,0,0,0,25-מרץ-14
2014,20,5,העברת 50% מעודפי משרד החינוך,5,עודפים,3,הודעה לועדה,0,202204,אחזקת המשרד,"16,552",0,0,0,0,25-מרץ-14
2014,20,5,העברת 50% מעודפי משרד החינוך,5,עודפים,3,הודעה לועדה,0,202206,ביטחון ובטיחות במוסדות,"12,035",0,0,0,0,25-מרץ-14
2014,20,5,העברת 50% מעודפי משרד החינוך,5,עודפים,3,הודעה לועדה,0,202302,פעולות מיוחדות למורים,"1,744",0,0,0,0,25-מרץ-14
2014,20,5,העברת 50% מעודפי משרד החינוך,5,עודפים,3,הודעה לועדה,0,202305,מוסדות להכשרת מורים,"16,135",0,0,0,0,25-מרץ-14
2014,20,5,העברת 50% מעודפי משרד החינוך,5,עודפים,3,הודעה לועדה,0,202306,הלוואות מותנות לתלמידי,"7,681",0,0,0,0,25-מרץ-14
2014,20,5,העברת 50% מעודפי משרד החינוך,5,עודפים,3,הודעה לועדה,0,202307,מרכזים פדגוגיים,853,0,0,0,0,25-מרץ-14
2014,20,5,העברת 50% מעודפי משרד החינוך,5,עודפים,3,הודעה לועדה,0,202308,השתלמות מורים וגננות,"59,236",0,0,0,0,25-מרץ-14
2014,20,5,העברת 50% מעודפי משרד החינוך,5,עודפים,3,הודעה לועדה,0,202310,קרנות ומענקי השתלמות,"2,339",0,0,0,0,25-מרץ-14
2014,20,5,העברת 50% מעודפי משרד החינוך,5,עודפים,3,הודעה לועדה,0,202311,פיתוח מנהיגות בית,"12,236",0,0,0,0,25-מרץ-14
2014,20,5,העברת 50% מעודפי משרד החינוך,5,עודפים,3,הודעה לועדה,0,202401,תכניות לקידום החינוך,"16,849",0,0,0,0,25-מרץ-14
2014,20,5,העברת 50% מעודפי משרד החינוך,5,עודפים,3,הודעה לועדה,0,202402,שירותי חינוך ורווחה,"16,200",0,0,0,0,25-מרץ-14
2014,20,5,העברת 50% מעודפי משרד החינוך,5,עודפים,3,הודעה לועדה,0,202405,הוראת המקצועות תוכניות,"52,395",0,0,0,0,25-מרץ-14
2014,20,5,העברת 50% מעודפי משרד החינוך,5,עודפים,3,הודעה לועדה,0,202408,שירות פסיכולוגי,"8,646",0,0,0,0,25-מרץ-14
2014,20,5,העברת 50% מעודפי משרד החינוך,5,עודפים,3,הודעה לועדה,0,202409,חינוך יהודי בתפוצות,"10,412",0,0,0,0,25-מרץ-14
2014,20,5,העברת 50% מעודפי משרד החינוך,5,עודפים,3,הודעה לועדה,0,202410,תמיכות מיוחדות,135,0,0,0,0,25-מרץ-14
2014,20,5,העברת 50% מעודפי משרד החינוך,5,עודפים,3,הודעה לועדה,0,202411,כח עזר פדגוגי,"6,154",0,0,0,0,25-מרץ-14
2014,20,5,העברת 50% מעודפי משרד החינוך,5,עודפים,3,הודעה לועדה,0,202412,"מתנס""ים","18,266",0,0,0,0,25-מרץ-14
2014,20,5,העברת 50% מעודפי משרד החינוך,5,עודפים,3,הודעה לועדה,0,202414,חינוך לא פורמאלי,"71,980",0,0,0,0,25-מרץ-14
2014,20,5,העברת 50% מעודפי משרד החינוך,5,עודפים,3,הודעה לועדה,0,202416,חינוך מבוגרים,"11,304",0,0,0,0,25-מרץ-14
2014,20,5,העברת 50% מעודפי משרד החינוך,5,עודפים,3,הודעה לועדה,0,202417,תוכניות ויוזמות,"14,653",0,0,0,0,25-מרץ-14
2014,20,5,העברת 50% מעודפי משרד החינוך,5,עודפים,3,הודעה לועדה,0,202418,חינוך לדמוקרטיה ויהדות,"7,059",0,0,0,0,25-מרץ-14
2014,20,5,העברת 50% מעודפי משרד החינוך,5,עודפים,3,הודעה לועדה,0,202419,המזכירות הפדגוגית,"2,315",0,0,0,0,25-מרץ-14
2014,20,5,העברת 50% מעודפי משרד החינוך,5,עודפים,3,הודעה לועדה,0,202420,הטמעת הרפורמה במערכת,"2,968",0,0,0,0,25-מרץ-14
2014,20,5,העברת 50% מעודפי משרד החינוך,5,עודפים,3,הודעה לועדה,0,202505,פעילות בחינוך קדם יסודי,257,0,0,0,0,25-מרץ-14
2014,20,5,העברת 50% מעודפי משרד החינוך,5,עודפים,3,הודעה לועדה,0,202602,שירותי חינוך ורווחה,"19,870",0,0,0,0,25-מרץ-14
2014,20,5,העברת 50% מעודפי משרד החינוך,5,עודפים,3,הודעה לועדה,0,202605,הוראת המקצועות תוכניות,"14,307",0,0,0,0,25-מרץ-14
2014,20,5,העברת 50% מעודפי משרד החינוך,5,עודפים,3,הודעה לועדה,0,202609,שירותי עזר במערכת,"5,332",0,0,0,0,25-מרץ-14
2014,20,5,העברת 50% מעודפי משרד החינוך,5,עודפים,3,הודעה לועדה,0,202611,שעות תקן-חינוך יסודי,"4,645",0,0,0,0,25-מרץ-14
2014,20,5,העברת 50% מעודפי משרד החינוך,5,עודפים,3,הודעה לועדה,0,202612,חינוך מיוחד,"12,373",0,0,0,0,25-מרץ-14
2014,20,5,העברת 50% מעודפי משרד החינוך,5,עודפים,3,הודעה לועדה,0,202615,ילדים מחוננים,"3,200",0,0,0,0,25-מרץ-14
2014,20,5,העברת 50% מעודפי משרד החינוך,5,עודפים,3,הודעה לועדה,0,202619,יישום חוק יום לימודים,"102,764",0,0,0,0,25-מרץ-14
2014,20,5,העברת 50% מעודפי משרד החינוך,5,עודפים,3,הודעה לועדה,0,202705,הוראת המקצועות תוכניות,"12,130",0,0,0,0,25-מרץ-14
2014,20,5,העברת 50% מעודפי משרד החינוך,5,עודפים,3,הודעה לועדה,0,202706,חינוך טכנולוגי ומדעי,"94,964",0,0,0,0,25-מרץ-14
2014,20,5,העברת 50% מעודפי משרד החינוך,5,עודפים,3,הודעה לועדה,0,202709,שכר לימוד על יסודי,"68,242",0,0,0,0,25-מרץ-14
2014,20,5,העברת 50% מעודפי משרד החינוך,5,עודפים,3,הודעה לועדה,0,202710,אגף הבחינות,"15,977",0,0,0,0,25-מרץ-14
2014,20,5,העברת 50% מעודפי משרד החינוך,5,עודפים,3,הודעה לועדה,0,202711,מלגות ומענקים לתלמידים,"11,714",0,0,0,0,25-מרץ-14
2014,20,5,העברת 50% מעודפי משרד החינוך,5,עודפים,3,הודעה לועדה,0,202712,קידום ועידוד החינוך העל,"5,877",0,0,0,0,25-מרץ-14
2014,20,5,העברת 50% מעודפי משרד החינוך,5,עודפים,3,הודעה לועדה,0,202715,תמיכה בנוער מחונן,321,0,0,0,0,25-מרץ-14
2014,20,5,העברת 50% מעודפי משרד החינוך,5,עודפים,3,הודעה לועדה,0,202801,עובדי האגף,155,0,0,0,0,25-מרץ-14
2014,20,5,העברת 50% מעודפי משרד החינוך,5,עודפים,3,הודעה לועדה,0,202803,אמרכלות,"1,999",0,0,0,0,25-מרץ-14
2014,20,5,העברת 50% מעודפי משרד החינוך,5,עודפים,3,הודעה לועדה,0,202804,אחזקת תלמידים בפנימיות,"23,289",0,0,0,0,25-מרץ-14
2014,20,5,העברת 50% מעודפי משרד החינוך,5,עודפים,3,הודעה לועדה,0,202805,שירותי עזר ביסודי ז'-ט',"1,251",0,0,0,0,25-מרץ-14
2014,20,5,העברת 50% מעודפי משרד החינוך,5,עודפים,3,הודעה לועדה,0,202806,חינוך והוראה-שכר מורים,11,0,0,0,0,25-מרץ-14
2014,20,5,העברת 50% מעודפי משרד החינוך,5,עודפים,3,הודעה לועדה,0,202808,תמיכה בבתי ספר,"3,692",0,0,0,0,25-מרץ-14
2014,20,5,העברת 50% מעודפי משרד החינוך,5,עודפים,3,הודעה לועדה,0,202809,חינוך ימי תמיכה,"3,077",0,0,0,0,25-מרץ-14
2014,20,5,העברת 50% מעודפי משרד החינוך,5,עודפים,3,הודעה לועדה,0,202810,"ביה""ס הממשלתי בימה",320,0,0,0,0,25-מרץ-14
2014,20,5,העברת 50% מעודפי משרד החינוך,5,עודפים,3,הודעה לועדה,0,202811,"ביה""ס הממשלתי עין כרם",647,0,0,0,0,25-מרץ-14
2014,20,5,העברת 50% מעודפי משרד החינוך,5,עודפים,3,הודעה לועדה,0,202812,"ביה""ס הממשלתי אשל",925,0,0,0,0,25-מרץ-14
2014,20,5,העברת 50% מעודפי משרד החינוך,5,עודפים,3,הודעה לועדה,0,202813,"ביה""ס הממשלתי כדורי","3,058",0,0,0,0,25-מרץ-14
2014,20,5,העברת 50% מעודפי משרד החינוך,5,עודפים,3,הודעה לועדה,0,202817,הוראת החקלאות ומקצועות,"9,245",0,0,0,0,25-מרץ-14
2014,20,5,העברת 50% מעודפי משרד החינוך,5,עודפים,3,הודעה לועדה,0,202819,שעורי עזר ופעולות טפוח,163,0,0,0,0,25-מרץ-14
2014,20,5,העברת 50% מעודפי משרד החינוך,5,עודפים,3,הודעה לועדה,0,202820,שכר לימוד על יסודי,375,0,0,0,0,25-מרץ-14
2014,20,5,העברת 50% מעודפי משרד החינוך,5,עודפים,3,הודעה לועדה,0,202908,חינוך עצמאי,"28,462",0,0,0,0,25-מרץ-14
2014,20,5,העברת 50% מעודפי משרד החינוך,5,עודפים,3,הודעה לועדה,0,202909,פעולות החינוך העצמאי,516,0,0,0,0,25-מרץ-14
2014,20,5,העברת 50% מעודפי משרד החינוך,5,עודפים,3,הודעה לועדה,0,202910,חינוך מוכר אחר,913,0,0,0,0,25-מרץ-14
2014,20,5,העברת 50% מעודפי משרד החינוך,5,עודפים,3,הודעה לועדה,0,202915,מעיין החינוך התורני,"12,704",0,0,0,0,25-מרץ-14
2014,20,5,העברת 50% מעודפי משרד החינוך,5,עודפים,3,הודעה לועדה,0,203003,ישובים נתמכים,"3,280",0,0,0,0,25-מרץ-14
2014,20,5,העברת 50% מעודפי משרד החינוך,5,עודפים,3,הודעה לועדה,0,203004,ייעוץ ופיקוח על הבניה,"1,695",0,0,0,0,25-מרץ-14
2014,20,5,העברת 50% מעודפי משרד החינוך,5,עודפים,3,הודעה לועדה,0,203005,הסעת תלמידים,"9,209",0,0,0,0,25-מרץ-14
2014,20,5,העברת 50% מעודפי משרד החינוך,5,עודפים,3,הודעה לועדה,0,203007,בתי ספר חקלאיים,"8,089",0,0,0,0,25-מרץ-14
2014,20,5,העברת 50% מעודפי משרד החינוך,5,עודפים,3,הודעה לועדה,0,203009,פיתוח לטלויזיה הלימודית,662,0,0,0,0,25-מרץ-14
2014,20,5,העברת 50% מעודפי משרד החינוך,5,עודפים,3,הודעה לועדה,0,203011,מענקים לפיתוח מבני,536,0,0,0,0,25-מרץ-14
2014,20,5,העברת 50% מעודפי משרד החינוך,5,עודפים,3,הודעה לועדה,0,203013,שיפוץ מבני חינוך,"1,873",0,0,0,0,25-מרץ-14
2014,20,5,העברת 50% מעודפי משרד החינוך,5,עודפים,3,הודעה לועדה,0,203015,"שיפוצים והצטיידות בבי""ס","14,906",0,0,0,0,25-מרץ-14
2014,20,5,העברת 50% מעודפי משרד החינוך,5,עודפים,3,הודעה לועדה,0,203120,מוסדות להשכלה,2,0,0,0,0,25-מרץ-14
2014,20,5,העברת 50% מעודפי משרד החינוך,5,עודפים,3,הודעה לועדה,0,203122,תרבות יהודית,"19,437",0,0,0,0,25-מרץ-14
2014,20,5,העברת 50% מעודפי משרד החינוך,5,עודפים,3,הודעה לועדה,0,203202,"חינוך גופני בבתיה""ס","1,254",0,0,0,0,25-מרץ-14
2014,20,5,העברת 50% מעודפי משרד החינוך,5,עודפים,3,הודעה לועדה,0,203301,כח אדם,985,0,0,0,0,25-מרץ-14
2014,20,5,העברת 50% מעודפי משרד החינוך,5,עודפים,3,הודעה לועדה,0,203302,הפקות עצמיות,"8,877",0,0,0,0,25-מרץ-14
2014,20,5,העברת 50% מעודפי משרד החינוך,5,עודפים,3,הודעה לועדה,0,203303,הוצאות שידור,"1,611",0,0,0,0,25-מרץ-14
2014,20,5,העברת 50% מעודפי משרד החינוך,5,עודפים,3,הודעה לועדה,0,203304,הנהלה וכלליות,"2,053",0,0,0,0,25-מרץ-14
2014,20,5,העברת 50% מעודפי משרד החינוך,5,עודפים,3,הודעה לועדה,0,203804,תמיכה בכוללים,408,0,0,0,0,25-מרץ-14
2014,20,5,העברת 50% מעודפי משרד החינוך,5,עודפים,3,הודעה לועדה,0,203812,תמיכות ומענקים למוסדות,"1,914",0,0,0,0,25-מרץ-14
2014,20,5,העברת 50% מעודפי משרד החינוך,5,עודפים,3,הודעה לועדה,0,203821,מלגת לימודים,"1,036",0,0,0,0,25-מרץ-14
2014,23,1,הפחתה 1,1,קיצוץ,2,אישור ועדה,9000,230902,רזרבה להתייקרויות,"-22,527",0,0,0,0,27-ינו-14
2014,23,4,תקצוב שירותי רווחה,6,הגדלה רגילה,2,אישור ועדה,5,230101,מטה המשרד - כוח אדם,0,0,0,0,8,25-מרץ-14
2014,23,4,תקצוב שירותי רווחה,6,הגדלה רגילה,2,אישור ועדה,5,230110,שרותים מרכזיים משרד,250,610,-610,0,0,25-מרץ-14
2014,23,4,תקצוב שירותי רווחה,6,הגדלה רגילה,2,אישור ועדה,5,230111,תכנון תקציבי,0,0,0,0,0,25-מרץ-14
2014,23,4,תקצוב שירותי רווחה,6,הגדלה רגילה,2,אישור ועדה,5,230112,"האגף למערכות מידע,",50,0,0,0,0,25-מרץ-14
2014,23,4,תקצוב שירותי רווחה,6,הגדלה רגילה,2,אישור ועדה,5,230118,סיוע לניצולי שואה,0,0,0,0,0,25-מרץ-14
2014,23,4,תקצוב שירותי רווחה,6,הגדלה רגילה,2,אישור ועדה,5,230119,אמרכלות,0,"1,482","-1,482",0,0,25-מרץ-14
2014,23,4,תקצוב שירותי רווחה,6,הגדלה רגילה,2,אישור ועדה,5,230126,בית הספר המרכזי להכשרת,0,895,-895,0,0,25-מרץ-14
2014,23,4,תקצוב שירותי רווחה,6,הגדלה רגילה,2,אישור ועדה,5,230133,ועדות ערר,0,46,-46,0,0,25-מרץ-14
2014,23,4,תקצוב שירותי רווחה,6,הגדלה רגילה,2,אישור ועדה,5,230618,שירותי איבחון,-200,0,0,0,0,25-מרץ-14
2014,23,4,תקצוב שירותי רווחה,6,הגדלה רגילה,2,אישור ועדה,5,230621,נכים במסגרות חוץ,"-7,500",0,0,0,0,25-מרץ-14
2014,23,4,תקצוב שירותי רווחה,6,הגדלה רגילה,2,אישור ועדה,5,230622,טיפול קהילתי וביתי,"8,250",0,0,0,0,25-מרץ-14
2014,23,4,תקצוב שירותי רווחה,6,הגדלה רגילה,2,אישור ועדה,5,230662,שיקום וטיפול בעוור,0,50,-50,0,0,25-מרץ-14
2014,23,4,תקצוב שירותי רווחה,6,הגדלה רגילה,2,אישור ועדה,5,230855,טיפול קהילתי וביתי,-250,0,0,0,0,25-מרץ-14
2014,23,4,תקצוב שירותי רווחה,6,הגדלה רגילה,2,אישור ועדה,5,230880,טיפול חוץ ביתי,0,"31,000","-31,000",0,0,25-מרץ-14
2014,23,4,תקצוב שירותי רווחה,6,הגדלה רגילה,2,אישור ועדה,5,230881,טיפול קהילתי באוטיסטים,"20,000",0,0,0,0,25-מרץ-14
2014,23,4,תקצוב שירותי רווחה,6,הגדלה רגילה,2,אישור ועדה,5,230902,רזרבה להתייקרויות,0,0,0,0,0,25-מרץ-14
2014,23,4,תקצוב שירותי רווחה,6,הגדלה רגילה,2,אישור ועדה,5,231014,אירגון ומינהל ברשויות,-50,355,-355,0,0,25-מרץ-14
2014,23,4,תקצוב שירותי רווחה,6,הגדלה רגילה,2,אישור ועדה,5,231025,פרט ומשפחה - צרכים,"7,500",0,0,0,0,25-מרץ-14
2014,23,4,תקצוב שירותי רווחה,6,הגדלה רגילה,2,אישור ועדה,5,231026,פרט ומשפחה - טיפול,-29,0,0,0,0,25-מרץ-14
2014,23,4,תקצוב שירותי רווחה,6,הגדלה רגילה,2,אישור ועדה,5,231038,השרות לילד ונוער חוץ-,"87,767",0,0,0,0,25-מרץ-14
2014,23,4,תקצוב שירותי רווחה,6,הגדלה רגילה,2,אישור ועדה,5,231039,השרות לילד ונוער טיפול,-531,0,0,0,0,25-מרץ-14
2014,23,4,תקצוב שירותי רווחה,6,הגדלה רגילה,2,אישור ועדה,5,231040,השרות לילד ולנוער -,"-122,550",0,0,0,0,25-מרץ-14
2014,23,4,תקצוב שירותי רווחה,6,הגדלה רגילה,2,אישור ועדה,5,231042,השירות לזקן- טיפול חוץ,-235,0,0,0,0,25-מרץ-14
2014,23,4,תקצוב שירותי רווחה,6,הגדלה רגילה,2,אישור ועדה,5,231072,עבודה קהילתית,778,0,0,0,0,25-מרץ-14
2014,23,4,תקצוב שירותי רווחה,6,הגדלה רגילה,2,אישור ועדה,5,231120,מעונות ממשלתיים - רשות,0,0,0,0,-8,25-מרץ-14
2014,23,4,תקצוב שירותי רווחה,6,הגדלה רגילה,2,אישור ועדה,5,231164,השירות לצעירים צעירות,0,0,0,0,0,25-מרץ-14
2014,23,4,תקצוב שירותי רווחה,6,הגדלה רגילה,2,אישור ועדה,5,231165,השרות לטפול בנערות,"6,750",0,0,0,0,25-מרץ-14
2014,23,4,תקצוב שירותי רווחה,6,הגדלה רגילה,2,אישור ועדה,5,231171,רשות חסות הנוער -,0,172,-172,0,0,25-מרץ-14
2014,23,4,תקצוב שירותי רווחה,6,הגדלה רגילה,2,אישור ועדה,5,231204,פיתוח שרותים למפגר,0,"24,560","-24,560",0,0,25-מרץ-14
2014,23,4,תקצוב שירותי רווחה,6,הגדלה רגילה,2,אישור ועדה,5,231210,שרותי שיקום,0,"2,000","-2,000",0,0,25-מרץ-14
2014,23,5,פניית עודפים,5,עודפים,3,הודעה לועדה,0,230101,מטה המשרד - כוח אדם,504,0,0,0,0,25-מרץ-14
2014,23,5,פניית עודפים,5,עודפים,3,הודעה לועדה,0,230110,שרותים מרכזיים משרד,"19,612",0,0,0,0,25-מרץ-14
2014,23,5,פניית עודפים,5,עודפים,3,הודעה לועדה,0,230111,תכנון תקציבי,"10,390",0,0,0,0,25-מרץ-14
2014,23,5,פניית עודפים,5,עודפים,3,הודעה לועדה,0,230112,"האגף למערכות מידע,","16,679",0,0,0,0,25-מרץ-14
2014,23,5,פניית עודפים,5,עודפים,3,הודעה לועדה,0,230118,סיוע לניצולי שואה,294,0,0,0,0,25-מרץ-14
2014,23,5,פניית עודפים,5,עודפים,3,הודעה לועדה,0,230119,אמרכלות,"5,707",0,0,0,0,25-מרץ-14
2014,23,5,פניית עודפים,5,עודפים,3,הודעה לועדה,0,230126,בית הספר המרכזי להכשרת,"2,849",0,0,0,0,25-מרץ-14
2014,23,5,פניית עודפים,5,עודפים,3,הודעה לועדה,0,230132,שירותי קהילה,"10,560",0,0,0,0,25-מרץ-14
2014,23,5,פניית עודפים,5,עודפים,3,הודעה לועדה,0,230133,ועדות ערר,168,0,0,0,0,25-מרץ-14
2014,23,5,פניית עודפים,5,עודפים,3,הודעה לועדה,0,230618,שירותי איבחון,"5,727",0,0,0,0,25-מרץ-14
2014,23,5,פניית עודפים,5,עודפים,3,הודעה לועדה,0,230621,נכים במסגרות חוץ,"8,090",0,0,0,0,25-מרץ-14
2014,23,5,פניית עודפים,5,עודפים,3,הודעה לועדה,0,230622,טיפול קהילתי וביתי,"29,865",0,0,0,0,25-מרץ-14
2014,23,5,פניית עודפים,5,עודפים,3,הודעה לועדה,0,230662,שיקום וטיפול בעוור,"7,810",0,0,0,0,25-מרץ-14
2014,23,5,פניית עודפים,5,עודפים,3,הודעה לועדה,0,230681,מעונות ממשלתיים לנכים,"1,526",0,0,0,0,25-מרץ-14
2014,23,5,פניית עודפים,5,עודפים,3,הודעה לועדה,0,230850,אבחון אנשים עם פיגור,"6,537",0,0,0,0,25-מרץ-14
2014,23,5,פניית עודפים,5,עודפים,3,הודעה לועדה,0,230855,טיפול קהילתי וביתי,"2,307",0,0,0,0,25-מרץ-14
2014,23,5,פניית עודפים,5,עודפים,3,הודעה לועדה,0,230856,טפול חוץ ביתי,"7,181",0,0,0,0,25-מרץ-14
2014,23,5,פניית עודפים,5,עודפים,3,הודעה לועדה,0,230871,מעונות ממשלתיים,"8,914",0,0,0,0,25-מרץ-14
2014,23,5,פניית עודפים,5,עודפים,3,הודעה לועדה,0,230880,טיפול חוץ ביתי,"3,041",0,0,0,0,25-מרץ-14
2014,23,5,פניית עודפים,5,עודפים,3,הודעה לועדה,0,230881,טיפול קהילתי באוטיסטים,930,0,0,0,0,25-מרץ-14
2014,23,5,פניית עודפים,5,עודפים,3,הודעה לועדה,0,231010,כפר לנופשים לאנשים עם,65,0,0,0,0,25-מרץ-14
2014,23,5,פניית עודפים,5,עודפים,3,הודעה לועדה,0,231013,כוח אדם ברשויות מקומיות,"1,122",0,0,0,0,25-מרץ-14
2014,23,5,פניית עודפים,5,עודפים,3,הודעה לועדה,0,231014,אירגון ומינהל ברשויות,"1,598",0,0,0,0,25-מרץ-14
2014,23,5,פניית עודפים,5,עודפים,3,הודעה לועדה,0,231025,פרט ומשפחה - צרכים,"2,718",0,0,0,0,25-מרץ-14
2014,23,5,פניית עודפים,5,עודפים,3,הודעה לועדה,0,231026,פרט ומשפחה - טיפול,"14,164",0,0,0,0,25-מרץ-14
2014,23,5,פניית עודפים,5,עודפים,3,הודעה לועדה,0,231038,השרות לילד ונוער חוץ-,"67,188",0,0,0,0,25-מרץ-14
2014,23,5,פניית עודפים,5,עודפים,3,הודעה לועדה,0,231039,השרות לילד ונוער טיפול,"9,515",0,0,0,0,25-מרץ-14
2014,23,5,פניית עודפים,5,עודפים,3,הודעה לועדה,0,231040,השרות לילד ולנוער -,"29,617",0,0,0,0,25-מרץ-14
2014,23,5,פניית עודפים,5,עודפים,3,הודעה לועדה,0,231042,השירות לזקן- טיפול חוץ,267,0,0,0,0,25-מרץ-14
2014,23,5,פניית עודפים,5,עודפים,3,הודעה לועדה,0,231043,השירות לזקן טיפול,"6,132",0,0,0,0,25-מרץ-14
2014,23,5,פניית עודפים,5,עודפים,3,הודעה לועדה,0,231051,השרות למען הילד (אימוץ),"2,120",0,0,0,0,25-מרץ-14
2014,23,5,פניית עודפים,5,עודפים,3,הודעה לועדה,0,231072,עבודה קהילתית,"2,741",0,0,0,0,25-מרץ-14
2014,23,5,פניית עודפים,5,עודפים,3,הודעה לועדה,0,231073,תוכנית לטיפול בעולים,"2,046",0,0,0,0,25-מרץ-14
2014,23,5,פניית עודפים,5,עודפים,3,הודעה לועדה,0,231083,חיזוק הצפון ועוטף עזה,85,0,0,0,0,25-מרץ-14
2014,23,5,פניית עודפים,5,עודפים,3,הודעה לועדה,0,231123,שרות המבחן לנוער,"3,013",0,0,0,0,25-מרץ-14
2014,23,5,פניית עודפים,5,עודפים,3,הודעה לועדה,0,231124,שרות המבחן למבוגרים,"2,872",0,0,0,0,25-מרץ-14
2014,23,5,פניית עודפים,5,עודפים,3,הודעה לועדה,0,231125,השירות לטיפול,"1,523",0,0,0,0,25-מרץ-14
2014,23,5,פניית עודפים,5,עודפים,3,הודעה לועדה,0,231126,שיקום אסירים,"2,323",0,0,0,0,25-מרץ-14
2014,23,5,פניית עודפים,5,עודפים,3,הודעה לועדה,0,231132,השירות לשיקום נוער,497,0,0,0,0,25-מרץ-14
2014,23,5,פניית עודפים,5,עודפים,3,הודעה לועדה,0,231134,השירות לשיקום נוער,661,0,0,0,0,25-מרץ-14
2014,23,5,פניית עודפים,5,עודפים,3,הודעה לועדה,0,231164,השירות לצעירים צעירות,"2,317",0,0,0,0,25-מרץ-14
2014,23,5,פניית עודפים,5,עודפים,3,הודעה לועדה,0,231165,השרות לטפול בנערות,"5,718",0,0,0,0,25-מרץ-14
2014,23,5,פניית עודפים,5,עודפים,3,הודעה לועדה,0,231166,רשות חסות הנוער -,"6,574",0,0,0,0,25-מרץ-14
2014,23,5,פניית עודפים,5,עודפים,3,הודעה לועדה,0,231171,רשות חסות הנוער -,"14,228",0,0,0,0,25-מרץ-14
2014,23,5,פניית עודפים,5,עודפים,3,הודעה לועדה,0,231203,מוסדות ולשכות,"36,554",0,0,0,0,25-מרץ-14
2014,23,5,פניית עודפים,5,עודפים,3,הודעה לועדה,0,231204,פיתוח שרותים למפגר,"4,728",0,0,0,0,25-מרץ-14
2014,23,5,פניית עודפים,5,עודפים,3,הודעה לועדה,0,231205,מעונות ומפתנים,"15,003",0,0,0,0,25-מרץ-14
2014,23,5,פניית עודפים,5,עודפים,3,הודעה לועדה,0,231206,התקנות המשרד,"1,060",0,0,0,0,25-מרץ-14
2014,23,5,פניית עודפים,5,עודפים,3,הודעה לועדה,0,231209,שירותים לזקן,650,0,0,0,0,25-מרץ-14
2014,23,5,פניית עודפים,5,עודפים,3,הודעה לועדה,0,231210,שרותי שיקום,"1,424",0,0,0,0,25-מרץ-14
2014,23,5,פניית עודפים,5,עודפים,3,הודעה לועדה,0,231212,תמיכה בפיתוח במגזר,"9,105",0,0,0,0,25-מרץ-14
2014,24,1,הפחתה 1,1,קיצוץ,2,אישור ועדה,9000,243020,רזרבה להתיקרויות- קניות,"-19,030",0,0,0,0,27-ינו-14
2014,24,3,העברה פנימית לתקצוב מענקים למתמחים,7,שינוי פנימי,1,אישור אגף,0,241920,תמיכות והעברות לבתי,0,0,0,0,0,13-פבר-14
2014,24,5,חידוש עודפים,5,עודפים,3,הודעה לועדה,0,240210,מינהל ומשאבי אנוש,"58,731",0,0,0,0,25-מרץ-14
2014,24,5,חידוש עודפים,5,עודפים,3,הודעה לועדה,0,240212,מתמחים בפסיכולוגיה,"1,047",0,0,0,0,25-מרץ-14
2014,24,5,חידוש עודפים,5,עודפים,3,הודעה לועדה,0,240220,חטיבת הבריאות,"6,391",0,0,0,0,25-מרץ-14
2014,24,5,חידוש עודפים,5,עודפים,3,הודעה לועדה,0,240222,מינהל טכנולוגיות,"3,620",0,0,0,0,25-מרץ-14
2014,24,5,חידוש עודפים,5,עודפים,3,הודעה לועדה,0,240230,יחידות מטה,"37,117",0,0,0,0,25-מרץ-14
2014,24,5,חידוש עודפים,5,עודפים,3,הודעה לועדה,0,240260,המרכז הלאומי לבקרת,924,0,0,0,0,25-מרץ-14
2014,24,5,חידוש עודפים,5,עודפים,3,הודעה לועדה,0,240298,שירותי חירום,27,0,0,0,0,25-מרץ-14
2014,24,5,חידוש עודפים,5,עודפים,3,הודעה לועדה,0,240299,שעת חירום,"1,330",0,0,0,0,25-מרץ-14
2014,24,5,חידוש עודפים,5,עודפים,3,הודעה לועדה,0,240403,הכשרת אחיות,"2,736",0,0,0,0,25-מרץ-14
2014,24,5,חידוש עודפים,5,עודפים,3,הודעה לועדה,0,240409,העסקת עולים,8,0,0,0,0,25-מרץ-14
2014,24,5,חידוש עודפים,5,עודפים,3,הודעה לועדה,0,240418,המכון לרפואה משפטית,"2,619",0,0,0,0,25-מרץ-14
2014,24,5,חידוש עודפים,5,עודפים,3,הודעה לועדה,0,240707,מינהל הרפואה,"16,618",0,0,0,0,25-מרץ-14
2014,24,5,חידוש עודפים,5,עודפים,3,הודעה לועדה,0,240708,העסקת מתמחים,"1,745",0,0,0,0,25-מרץ-14
2014,24,5,חידוש עודפים,5,עודפים,3,הודעה לועדה,0,240710,האגף לגריאטריה,"1,352",0,0,0,0,25-מרץ-14
2014,24,5,חידוש עודפים,5,עודפים,3,הודעה לועדה,0,240713,שירותי בריאות הנפש,"37,444",0,0,0,0,25-מרץ-14
2014,24,5,חידוש עודפים,5,עודפים,3,הודעה לועדה,0,240723,בריאות השן,"1,122",0,0,0,0,25-מרץ-14
2014,24,5,חידוש עודפים,5,עודפים,3,הודעה לועדה,0,241306,מזרע - בית חולים לחולי,944,0,0,0,0,25-מרץ-14
2014,24,5,חידוש עודפים,5,עודפים,3,הודעה לועדה,0,241316,טירת הכרמל - מרכז,561,0,0,0,0,25-מרץ-14
2014,24,5,חידוש עודפים,5,עודפים,3,הודעה לועדה,0,241326,לב השרון - בית-חולים,397,0,0,0,0,25-מרץ-14
2014,24,5,חידוש עודפים,5,עודפים,3,הודעה לועדה,0,241344,גוש דן - שרות קהילתי,57,0,0,0,0,25-מרץ-14
2014,24,5,חידוש עודפים,5,עודפים,3,הודעה לועדה,0,241346,באר יעקב - מרכז,157,0,0,0,0,25-מרץ-14
2014,24,5,חידוש עודפים,5,עודפים,3,הודעה לועדה,0,241381,באר-שבע - מרכז לבריאות,194,0,0,0,0,25-מרץ-14
2014,24,5,חידוש עודפים,5,עודפים,3,הודעה לועדה,0,241601,מטה בריאות הציבור,"24,637",0,0,0,0,25-מרץ-14
2014,24,5,חידוש עודפים,5,עודפים,3,הודעה לועדה,0,241605,שיקום שכונות,409,0,0,0,0,25-מרץ-14
2014,24,5,חידוש עודפים,5,עודפים,3,הודעה לועדה,0,241621,מעבדות בריאות הציבור,"2,738",0,0,0,0,25-מרץ-14
2014,24,5,חידוש עודפים,5,עודפים,3,הודעה לועדה,0,241626,מעבדות מרכזיות ירושלים,169,0,0,0,0,25-מרץ-14
2014,24,5,חידוש עודפים,5,עודפים,3,הודעה לועדה,0,241666,לשכת הבריאות מחוז דרום,52,0,0,0,0,25-מרץ-14
2014,24,5,חידוש עודפים,5,עודפים,3,הודעה לועדה,0,241930,תמיכות בארגונים,614,0,0,0,0,25-מרץ-14
2014,24,5,חידוש עודפים,5,עודפים,3,הודעה לועדה,0,242003,השלמת עלות סל שירותי,"2,492",0,0,0,0,25-מרץ-14
2014,24,5,חידוש עודפים,5,עודפים,3,הודעה לועדה,0,242210,חלוקת כספי עזבונות,344,0,0,0,0,25-מרץ-14
2014,24,5,חידוש עודפים,5,עודפים,3,הודעה לועדה,0,242301,העברה לקופות - חוק,"6,134",0,0,0,0,25-מרץ-14
2014,24,7,"העברה במסגרת הסכם המימון של בי""ח הדסה",7,שינוי פנימי,2,אישור ועדה,11,241920,תמיכות והעברות לבתי,"91,000",0,0,0,0,23-אפר-14
2014,24,7,"העברה במסגרת הסכם המימון של בי""ח הדסה",7,שינוי פנימי,2,אישור ועדה,11,242003,השלמת עלות סל שירותי,"-91,000",0,0,0,0,23-אפר-14
2014,25,1,הפחתה 1,1,קיצוץ,2,אישור ועדה,9000,250301,"רזרבה לתגמולים,","-1,581",0,0,0,0,27-ינו-14
2014,25,2,סל השירותים לניצולי שואה,17,הקצאות מהרזרבה הכללית,2,אישור ועדה,6,250101,שכר ונלוות,0,0,0,0,4,25-מרץ-14
2014,25,2,סל השירותים לניצולי שואה,17,הקצאות מהרזרבה הכללית,2,אישור ועדה,6,250102,אמרכלות,0,0,0,0,0,25-מרץ-14
2014,25,2,סל השירותים לניצולי שואה,17,הקצאות מהרזרבה הכללית,2,אישור ועדה,6,250202,טיפול רפואי ושירותים,0,0,0,0,0,25-מרץ-14
2014,25,2,סל השירותים לניצולי שואה,17,הקצאות מהרזרבה הכללית,2,אישור ועדה,6,470101,רזרבה כללית,0,0,0,0,-4,25-מרץ-14
2014,25,3,פניית עודפים,5,עודפים,3,הודעה לועדה,0,250102,אמרכלות,"10,642",0,0,0,0,25-מרץ-14
2014,25,3,פניית עודפים,5,עודפים,3,הודעה לועדה,0,250202,טיפול רפואי ושירותים,"14,605",0,0,0,0,25-מרץ-14
2014,26,1,הפחתה 1,1,קיצוץ,2,אישור ועדה,9000,262601,רזרבות,-993,0,0,0,0,27-ינו-14
2014,26,3,פניית עודפים 2014 סעיף 26,5,עודפים,3,הודעה לועדה,0,261102,תפעול,"39,374",0,0,0,0,25-מרץ-14
2014,26,3,פניית עודפים 2014 סעיף 26,5,עודפים,3,הודעה לועדה,0,261201,פעולות יחידות המשרד,"92,621",0,0,0,0,25-מרץ-14
2014,26,3,פניית עודפים 2014 סעיף 26,5,עודפים,3,הודעה לועדה,0,261301,הקרן לשמירת הניקיון -,"606,424",0,0,0,0,25-מרץ-14
2014,26,3,פניית עודפים 2014 סעיף 26,5,עודפים,3,הודעה לועדה,0,261302,הקרן לשמירת הנקיון -,"18,162",0,0,0,0,25-מרץ-14
2014,26,3,פניית עודפים 2014 סעיף 26,5,עודפים,3,הודעה לועדה,0,261303,הקרן לשמירת הנקיון -,"11,069",0,0,0,0,25-מרץ-14
2014,26,3,פניית עודפים 2014 סעיף 26,5,עודפים,3,הודעה לועדה,0,261304,הקרן למניעת זיהום הים,"8,689",0,0,0,0,25-מרץ-14
2014,26,3,פניית עודפים 2014 סעיף 26,5,עודפים,3,הודעה לועדה,0,261305,קרן צער בעלי חיים,"1,714",0,0,0,0,25-מרץ-14
2014,26,3,פניית עודפים 2014 סעיף 26,5,עודפים,3,הודעה לועדה,0,261306,קרן שיקום מחצבות ים,"1,101",0,0,0,0,25-מרץ-14
2014,29,1,החפחתה 1,1,קיצוץ,2,אישור ועדה,9000,290401,רזרבה לעמידה ביעד,-250,0,0,0,0,27-ינו-14
2014,30,1,הפחתה 1,1,קיצוץ,2,אישור ועדה,9000,301401,רזרבה,"-3,553",0,0,0,0,27-ינו-14
2014,30,4,פניית עודפים,5,עודפים,3,הודעה לועדה,0,301102,מינהל ואמרכלות,"24,486",0,0,0,0,25-מרץ-14
2014,30,4,פניית עודפים,5,עודפים,3,הודעה לועדה,0,301201,דיור,"4,764",0,0,0,0,25-מרץ-14
2014,30,4,פניית עודפים,5,עודפים,3,הודעה לועדה,0,301202,"תעסוקה, מדע ויזמות","45,144",0,0,0,0,25-מרץ-14
2014,30,4,פניית עודפים,5,עודפים,3,הודעה לועדה,0,301203,סטודנטים עולים,"11,156",0,0,0,0,25-מרץ-14
2014,30,4,פניית עודפים,5,עודפים,3,הודעה לועדה,0,301204,קליטה בקהילה,"29,746",0,0,0,0,25-מרץ-14
2014,30,4,פניית עודפים,5,עודפים,3,הודעה לועדה,0,301205,סיוע לאוכלוסיות,"4,676",0,0,0,0,25-מרץ-14
2014,30,4,פניית עודפים,5,עודפים,3,הודעה לועדה,0,301206,קליטת עולי אתיופיה,"42,007",0,0,0,0,25-מרץ-14
2014,30,4,פניית עודפים,5,עודפים,3,הודעה לועדה,0,301207,תכנית החומש לקליטת בני,"8,705",0,0,0,0,25-מרץ-14
2014,30,4,פניית עודפים,5,עודפים,3,הודעה לועדה,0,301208,עידוד עלייה,"13,406",0,0,0,0,25-מרץ-14
2014,30,4,פניית עודפים,5,עודפים,3,הודעה לועדה,0,301301,סל קליטה ראשוני,"1,413",0,0,0,0,25-מרץ-14
2014,30,5,תוספת למשרד הקליטה,9,מרזרבה כללית,2,אישור ועדה,18,301101,שכר,0,0,0,0,0,07-אפר-14
2014,30,5,תוספת למשרד הקליטה,9,מרזרבה כללית,2,אישור ועדה,18,301102,מינהל ואמרכלות,"2,500",0,0,0,0,07-אפר-14
2014,30,5,תוספת למשרד הקליטה,9,מרזרבה כללית,2,אישור ועדה,18,301201,דיור,"91,200",0,0,"330,000",0,07-אפר-14
2014,30,5,תוספת למשרד הקליטה,9,מרזרבה כללית,2,אישור ועדה,18,301202,"תעסוקה, מדע ויזמות","6,900",0,0,0,0,07-אפר-14
2014,30,5,תוספת למשרד הקליטה,9,מרזרבה כללית,2,אישור ועדה,18,301204,קליטה בקהילה,"18,360",0,0,0,0,07-אפר-14
2014,30,5,תוספת למשרד הקליטה,9,מרזרבה כללית,2,אישור ועדה,18,301205,סיוע לאוכלוסיות,"1,000",0,0,0,0,07-אפר-14
2014,30,5,תוספת למשרד הקליטה,9,מרזרבה כללית,2,אישור ועדה,18,301208,עידוד עלייה,"20,150",0,0,0,0,07-אפר-14
2014,30,5,תוספת למשרד הקליטה,9,מרזרבה כללית,2,אישור ועדה,18,301301,סל קליטה ראשוני,"-2,656",0,0,0,0,07-אפר-14
2014,30,5,תוספת למשרד הקליטה,9,מרזרבה כללית,2,אישור ועדה,18,470101,רזרבה כללית,0,0,0,"-330,000",0,07-אפר-14
2014,30,5,תוספת למשרד הקליטה,9,מרזרבה כללית,2,אישור ועדה,18,470102,תוכנית מעבר - רזרבה,"-137,454",0,0,0,0,07-אפר-14
2014,30,6,פניית עודפים 30%,5,עודפים,3,הודעה לועדה,0,301102,מינהל ואמרכלות,"14,691",0,0,0,0,07-אפר-14
2014,30,6,פניית עודפים 30%,5,עודפים,3,הודעה לועדה,0,301201,דיור,"2,859",0,0,0,0,07-אפר-14
2014,30,6,פניית עודפים 30%,5,עודפים,3,הודעה לועדה,0,301202,"תעסוקה, מדע ויזמות","27,086",0,0,0,0,07-אפר-14
2014,30,6,פניית עודפים 30%,5,עודפים,3,הודעה לועדה,0,301203,סטודנטים עולים,"6,694",0,0,0,0,07-אפר-14
2014,30,6,פניית עודפים 30%,5,עודפים,3,הודעה לועדה,0,301204,קליטה בקהילה,"17,848",0,0,0,0,07-אפר-14
2014,30,6,פניית עודפים 30%,5,עודפים,3,הודעה לועדה,0,301205,סיוע לאוכלוסיות,"2,805",0,0,0,0,07-אפר-14
2014,30,6,פניית עודפים 30%,5,עודפים,3,הודעה לועדה,0,301206,קליטת עולי אתיופיה,"25,204",0,0,0,0,07-אפר-14
2014,30,6,פניית עודפים 30%,5,עודפים,3,הודעה לועדה,0,301207,תכנית החומש לקליטת בני,"5,223",0,0,0,0,07-אפר-14
2014,30,6,פניית עודפים 30%,5,עודפים,3,הודעה לועדה,0,301208,עידוד עלייה,"8,044",0,0,0,0,07-אפר-14
2014,30,6,פניית עודפים 30%,5,עודפים,3,הודעה לועדה,0,301301,סל קליטה ראשוני,"8,944",0,0,0,0,07-אפר-14
2014,32,1,הפחתה 1,1,קיצוץ,2,אישור ועדה,9000,325201,רזרבה להתייקרויות,-74,0,0,0,0,27-ינו-14
2014,32,3,עודפים,5,עודפים,3,הודעה לועדה,0,322001,סובסידיה לתחבורה,"21,775",0,0,0,0,25-מרץ-14
2014,32,3,עודפים,5,עודפים,3,הודעה לועדה,0,323001,תמיכות בספקי המים,"83,124",0,0,0,0,25-מרץ-14
2014,32,3,עודפים,5,עודפים,3,הודעה לועדה,0,323101,משק לשעת חירום,"17,309",0,0,0,0,25-מרץ-14
2014,32,3,עודפים,5,עודפים,3,הודעה לועדה,0,325001,תמיכות שנתיות ביצרן,"52,321",0,0,0,0,25-מרץ-14
2014,32,3,עודפים,5,עודפים,3,הודעה לועדה,0,325002,תמיכות רב שנתיות ביצרן,"21,561",0,0,0,0,25-מרץ-14
2014,32,3,עודפים,5,עודפים,3,הודעה לועדה,0,325004,תמיכות שנתיות שונות,"16,292",0,0,0,0,25-מרץ-14
2014,32,3,עודפים,5,עודפים,3,הודעה לועדה,0,325005,תמיכות רב שנתיות שונות,366,0,0,0,0,25-מרץ-14
2014,32,3,עודפים,5,עודפים,3,הודעה לועדה,0,325006,תמיכות שנתיות במחקר,"1,717",0,0,0,0,25-מרץ-14
2014,32,3,עודפים,5,עודפים,3,הודעה לועדה,0,325007,תמיכות רב שנתיות במחקר,"4,191",0,0,0,0,25-מרץ-14
2014,32,3,עודפים,5,עודפים,3,הודעה לועדה,0,325101,תמיכות לפי חוק צער,"3,195",0,0,0,0,25-מרץ-14
2014,32,4,הסכם רכבת ישראל,6,הגדלה רגילה,2,אישור ועדה,21,322001,סובסידיה לתחבורה,0,0,0,"11,695,000",0,29-אפר-14
2014,32,5,"תח""צ - פניה מספר 1",7,שינוי פנימי,1,אישור אגף,0,322001,סובסידיה לתחבורה,0,0,0,0,0,23-אפר-14
2014,33,1,הפחתה 1,1,קיצוץ,2,אישור ועדה,9000,330301,רזרבה להתייקרויות,-635,0,0,0,0,27-ינו-14
2014,33,1,הפחתה 1,1,קיצוץ,2,אישור ועדה,9000,330302,רזרבה להתייקרויות,-161,0,0,0,0,27-ינו-14
2014,33,3,עודפים 2013,5,עודפים,3,הודעה לועדה,0,330101,הוצאות שכר,"1,001",0,0,0,0,25-מרץ-14
2014,33,3,עודפים 2013,5,עודפים,3,הודעה לועדה,0,330102,הוצאות לתפעול ולפעילות,"95,929",0,0,0,0,25-מרץ-14
2014,33,3,עודפים 2013,5,עודפים,3,הודעה לועדה,0,330202,הוצאות תפעול ופעולות,"70,619",0,0,0,0,25-מרץ-14
2014,34,1,הפחתה 1,1,קיצוץ,2,אישור ועדה,9000,343201,רזרבה להתייקרויות,-466,0,0,0,0,27-ינו-14
2014,34,3,עודפים 80%,5,עודפים,3,הודעה לועדה,0,343002,תפעול ופעולות,"13,047",0,0,0,0,25-מרץ-14
2014,34,3,עודפים 80%,5,עודפים,3,הודעה לועדה,0,343003,יעילות השימוש באנרגיה,"42,250",0,0,0,0,25-מרץ-14
2014,34,3,עודפים 80%,5,עודפים,3,הודעה לועדה,0,343004,מדען ראשי,"11,666",0,0,0,0,25-מרץ-14
2014,34,3,עודפים 80%,5,עודפים,3,הודעה לועדה,0,343005,מנהל הדלק ואוצרות טבע,"12,202",0,0,0,0,25-מרץ-14
2014,34,3,עודפים 80%,5,עודפים,3,הודעה לועדה,0,343006,ייעוץ מקצועי ומחקרים,"35,858",0,0,0,0,25-מרץ-14
2014,34,3,עודפים 80%,5,עודפים,3,הודעה לועדה,0,343102,תפעול ופעולות,"21,335",0,0,0,0,25-מרץ-14
2014,35,1,החפחתה 1,1,קיצוץ,2,אישור ועדה,9000,350101,הועדה לאנרגיה אטומית,-830,0,0,0,0,27-ינו-14
2014,36,1,הפחתה 1,1,קיצוץ,2,אישור ועדה,9000,364502,רזרבה להתייקרויות,"-6,611",0,0,0,0,27-ינו-14
2014,36,4,עודפים מחוייבים לשנת 2014 (50%),5,עודפים,3,הודעה לועדה,0,363001,שכר,245,0,0,0,0,25-מרץ-14
2014,36,4,עודפים מחוייבים לשנת 2014 (50%),5,עודפים,3,הודעה לועדה,0,363002,תפעול,"44,764",0,0,0,0,25-מרץ-14
2014,36,4,עודפים מחוייבים לשנת 2014 (50%),5,עודפים,3,הודעה לועדה,0,364001,היחידה ליחסי עבודה,532,0,0,0,0,25-מרץ-14
2014,36,4,עודפים מחוייבים לשנת 2014 (50%),5,עודפים,3,הודעה לועדה,0,364002,רשם האגודות השיתופיות,"1,629",0,0,0,0,25-מרץ-14
2014,36,4,עודפים מחוייבים לשנת 2014 (50%),5,עודפים,3,הודעה לועדה,0,364003,מנהל הבטיחות והבריאות,"3,290",0,0,0,0,25-מרץ-14
2014,36,4,עודפים מחוייבים לשנת 2014 (50%),5,עודפים,3,הודעה לועדה,0,364004,רשם המהנדסים,950,0,0,0,0,25-מרץ-14
2014,36,4,עודפים מחוייבים לשנת 2014 (50%),5,עודפים,3,הודעה לועדה,0,364005,מינהל הסדרת ואכיפת,"6,768",0,0,0,0,25-מרץ-14
2014,36,4,עודפים מחוייבים לשנת 2014 (50%),5,עודפים,3,הודעה לועדה,0,364006,מינהל מחקר וכלכלה,"1,031",0,0,0,0,25-מרץ-14
2014,36,4,עודפים מחוייבים לשנת 2014 (50%),5,עודפים,3,הודעה לועדה,0,364007,נציבות שוויון,995,0,0,0,0,25-מרץ-14
2014,36,4,עודפים מחוייבים לשנת 2014 (50%),5,עודפים,3,הודעה לועדה,0,364008,היחידה לכוח אדם בשעת,29,0,0,0,0,25-מרץ-14
2014,36,4,עודפים מחוייבים לשנת 2014 (50%),5,עודפים,3,הודעה לועדה,0,364009,מטה תחום התעסוקה,"2,673",0,0,0,0,25-מרץ-14
2014,36,4,עודפים מחוייבים לשנת 2014 (50%),5,עודפים,3,הודעה לועדה,0,364101,סבסוד שהות ילדי הורים,"114,339",0,0,0,0,25-מרץ-14
2014,36,4,עודפים מחוייבים לשנת 2014 (50%),5,עודפים,3,הודעה לועדה,0,364201,אנשים עם מוגבלות-עידוד,"3,968",0,0,0,0,25-מרץ-14
2014,36,4,עודפים מחוייבים לשנת 2014 (50%),5,עודפים,3,הודעה לועדה,0,364202,האוכלוסיה הערבית-עידוד,"12,202",0,0,0,0,25-מרץ-14
2014,36,4,עודפים מחוייבים לשנת 2014 (50%),5,עודפים,3,הודעה לועדה,0,364203,האוכלוסיה החרדית-עידוד,"35,345",0,0,0,0,25-מרץ-14
2014,36,4,עודפים מחוייבים לשנת 2014 (50%),5,עודפים,3,הודעה לועדה,0,364204,אוכלוסיות ייעודיות-,"8,566",0,0,0,0,25-מרץ-14
2014,36,4,עודפים מחוייבים לשנת 2014 (50%),5,עודפים,3,הודעה לועדה,0,364205,משפחות חד הוריות-עידוד,"4,349",0,0,0,0,25-מרץ-14
2014,36,4,עודפים מחוייבים לשנת 2014 (50%),5,עודפים,3,הודעה לועדה,0,364302,תפעול ופעולות,"11,889",0,0,0,0,25-מרץ-14
2014,36,4,עודפים מחוייבים לשנת 2014 (50%),5,עודפים,3,הודעה לועדה,0,364303,כלים תומכי השמה,"13,127",0,0,0,0,25-מרץ-14
2014,36,4,עודפים מחוייבים לשנת 2014 (50%),5,עודפים,3,הודעה לועדה,0,364401,"תפעול, פעולות ושירותים","5,115",0,0,0,0,25-מרץ-14
2014,36,4,עודפים מחוייבים לשנת 2014 (50%),5,עודפים,3,הודעה לועדה,0,364403,הכשרת מבוגרים,"29,563",0,0,0,0,25-מרץ-14
2014,36,4,עודפים מחוייבים לשנת 2014 (50%),5,עודפים,3,הודעה לועדה,0,364404,מרכזי הכשרה ממשלתיים,"6,184",0,0,0,0,25-מרץ-14
2014,36,4,עודפים מחוייבים לשנת 2014 (50%),5,עודפים,3,הודעה לועדה,0,364405,הכשרת נוער - בתי,"37,773",0,0,0,0,25-מרץ-14
2014,36,4,עודפים מחוייבים לשנת 2014 (50%),5,עודפים,3,הודעה לועדה,0,364406,הכשרת הנדסאים וטכנאים,"43,768",0,0,0,0,25-מרץ-14
2014,36,5,העברת עודפים מנהלת השירות האזרחי,9,מרזרבה כללית,2,אישור ועדה,8,366001,מנהלת השירות,"29,821",0,0,0,0,30-מרץ-14
2014,36,5,העברת עודפים מנהלת השירות האזרחי,9,מרזרבה כללית,2,אישור ועדה,8,470102,תוכנית מעבר - רזרבה,"-29,821",0,0,0,0,30-מרץ-14
2014,37,1,הפחתה 1,1,קיצוץ,2,אישור ועדה,9000,370601,רזרבה,-868,0,0,0,0,27-ינו-14
2014,37,3,עודפים 80%,5,עודפים,3,הודעה לועדה,0,370102,מנהלה,"3,798",0,0,0,0,13-מאי-14
2014,37,3,עודפים 80%,5,עודפים,3,הודעה לועדה,0,370208,הכשרת כח אדם ושירותי,"9,395",0,0,0,0,13-מאי-14
2014,37,3,עודפים 80%,5,עודפים,3,הודעה לועדה,0,370212,המרכז לפיתוח המקומות,549,0,0,0,0,13-מאי-14
2014,37,3,עודפים 80%,5,עודפים,3,הודעה לועדה,0,370304,שיווק תיירות בישראל,"12,093",0,0,0,0,13-מאי-14
2014,37,3,עודפים 80%,5,עודפים,3,הודעה לועדה,0,370316,פעולות שיווק תיירות,"96,698",0,0,0,0,13-מאי-14
2014,37,3,עודפים 80%,5,עודפים,3,הודעה לועדה,0,370405,"פעולות תכנון, פיתוח","3,112",0,0,0,0,13-מאי-14
2014,37,3,עודפים 80%,5,עודפים,3,הודעה לועדה,0,370408,"אסטרטגיה, מדיניות,","7,852",0,0,0,0,13-מאי-14
2014,37,3,עודפים 80%,5,עודפים,3,הודעה לועדה,0,370901,אשראי לענף המלונאות,490,0,0,0,0,13-מאי-14
2014,38,1,הפחתה 1,1,קיצוץ,2,אישור ועדה,9000,388001,רזרבה,"-4,825",0,0,0,0,27-ינו-14
2014,38,3,80% עודפים,5,עודפים,3,הודעה לועדה,0,384001,החוק לעידוד השקעות הון,"35,883",0,0,0,0,25-מרץ-14
2014,38,3,80% עודפים,5,עודפים,3,הודעה לועדה,0,384002,מסלולי תמיכה מינהליים,"30,014",0,0,0,0,25-מרץ-14
2014,38,3,80% עודפים,5,עודפים,3,הודעה לועדה,0,384003,עסקים קטנים ובינוניים,"83,774",0,0,0,0,25-מרץ-14
2014,38,3,80% עודפים,5,עודפים,3,הודעה לועדה,0,384004,קידום יצוא וסחר חוץ,"19,629",0,0,0,0,25-מרץ-14
2014,38,3,80% עודפים,5,עודפים,3,הודעה לועדה,0,384009,פעולות כלליות לקידום,"8,798",0,0,0,0,25-מרץ-14
2014,38,3,80% עודפים,5,עודפים,3,הודעה לועדה,0,385001,"תקינה, איכות והסמכה","13,099",0,0,0,0,25-מרץ-14
2014,38,3,80% עודפים,5,עודפים,3,הודעה לועדה,0,386001,מלאי חירום,"21,258",0,0,0,0,25-מרץ-14
2014,38,4,העברת 80% מעודפי תקציב המדען הראשי,5,עודפים,3,הודעה לועדה,0,383001,מענקי מחקר ופיתוח,"78,965",0,0,0,0,25-מרץ-14
2014,38,4,העברת 80% מעודפי תקציב המדען הראשי,5,עודפים,3,הודעה לועדה,0,383002,"מענקי מו""פ לשלבים","42,377",0,0,0,0,25-מרץ-14
2014,38,4,העברת 80% מעודפי תקציב המדען הראשי,5,עודפים,3,הודעה לועדה,0,383003,"תשתיות מו""פ","7,998",0,0,0,0,25-מרץ-14
2014,38,4,העברת 80% מעודפי תקציב המדען הראשי,5,עודפים,3,הודעה לועדה,0,383004,"מו""פ בין-לאומי","12,508",0,0,0,0,25-מרץ-14
2014,38,5,פעולות משרד הכלכלה,9,מרזרבה כללית,2,אישור ועדה,20,384001,החוק לעידוד השקעות הון,0,0,0,"241,500",0,07-אפר-14
2014,38,5,פעולות משרד הכלכלה,9,מרזרבה כללית,2,אישור ועדה,20,384002,מסלולי תמיכה מינהליים,0,0,0,"141,500",0,07-אפר-14
2014,38,5,פעולות משרד הכלכלה,9,מרזרבה כללית,2,אישור ועדה,20,384003,עסקים קטנים ובינוניים,0,0,0,"117,500",0,07-אפר-14
2014,38,5,פעולות משרד הכלכלה,9,מרזרבה כללית,2,אישור ועדה,20,384004,קידום יצוא וסחר חוץ,"17,626","5,000","-5,000","36,500",0,07-אפר-14
2014,38,5,פעולות משרד הכלכלה,9,מרזרבה כללית,2,אישור ועדה,20,386001,מלאי חירום,0,"5,000","-5,000",0,0,07-אפר-14
2014,38,5,פעולות משרד הכלכלה,9,מרזרבה כללית,2,אישור ועדה,20,470101,רזרבה כללית,0,0,0,"-537,000",0,07-אפר-14
2014,38,5,פעולות משרד הכלכלה,9,מרזרבה כללית,2,אישור ועדה,20,470102,תוכנית מעבר - רזרבה,"-17,626",0,0,0,0,07-אפר-14
2014,38,6,שינוי פנימי,7,שינוי פנימי,1,אישור אגף,0,384001,החוק לעידוד השקעות הון,0,0,0,0,0,12-מאי-14
2014,38,6,שינוי פנימי,7,שינוי פנימי,1,אישור אגף,0,384002,מסלולי תמיכה מינהליים,0,0,0,0,0,12-מאי-14
2014,39,1,הפחתה 1,1,קיצוץ,2,אישור ועדה,9000,391201,רזרבה,-79,0,0,0,0,27-ינו-14
2014,39,3,עודפים 80%,5,עודפים,3,הודעה לועדה,0,391102,מנהל וארגון,"14,191",0,0,0,0,25-מרץ-14
2014,39,3,עודפים 80%,5,עודפים,3,הודעה לועדה,0,391103,חשבות,"5,210",0,0,0,0,25-מרץ-14
2014,39,3,עודפים 80%,5,עודפים,3,הודעה לועדה,0,391104,אגף הספקטרום,98,0,0,0,0,25-מרץ-14
2014,39,3,עודפים 80%,5,עודפים,3,הודעה לועדה,0,391105,המועצה לשידורי הכבלים,"2,785",0,0,0,0,25-מרץ-14
2014,40,1,הפחתה 1,1,קיצוץ,2,אישור ועדה,9000,405901,רזרבה,-905,0,0,0,0,27-ינו-14
2014,40,3,העברת עודפים לשנת 2014,5,עודפים,3,הודעה לועדה,0,405001,משרד התחבורה - ראשי,"18,133",0,0,0,0,25-מרץ-14
2014,40,3,העברת עודפים לשנת 2014,5,עודפים,3,הודעה לועדה,0,405002,השירות המטאורולוגי,"1,920",0,0,0,0,25-מרץ-14
2014,40,3,העברת עודפים לשנת 2014,5,עודפים,3,הודעה לועדה,0,405101,רשות הספנות והנמלים,"8,223",0,0,0,0,25-מרץ-14
2014,40,3,העברת עודפים לשנת 2014,5,עודפים,3,הודעה לועדה,0,405201,רשות התעופה האזרחית,"11,332",0,0,0,0,25-מרץ-14
2014,40,3,העברת עודפים לשנת 2014,5,עודפים,3,הודעה לועדה,0,405401,רשות תחבורה ציבורית,510,0,0,0,0,25-מרץ-14
2014,40,4,הקפאת תקציב הרשות הלאומית לבטיחות בדרכים,7,שינוי פנימי,1,אישור אגף,0,405301,הרשות לבטיחות בדרכים,0,0,0,0,0,30-מרץ-14
2014,41,1,הפחתה 1,1,קיצוץ,2,אישור ועדה,9000,413101,רזרבה להתייקרויות,-209,0,0,0,0,27-ינו-14
2014,41,3,עודפים 80%,5,עודפים,3,הודעה לועדה,0,413002,קניות,"5,832",0,0,0,0,25-מרץ-14
2014,41,3,עודפים 80%,5,עודפים,3,הודעה לועדה,0,413003,פעולות במשק המים,"33,362",0,0,0,0,25-מרץ-14
2014,42,1,הפחתה 1,1,קיצוץ,2,אישור ועדה,9000,420402,רזרבה לעמידה ביעד,"-1,449",0,0,0,0,27-ינו-14
2014,42,2,העברת 80% מהעודפים המחוייבים,5,עודפים,3,הודעה לועדה,0,420102,סיוע מיוחד,"3,915",0,0,0,0,25-מרץ-14
2014,42,2,העברת 80% מהעודפים המחוייבים,5,עודפים,3,הודעה לועדה,0,420201,עולים חדשים,18,0,0,0,0,25-מרץ-14
2014,42,2,העברת 80% מהעודפים המחוייבים,5,עודפים,3,הודעה לועדה,0,420301,עמלות ניהול הסיוע,"3,011",0,0,0,0,25-מרץ-14
2014,43,1,הפחתה 1,1,קיצוץ,2,אישור ועדה,9000,430402,רזרבה לעמידה ביעד,-205,0,0,0,0,27-ינו-14
2014,43,3,העברת 80% מהעודפים,5,עודפים,3,הודעה לועדה,0,430202,תפעול,"7,252",0,0,0,0,25-מרץ-14
2014,43,3,העברת 80% מהעודפים,5,עודפים,3,הודעה לועדה,0,430301,מערכות ופרוייקטים,"32,866",0,0,0,0,25-מרץ-14
2014,46,1,הפחתה 1,1,קיצוץ,2,אישור ועדה,9000,460108,רזרבה להתייקרויות,-8,0,0,0,0,27-ינו-14
2014,46,2,עודפים מחויבים,5,עודפים,3,הודעה לועדה,0,460103,קרן לסיוע נוסף,"4,017",0,0,0,0,25-מרץ-14
2014,51,1,הפחתה 1,1,קיצוץ,2,אישור ועדה,9000,510901,רזרבה לעמידה במגבלה,-807,0,0,0,0,27-ינו-14
2014,51,4,פניית עודפים מספר 1,5,עודפים,3,הודעה לועדה,0,510701,בינוי קריות ומשרדי,"10,670",0,0,0,0,25-מרץ-14
2014,51,4,פניית עודפים מספר 1,5,עודפים,3,הודעה לועדה,0,510702,בינוי בתי משפט,"2,682",0,0,0,0,25-מרץ-14
2014,51,4,פניית עודפים מספר 1,5,עודפים,3,הודעה לועדה,0,510703,שיפוץ והנגשת משרדי,"42,957",0,0,0,0,25-מרץ-14
2014,51,4,פניית עודפים מספר 1,5,עודפים,3,הודעה לועדה,0,510801,גבייה ותשלומי שכר דירה,"19,650",0,0,0,0,25-מרץ-14
2014,51,4,פניית עודפים מספר 1,5,עודפים,3,הודעה לועדה,0,510802,פעולות ניהול ובקרה,"6,946",0,0,0,0,25-מרץ-14
2014,52,1,הפחתה 1,1,קיצוץ,2,אישור ועדה,9000,523001,פיתוח משרד,-626,0,0,0,0,27-ינו-14
2014,52,1,הפחתה 1,1,קיצוץ,2,אישור ועדה,9000,524001,פיתוח שירות בתי הסוהר,-233,0,0,0,0,27-ינו-14
2014,52,1,הפחתה 1,1,קיצוץ,2,אישור ועדה,9000,525004,רזרבה להתייקרויות,"-2,486",0,0,0,0,27-ינו-14
2014,52,3,שינוי תקציבי,5,עודפים,3,הודעה לועדה,0,523001,פיתוח משרד,"6,273",0,0,0,0,25-מרץ-14
2014,52,3,שינוי תקציבי,5,עודפים,3,הודעה לועדה,0,524001,פיתוח שירות בתי הסוהר,"47,037",0,0,0,0,25-מרץ-14
2014,52,3,שינוי תקציבי,5,עודפים,3,הודעה לועדה,0,525001,רכישה פיתוח אמצעים,117,0,0,0,0,25-מרץ-14
2014,52,3,שינוי תקציבי,5,עודפים,3,הודעה לועדה,0,525002,פרוייקטים במחשוב,"1,025",0,0,0,0,25-מרץ-14
2014,52,3,שינוי תקציבי,5,עודפים,3,הודעה לועדה,0,525003,הקמה ושיפוץ מבני משטרה,"23,889",0,0,0,0,25-מרץ-14
2014,53,1,הפחתה 1,1,קיצוץ,2,אישור ועדה,9000,531101,רזרבות,-404,0,0,0,0,27-ינו-14
2014,53,3,קליטת 80% מהעודפים,5,עודפים,3,הודעה לועדה,0,531001,הוצאות פיתוח,"6,426",0,0,0,0,07-אפר-14
2014,54,1,הפחתה 1,1,קיצוץ,2,אישור ועדה,9000,541080,רזרבה,-366,0,0,0,0,27-ינו-14
2014,54,3,עודפים 50%,5,עודפים,3,הודעה לועדה,0,541002,תפעול,"3,273",0,0,0,0,25-מרץ-14
2014,54,3,עודפים 50%,5,עודפים,3,הודעה לועדה,0,541102,תפעול,"2,900",0,0,0,0,25-מרץ-14
2014,54,3,עודפים 50%,5,עודפים,3,הודעה לועדה,0,541201,המועצה הישראלית,125,0,0,0,0,25-מרץ-14
2014,54,3,עודפים 50%,5,עודפים,3,הודעה לועדה,0,541301,רשות הטבע והגנים,"46,607",0,0,0,0,25-מרץ-14
2014,54,3,עודפים 50%,5,עודפים,3,הודעה לועדה,0,543001,שכר ופעולות,"6,875",0,0,0,0,25-מרץ-14
2014,54,3,עודפים 50%,5,עודפים,3,הודעה לועדה,0,543102,הוצאות תפעול ופעילות,"3,196",0,0,0,0,25-מרץ-14
2014,54,3,עודפים 50%,5,עודפים,3,הודעה לועדה,0,543201,פעולות הסדרה,"16,364",0,0,0,0,25-מרץ-14
2014,54,4,רשות החשמל - שינויים פנימיים,7,שינוי פנימי,1,אישור אגף,0,543001,שכר ופעולות,0,0,0,0,0,05-מאי-14
2014,60,1,הפחתה 1,1,קיצוץ,2,אישור ועדה,9000,600801,רזרבה לעמידה ביעדים,"-9,993",0,0,0,0,27-ינו-14
2014,60,2,פנייה 1,7,שינוי פנימי,1,אישור אגף,0,600210,בניית כיתות לימוד,0,0,0,0,0,12-מאי-14
2014,60,2,פנייה 1,7,שינוי פנימי,1,אישור אגף,0,600601,חידוש מבנים במערכת,0,0,0,0,0,12-מאי-14
2014,67,1,הפחתה 1,1,קיצוץ,2,אישור ועדה,9000,670601,רזרבה להתייקרויות,"-1,814",0,0,0,0,27-ינו-14
2014,67,3,חידוש עודפים,5,עודפים,3,הודעה לועדה,0,670202,"ביה""ח ממשלתיים","126,489",0,0,0,0,30-מרץ-14
2014,67,3,חידוש עודפים,5,עודפים,3,הודעה לועדה,0,670203,מוסדות ציבוריים,"2,186",0,0,0,0,30-מרץ-14
2014,67,3,חידוש עודפים,5,עודפים,3,הודעה לועדה,0,670205,תשתיות לשילוב חולי נפש,12,0,0,0,0,30-מרץ-14
2014,67,3,חידוש עודפים,5,עודפים,3,הודעה לועדה,0,670206,תוכנית חיזוק הצפון,"22,364",0,0,0,0,30-מרץ-14
2014,67,3,חידוש עודפים,5,עודפים,3,הודעה לועדה,0,670301,תכנון,"3,238",0,0,0,0,30-מרץ-14
2014,67,3,חידוש עודפים,5,עודפים,3,הודעה לועדה,0,670302,סקטור ממשלתי,"15,827",0,0,0,0,30-מרץ-14
2014,67,3,חידוש עודפים,5,עודפים,3,הודעה לועדה,0,670401,הצטיידות,"21,291",0,0,0,0,30-מרץ-14
2014,67,3,חידוש עודפים,5,עודפים,3,הודעה לועדה,0,670501,פרוייקט מיחשוב מרכזי,"6,448",0,0,0,0,30-מרץ-14
2014,67,3,חידוש עודפים,5,עודפים,3,הודעה לועדה,0,671905,"תמיכה בקופ""ח כללית עפ""י","7,200",0,0,0,0,30-מרץ-14
2014,67,3,חידוש עודפים,5,עודפים,3,הודעה לועדה,0,671906,תמיכה בפיתוח תשתיות,"2,626",0,0,0,0,30-מרץ-14
2014,68,1,הפחתה 1,1,קיצוץ,2,אישור ועדה,9000,689001,רזרבה להתייקרויות +,"-1,452",0,0,0,0,27-ינו-14
2014,68,4,עודפים מחוייבים לשנת 2014 (50%),5,עודפים,3,הודעה לועדה,0,681101,מטה ולשכות אוכלוסין,"30,447",0,0,0,0,25-מרץ-14
2014,68,4,עודפים מחוייבים לשנת 2014 (50%),5,עודפים,3,הודעה לועדה,0,681102,מחשוב,"24,780",0,0,0,0,25-מרץ-14
2014,68,4,עודפים מחוייבים לשנת 2014 (50%),5,עודפים,3,הודעה לועדה,0,681103,תעודות זיהוי חכמות,"79,170",0,0,0,0,25-מרץ-14
2014,68,4,עודפים מחוייבים לשנת 2014 (50%),5,עודפים,3,הודעה לועדה,0,681201,מינהל האכיפה,"13,868",0,0,0,0,25-מרץ-14
2014,68,4,עודפים מחוייבים לשנת 2014 (50%),5,עודפים,3,הודעה לועדה,0,681202,טיפול במורחקים,"7,181",0,0,0,0,25-מרץ-14
2014,68,4,עודפים מחוייבים לשנת 2014 (50%),5,עודפים,3,הודעה לועדה,0,681203,מינהל היתרים למעסיקים,"7,009",0,0,0,0,25-מרץ-14
2014,68,4,עודפים מחוייבים לשנת 2014 (50%),5,עודפים,3,הודעה לועדה,0,681301,כללי,"2,660",0,0,0,0,25-מרץ-14
2014,70,1,הפחתה 1,1,קיצוץ,2,אישור ועדה,9000,700701,רזרבה להתייקרויות,"-5,874",0,0,0,0,27-ינו-14
2014,70,3,עודפים 80%,5,עודפים,3,הודעה לועדה,0,700101,הלוואות לדיור לחסרי,"2,661",0,0,0,0,25-מרץ-14
2014,70,3,עודפים 80%,5,עודפים,3,הודעה לועדה,0,700102,סיוע מיוחד,"2,373",0,0,0,0,25-מרץ-14
2014,70,3,עודפים 80%,5,עודפים,3,הודעה לועדה,0,700201,"תכנון, פיקוח ומדידות","51,769",0,0,0,0,25-מרץ-14
2014,70,3,עודפים 80%,5,עודפים,3,הודעה לועדה,0,700202,עבודות פיתוח לבנייה,"942,748",0,0,0,0,25-מרץ-14
2014,70,3,עודפים 80%,5,עודפים,3,הודעה לועדה,0,700203,תשתיות לבנייה חדשה,"97,484",0,0,0,0,25-מרץ-14
2014,70,3,עודפים 80%,5,עודפים,3,הודעה לועדה,0,700204,עבודות פיתוח בניהול,"141,268",0,0,0,0,25-מרץ-14
2014,70,3,עודפים 80%,5,עודפים,3,הודעה לועדה,0,700205,פעולות תומכות בבניה,"53,501",0,0,0,0,25-מרץ-14
2014,70,3,עודפים 80%,5,עודפים,3,הודעה לועדה,0,700206,משק סגור מודיעין,"40,105",0,0,0,0,25-מרץ-14
2014,70,3,עודפים 80%,5,עודפים,3,הודעה לועדה,0,700207,משק סגור אלעד,"7,468",0,0,0,0,25-מרץ-14
2014,70,3,עודפים 80%,5,עודפים,3,הודעה לועדה,0,700208,משק סגור מעלה אדומים,"20,978",0,0,0,0,25-מרץ-14
2014,70,3,עודפים 80%,5,עודפים,3,הודעה לועדה,0,700209,משק סגור ראש העין,"110,804",0,0,0,0,25-מרץ-14
2014,70,3,עודפים 80%,5,עודפים,3,הודעה לועדה,0,700210,משק סגור חומת שמואל,"84,009",0,0,0,0,25-מרץ-14
2014,70,3,עודפים 80%,5,עודפים,3,הודעה לועדה,0,700211,משק סגור יבנה,"46,094",0,0,0,0,25-מרץ-14
2014,70,3,עודפים 80%,5,עודפים,3,הודעה לועדה,0,700212,משק סגור חריש,"276,602",0,0,0,0,25-מרץ-14
2014,70,3,עודפים 80%,5,עודפים,3,הודעה לועדה,0,700213,משק סגור נצרת עלית,"27,267",0,0,0,0,25-מרץ-14
2014,70,3,עודפים 80%,5,עודפים,3,הודעה לועדה,0,700214,בנייה כפרית,"6,121",0,0,0,0,25-מרץ-14
2014,70,3,עודפים 80%,5,עודפים,3,הודעה לועדה,0,700215,הרשות להסדרת התיישבות,"2,625",0,0,0,0,25-מרץ-14
2014,70,3,עודפים 80%,5,עודפים,3,הודעה לועדה,0,700301,שיקום שכונות ותשתיות,"14,134",0,0,0,0,25-מרץ-14
2014,70,3,עודפים 80%,5,עודפים,3,הודעה לועדה,0,700302,ריכוז מאמץ,"12,446",0,0,0,0,25-מרץ-14
2014,70,3,עודפים 80%,5,עודפים,3,הודעה לועדה,0,700303,התחדשות עירונית,"3,662",0,0,0,0,25-מרץ-14
2014,70,3,עודפים 80%,5,עודפים,3,הודעה לועדה,0,700304,פיתוח תשתיות ומוסדות,"32,096",0,0,0,0,25-מרץ-14
2014,70,3,עודפים 80%,5,עודפים,3,הודעה לועדה,0,700305,פעולות במימון,"1,062",0,0,0,0,25-מרץ-14
2014,70,3,עודפים 80%,5,עודפים,3,הודעה לועדה,0,700306,תקן מוסדות ציבור,"67,119",0,0,0,0,25-מרץ-14
2014,70,3,עודפים 80%,5,עודפים,3,הודעה לועדה,0,700401,פעולות שוטפות,"48,211",0,0,0,0,25-מרץ-14
2014,70,3,עודפים 80%,5,עודפים,3,הודעה לועדה,0,700402,אבטחת מזרח ירושלים,"10,295",0,0,0,0,25-מרץ-14
2014,70,3,עודפים 80%,5,עודפים,3,הודעה לועדה,0,700501,מכר הדיור הציבורי,"8,633",0,0,0,0,25-מרץ-14
2014,70,3,עודפים 80%,5,עודפים,3,הודעה לועדה,0,700502,הסכם עמידר,"34,251",0,0,0,0,25-מרץ-14
2014,70,3,עודפים 80%,5,עודפים,3,הודעה לועדה,0,700503,הסכם שקמונה,"1,366",0,0,0,0,25-מרץ-14
2014,70,3,עודפים 80%,5,עודפים,3,הודעה לועדה,0,700504,הסכם עמיגור,"8,501",0,0,0,0,25-מרץ-14
2014,70,3,עודפים 80%,5,עודפים,3,הודעה לועדה,0,700505,דיור מוגן,"6,011",0,0,0,0,25-מרץ-14
2014,70,3,עודפים 80%,5,עודפים,3,הודעה לועדה,0,700506,רכישת דירות נכסי רכישה,"7,473",0,0,0,0,25-מרץ-14
2014,70,3,עודפים 80%,5,עודפים,3,הודעה לועדה,0,700507,תחזוקת הדיור הציבורי,"7,599",0,0,0,0,25-מרץ-14
2014,70,3,עודפים 80%,5,עודפים,3,הודעה לועדה,0,700601,הסכמי העתקה,"6,030",0,0,0,0,25-מרץ-14
2014,70,3,עודפים 80%,5,עודפים,3,הודעה לועדה,0,700602,יישובי חולות חלוצה,"4,736",0,0,0,0,25-מרץ-14
2014,70,3,עודפים 80%,5,עודפים,3,הודעה לועדה,0,700603,ניצנים,"20,353",0,0,0,0,25-מרץ-14
2014,70,3,עודפים 80%,5,עודפים,3,הודעה לועדה,0,700604,ניצן,"12,393",0,0,0,0,25-מרץ-14
2014,70,3,עודפים 80%,5,עודפים,3,הודעה לועדה,0,700605,מזרח לכיש,"7,129",0,0,0,0,25-מרץ-14
2014,73,1,הפחתה 1,1,קיצוץ,2,אישור ועדה,9000,733401,רזרבה להתייקרויות,"-6,333",0,0,0,0,27-ינו-14
2014,73,3,עודפים 80%,5,עודפים,3,הודעה לועדה,0,733001,פעולות שונות במשק המים,"5,912",0,0,0,0,25-מרץ-14
2014,73,3,עודפים 80%,5,עודפים,3,הודעה לועדה,0,733101,פיתוח מפעלי קולחין,"5,830",0,0,0,0,25-מרץ-14
2014,73,3,עודפים 80%,5,עודפים,3,הודעה לועדה,0,733201,מענקים ואשראי לתשתיות,"27,365",0,0,0,0,25-מרץ-14
2014,73,3,עודפים 80%,5,עודפים,3,הודעה לועדה,0,733301,מענקים לתאגידי מים,850,0,0,0,0,25-מרץ-14
2014,73,4,שינויים פנימיים ועין גב,7,שינוי פנימי,1,אישור אגף,0,733001,פעולות שונות במשק המים,0,0,0,0,0,26-מרץ-14
2014,73,4,שינויים פנימיים ועין גב,7,שינוי פנימי,1,אישור אגף,0,733101,פיתוח מפעלי קולחין,0,0,0,0,0,26-מרץ-14
2014,73,4,שינויים פנימיים ועין גב,7,שינוי פנימי,1,אישור אגף,0,733201,מענקים ואשראי לתשתיות,0,0,0,0,0,26-מרץ-14
2014,76,1,הפחתה 1,1,קיצוץ,2,אישור ועדה,9000,768001,רזרבה,-220,0,0,0,0,27-ינו-14
2014,76,2,80% עודפים,5,עודפים,3,הודעה לועדה,0,761001,השקעה בפיתוח תשתיות,"6,254",0,0,0,0,25-מרץ-14
2014,76,3,שינוי פנימי,7,שינוי פנימי,1,אישור אגף,0,761001,השקעה בפיתוח תשתיות,0,0,0,0,0,12-מאי-14
2014,78,1,הפחתה 1,1,קיצוץ,2,אישור ועדה,9000,780111,רזרבה להתיקרויות,"-2,736",0,0,0,0,27-ינו-14
2014,78,2,העברת עודפים 50%,5,עודפים,3,הודעה לועדה,0,780104,פיתוח תשתיות תיירותיות,"5,065",0,0,0,0,25-מרץ-14
2014,78,2,העברת עודפים 50%,5,עודפים,3,הודעה לועדה,0,780201,"מענקים עפ""י חוק","1,385",0,0,0,0,25-מרץ-14
2014,78,2,העברת עודפים 50%,5,עודפים,3,הודעה לועדה,0,780202,מענקים מנהליים,"1,495",0,0,0,0,25-מרץ-14
2014,78,2,העברת עודפים 50%,5,עודפים,3,הודעה לועדה,0,780301,החברה להגנות ים המלח,"36,856",0,0,0,0,25-מרץ-14
2014,78,2,העברת עודפים 50%,5,עודפים,3,הודעה לועדה,0,780302,פיתוח ים המלח,"7,120",0,0,0,0,25-מרץ-14
2014,78,2,העברת עודפים 50%,5,עודפים,3,הודעה לועדה,0,780303,קציר ים המלח,"3,184",0,0,0,0,25-מרץ-14
2014,79,1,הפחתה 1,1,קיצוץ,2,אישור ועדה,9000,796001,רזרבה,"-71,062",0,0,0,0,27-ינו-14
2014,79,3,פניית עודפים 2014 - 80%,5,עודפים,3,הודעה לועדה,0,795001,רכבות כבדות,"1,921",0,0,0,0,25-מרץ-14
2014,79,3,פניית עודפים 2014 - 80%,5,עודפים,3,הודעה לועדה,0,795002,תחבורה ציבורית והסעת,"31,199",0,0,0,0,25-מרץ-14
2014,79,3,פניית עודפים 2014 - 80%,5,עודפים,3,הודעה לועדה,0,795101,כבישים בין-עירוניים,"4,210",0,0,0,0,25-מרץ-14
2014,79,3,פניית עודפים 2014 - 80%,5,עודפים,3,הודעה לועדה,0,795102,כבישים עירוניים,"47,829",0,0,0,0,25-מרץ-14
2014,79,3,פניית עודפים 2014 - 80%,5,עודפים,3,הודעה לועדה,0,795301,פיתוח משרדי,"13,264",0,0,0,0,25-מרץ-14
2014,79,4,"תח""צ - פניה תקציבית מספר 1",7,שינוי פנימי,1,אישור אגף,0,795002,תחבורה ציבורית והסעת,0,0,0,0,0,23-אפר-14
2014,83,1,הפחתה 1,1,קיצוץ,2,אישור ועדה,9000,830401,השקעות שונות,"-111,181",0,0,0,0,27-ינו-14
2014,83,5,תקצוב פורשי תעש,9,מרזרבה כללית,2,אישור ועדה,4,470102,תוכנית מעבר - רזרבה,"-500,000",0,0,0,0,23-אפר-14
2014,83,5,תקצוב פורשי תעש,9,מרזרבה כללית,2,אישור ועדה,4,830603,גופים במשבר - מימון,"548,500",0,0,"2,479,000",0,23-אפר-14
2014,83,5,תקצוב פורשי תעש,9,מרזרבה כללית,2,אישור ועדה,4,830701,מימון תוכניות הבראה,"-48,500",0,0,0,0,23-אפר-14
2014,83,8,"תע""ש 170 לסעיף 15",8,לרזרבה כללית,2,אישור ועדה,25,470102,תוכנית מעבר - רזרבה,"170,000",0,0,0,0,23-אפר-14
2014,83,8,"תע""ש 170 לסעיף 15",8,לרזרבה כללית,2,אישור ועדה,25,830701,מימון תוכניות הבראה,"-170,000",0,0,0,0,23-אפר-14
2014,89,2,תגבור שעות נוספות,7,שינוי פנימי,1,אישור אגף,0,890201,פעילות לשכת הפרסום,0,0,0,0,0,08-אפר-14
2014,98,2,פנייה פנימית מס' 1 רשות מקרקעי ישראל,7,שינוי פנימי,1,אישור אגף,0,982002,"מיקור חוץ, תפעול",0,0,0,0,0,20-מרץ-14
2014,98,2,פנייה פנימית מס' 1 רשות מקרקעי ישראל,7,שינוי פנימי,1,אישור אגף,0,982101,שמירה על הקרקע,0,0,0,0,0,20-מרץ-14
2014,98,2,פנייה פנימית מס' 1 רשות מקרקעי ישראל,7,שינוי פנימי,1,אישור אגף,0,982102,ניהול נכסי הדיור,0,0,0,0,0,20-מרץ-14
2014,98,2,פנייה פנימית מס' 1 רשות מקרקעי ישראל,7,שינוי פנימי,1,אישור אגף,0,982201,"הוצאות כלליות לשיווק,",0,0,0,0,0,20-מרץ-14
2014,98,2,פנייה פנימית מס' 1 רשות מקרקעי ישראל,7,שינוי פנימי,1,אישור אגף,0,982204,תכנון,0,0,0,0,0,20-מרץ-14
2014,98,2,פנייה פנימית מס' 1 רשות מקרקעי ישראל,7,שינוי פנימי,1,אישור אגף,0,982205,פיתוח,0,0,0,0,0,20-מרץ-14
2014,98,2,פנייה פנימית מס' 1 רשות מקרקעי ישראל,7,שינוי פנימי,1,אישור אגף,0,982206,פינויים,0,0,0,0,0,20-מרץ-14
2014,98,2,פנייה פנימית מס' 1 רשות מקרקעי ישראל,7,שינוי פנימי,1,אישור אגף,0,982208,הרשות להסדרת הבדואים,0,0,0,0,0,20-מרץ-14
2014,98,3,פנייה לועדת הכספים מס' 1,7,שינוי פנימי,2,אישור ועדה,22,982001,שכר וכוח אדם,0,0,0,0,0,07-אפר-14
2014,98,3,פנייה לועדת הכספים מס' 1,7,שינוי פנימי,2,אישור ועדה,22,982002,"מיקור חוץ, תפעול","9,000",0,0,0,0,07-אפר-14
2014,98,3,פנייה לועדת הכספים מס' 1,7,שינוי פנימי,2,אישור ועדה,22,982201,"הוצאות כלליות לשיווק,","271,805",0,0,"10,000",0,07-אפר-14
2014,98,3,פנייה לועדת הכספים מס' 1,7,שינוי פנימי,2,אישור ועדה,22,982204,תכנון,0,0,0,"178,740",0,07-אפר-14
2014,98,3,פנייה לועדת הכספים מס' 1,7,שינוי פנימי,2,אישור ועדה,22,982205,פיתוח,"-141,402",0,0,"-188,740",0,07-אפר-14
2014,98,3,פנייה לועדת הכספים מס' 1,7,שינוי פנימי,2,אישור ועדה,22,982206,פינויים,"-139,403",0,0,0,0,07-אפר-14
