שם חברה,תאור של ארגון רכש,שם אתר,תקנה תקציבית,תיאור תקנה תקציבית,הזמנת רכש,מטרת התקשרות,קוד ספק,שם הספק,מטבע,אופן רכישה,"מס' פנייה במנו""ף/מנור""",סיבת פטור,הזמנה רגישה,תאריך יצירת ההזמנה,סיום תקופת תוקף,"ערך ההזמנה כולל מע""מ","ביצוע חשבוניות במטבע מקומי כולל מע""מ והצ"
הנהלת בתי הדין הרבניים,בתי דין רבניים,בתי דין רבניים,22-03-01-12,הוצאות תפעול,4501005598,"דמי ניהול בי""ד צפת לשנת 2015",40243011,"ב.ש. צפת אחזקות בע""מ",ILS,פטור ממכרז,2007-16162,תקנה 3ג - מימוש זכות ברירה,לא,01-14-15,12-31-15,82197.69,93050.29
הנהלת בתי הדין הרבניים,בתי דין רבניים,בתי דין רבניים,22-03-01-12,הוצאות תפעול,4501005606,פרסום מודעות אבל,10000021,לשכת הפירסום הממשלתי,ILS,פטור ממכרז,15.3.2,תקנה 3(12) - לשכת הפרסום הממשלתית,לא,01-14-15,,1108.8,997.92
הנהלת בתי הדין הרבניים,בתי דין רבניים,בתי דין רבניים,22-03-01-12,הוצאות תפעול,4501005611,עבודות אינסטלציה חיפה,40395703,פייג יהודה צבי,ILS,פטור ממכרז,,"תקנה 3(1) - התקשרות ששוויה אינה עולה על 50,000 ש""ח",לא,01-14-15,,1622.59,1622.59
הנהלת בתי הדין הרבניים,בתי דין רבניים,בתי דין רבניים,22-03-01-14,הדרכה ושכר לימוד,4501005624,יום עיון ביד ושם,10000020,משרד ראש הממשלה,ILS,התקשרות עם גופים ממשלתיים,,,לא,01-14-15,,85,85
הנהלת בתי הדין הרבניים,בתי דין רבניים,בתי דין רבניים,22-03-01-14,הדרכה ושכר לימוד,4501005712,נופשון לגמלאים,40001098,"איילה נסיעות ותיירות בע""מ",ILS,פטור ממכרז,,"תקנה 3(1) - התקשרות ששוויה אינה עולה על 50,000 ש""ח",לא,01-14-15,,3145,3145
הנהלת בתי הדין הרבניים,בתי דין רבניים,בתי דין רבניים,22-03-01-12,הוצאות תפעול,4501005818,מודעת אבל - עוקבי,10000021,לשכת הפירסום הממשלתי,ILS,פטור ממכרז,15.3.2,תקנה 3(12) - לשכת הפרסום הממשלתית,לא,01-15-15,,801.36,801.36
הנהלת בתי הדין הרבניים,בתי דין רבניים,בתי דין רבניים,22-03-01-12,הוצאות תפעול,4501005819,מודעת אבל - תורג'מן,10000021,לשכת הפירסום הממשלתי,ILS,פטור ממכרז,15.3.2,תקנה 3(12) - לשכת הפרסום הממשלתית,לא,01-15-15,,504,504
הנהלת בתי הדין הרבניים,בתי דין רבניים,בתי דין רבניים,22-03-01-12,הוצאות תפעול,4501005828,אזחקת צמחיה בהנהלה לשנת 2015,40209484,"אבי משתלות אסי (1998) בע""מ",ILS,פטור ממכרז,,"תקנה 3(1) - התקשרות ששוויה אינה עולה על 50,000 ש""ח",לא,01-15-15,,7733.93,7800.02
הנהלת בתי הדין הרבניים,בתי דין רבניים,בתי דין רבניים,22-03-01-12,הוצאות תפעול,4501006790,השתתפות נציג ציבור בועדת מכרזים,41092901,גלס רפאל ראובן,ILS,פטור ממכרז,,"תקנה 3(1) - התקשרות ששוויה אינה עולה על 50,000 ש""ח",לא,01-18-15,,521.55999999999995,521.55999999999995
הנהלת בתי הדין הרבניים,בתי דין רבניים,בתי דין רבניים,22-03-01-18,הוצאות מחשוב,4501007039,סוללה למחשב נייד,40004149,י א מיטווך ובניו בעמ,ILS,פטור ממכרז,,"תקנה 3(1) - התקשרות ששוויה אינה עולה על 50,000 ש""ח",לא,01-18-15,,466.1,466.1
הנהלת בתי הדין הרבניים,בתי דין רבניים,בתי דין רבניים,22-03-01-14,הדרכה ושכר לימוד,4501008107,יום עיון בנושא שיפור השירות,10000020,משרד ראש הממשלה,ILS,התקשרות עם גופים ממשלתיים,,,לא,01-19-15,,200,200
הנהלת בתי הדין הרבניים,בתי דין רבניים,בתי דין רבניים,22-03-01-14,הדרכה ושכר לימוד,4501008118,יום עיון לממוני רווחה,10000020,משרד ראש הממשלה,ILS,התקשרות עם גופים ממשלתיים,,,לא,01-19-15,,200,0
הנהלת בתי הדין הרבניים,בתי דין רבניים,בתי דין רבניים,22-03-01-14,הדרכה ושכר לימוד,4501008157,הכשרת רפרנטים בנושא מכוני מיון,10000020,משרד ראש הממשלה,ILS,התקשרות עם גופים ממשלתיים,,,לא,01-19-15,,800,0
הנהלת בתי הדין הרבניים,בתי דין רבניים,בתי דין רבניים,08-53-01-13,השתתפות במנהל הדיור,4501008393,שכר דירה לבתי הדין הרבניים,10000192,מינהל הדיור הממשלתי,ILS,התקשרות עם גופים ממשלתיים,,,לא,01-20-15,12-31-15,6426823.7800000003,6426823.7800000003
הנהלת בתי הדין הרבניים,בתי דין רבניים,בתי דין רבניים,08-53-01-12,דמי שימוש ממשלתיים,4501008393,שכר דירה לבתי הדין הרבניים,10000192,מינהל הדיור הממשלתי,ILS,התקשרות עם גופים ממשלתיים,,,לא,01-20-15,12-31-15,621000,621280.23
הנהלת בתי הדין הרבניים,בתי דין רבניים,בתי דין רבניים,22-03-01-12,הוצאות תפעול,4501010044,"שירותי כבאות בי""ד ת""א 8/14",10000467,הרשות הלאומית לכבאות והצלה,ILS,התקשרות עם גופים ממשלתיים,,,לא,01-22-15,,218,218
הנהלת בתי הדין הרבניים,בתי דין רבניים,בתי דין רבניים,22-03-01-12,הוצאות תפעול,4501011221,"חבילות שי לט""ו בשבט",40471167,"עולם הממתקים - חבילות השי בע""מ",ILS,פטור ממכרז,,"תקנה 3(1) - התקשרות ששוויה אינה עולה על 50,000 ש""ח",לא,01-26-15,,28036.799999999999,28079.99
הנהלת בתי הדין הרבניים,בתי דין רבניים,בתי דין רבניים,22-03-01-12,הוצאות תפעול,4501011958,"תיקון שער חניה בי""ד רחובות",40001169,"עופר שערים אוטומטיים בע""מ",ILS,פטור ממכרז,,"תקנה 3(1) - התקשרות ששוויה אינה עולה על 50,000 ש""ח",לא,01-27-15,,1492.7,1492.7
הנהלת בתי הדין הרבניים,בתי דין רבניים,בתי דין רבניים,22-03-01-12,הוצאות תפעול,4501012251,תיקון מזגנים בהנהלה,40001394,מגדל הנביאים ירושלים ניהול ואחזקה (,ILS,פטור ממכרז,2015-27085,תקנה 3ג - מימוש זכות ברירה,לא,01-27-15,,14414.88,14414.88
הנהלת בתי הדין הרבניים,בתי דין רבניים,בתי דין רבניים,22-03-01-12,הוצאות תפעול,4501012689,"אגרת רשיון שילוט בי""ד ת""א 2015",20000201,עירית תל-אביב-יפו,ILS,פטור ממכרז,,"תקנה 3(1) - התקשרות ששוויה אינה עולה על 50,000 ש""ח",לא,01-28-15,,1350.6,1350.6
הנהלת בתי הדין הרבניים,בתי דין רבניים,בתי דין רבניים,22-03-01-12,הוצאות תפעול,4501012795,מנוי לעיתון ליועץ המשפטי לשנת 2015,41059088,עיתון מקור ראשון שותפות מוגבלת,ILS,מכרז מרכזי ממוכן,16.6.8,,לא,01-28-15,,934.56,934.56
הנהלת בתי הדין הרבניים,בתי דין רבניים,בתי דין רבניים,22-03-01-12,הוצאות תפעול,4501012806,"ספר ""הזכות לגירושין""",40005276,המכון הישראלי לדמוקרטיה,ILS,פטור ממכרז,,"תקנה 3(1) - התקשרות ששוויה אינה עולה על 50,000 ש""ח",לא,01-28-15,,75,51
הנהלת בתי הדין הרבניים,בתי דין רבניים,בתי דין רבניים,22-03-01-12,הוצאות תפעול,4501013040,כיבוד לנופשון גמלאים,10000066,המשרד לשירותי דת,ILS,התקשרות עם גופים ממשלתיים,,,לא,01-28-15,,565.5,565.5
הנהלת בתי הדין הרבניים,בתי דין רבניים,בתי דין רבניים,22-03-01-12,הוצאות תפעול,4501013732,פרסום מודעת אבל,10000021,לשכת הפירסום הממשלתי,ILS,פטור ממכרז,15.3.2,תקנה 3(12) - לשכת הפרסום הממשלתית,לא,01-29-15,,441,0
הנהלת בתי הדין הרבניים,בתי דין רבניים,בתי דין רבניים,22-03-01-12,הוצאות תפעול,4501014213,"מודעת אבל - ראובני, תל אביב",10000021,לשכת הפירסום הממשלתי,ILS,פטור ממכרז,15.3.2,תקנה 3(12) - לשכת הפרסום הממשלתית,לא,02-01-15,,1108.8,997.92
הנהלת בתי הדין הרבניים,בתי דין רבניים,בתי דין רבניים,22-03-01-15,פעולות,4501014978,שירות לאיתור בעלים מעגנים,40377840,חברת א.ס. ניהול רז חקירות,ILS,פטור ממכרז,542320,תקנה 3ג - מימוש זכות ברירה,לא,02-02-15,12-31-15,50310,0
הנהלת בתי הדין הרבניים,בתי דין רבניים,בתי דין רבניים,22-03-01-12,הוצאות תפעול,4501015006,"ביקורת ציוד כיבוי אש בי""ד אשדוד",10000467,הרשות הלאומית לכבאות והצלה,ILS,התקשרות עם גופים ממשלתיים,,,לא,02-02-15,,621,621
הנהלת בתי הדין הרבניים,בתי דין רבניים,בתי דין רבניים,22-03-01-12,הוצאות תפעול,4501015959,"עבודות אינסטלציה בי""ד פ""ת",40293042,יהודאי משה,ILS,פטור ממכרז,,"תקנה 3(1) - התקשרות ששוויה אינה עולה על 50,000 ש""ח",לא,02-04-15,,1439.6,1439.6
הנהלת בתי הדין הרבניים,בתי דין רבניים,בתי דין רבניים,22-03-01-12,הוצאות תפעול,4501016463,התקנת מסך ומצלמה בהנהלת בתי הדין,40001309,"שמאור - מוקד הבטחון הישראלי בע""מ",ILS,פטור ממכרז,,"תקנה 3(1) - התקשרות ששוויה אינה עולה על 50,000 ש""ח",לא,02-04-15,,2242,2242
הנהלת בתי הדין הרבניים,בתי דין רבניים,בתי דין רבניים,22-03-01-12,הוצאות תפעול,4501016839,עבור בדיקת שער חשמלי,40471866,"מ.א.ד. אל-רם שערים בע""מ",ILS,פטור ממכרז,,"תקנה 3(1) - התקשרות ששוויה אינה עולה על 50,000 ש""ח",לא,02-05-15,,377.6,377.6
הנהלת בתי הדין הרבניים,בתי דין רבניים,בתי דין רבניים,22-03-01-12,הוצאות תפעול,4501017623,"שכירת מבנה חלופי בי""ד רחובות",20000653,מ. ד. רחובות,ILS,פטור ממכרז,,"תקנה 3(1) - התקשרות ששוויה אינה עולה על 50,000 ש""ח",לא,02-08-15,,2500,2500
הנהלת בתי הדין הרבניים,בתי דין רבניים,בתי דין רבניים,22-03-01-14,הדרכה ושכר לימוד,4501017730,יום עיון למבקרים פנימיים,10000020,משרד ראש הממשלה,ILS,התקשרות עם גופים ממשלתיים,,,לא,02-08-15,,150,0
הנהלת בתי הדין הרבניים,בתי דין רבניים,בתי דין רבניים,22-03-01-14,הדרכה ושכר לימוד,4501017741,השתלמות הכנה לפרישה,10000020,משרד ראש הממשלה,ILS,התקשרות עם גופים ממשלתיים,,,לא,02-08-15,,900,0
הנהלת בתי הדין הרבניים,בתי דין רבניים,בתי דין רבניים,22-03-01-14,הדרכה ושכר לימוד,4501017748,השתלמות הכנה לפרישה,10000020,משרד ראש הממשלה,ILS,התקשרות עם גופים ממשלתיים,,,לא,02-08-15,,1800,0
הנהלת בתי הדין הרבניים,בתי דין רבניים,בתי דין רבניים,22-03-01-14,הדרכה ושכר לימוד,4501017751,השתלמות הכנה לפרישה,10000020,משרד ראש הממשלה,ILS,התקשרות עם גופים ממשלתיים,,,לא,02-08-15,,900,0
הנהלת בתי הדין הרבניים,בתי דין רבניים,בתי דין רבניים,22-03-01-12,הוצאות תפעול,4501018255,"עבודות אינסטלציה בי""ד ת""א",41119103,קרייף שמעון,ILS,פטור ממכרז,,"תקנה 3(1) - התקשרות ששוויה אינה עולה על 50,000 ש""ח",לא,02-09-15,,2950,2950
הנהלת בתי הדין הרבניים,בתי דין רבניים,בתי דין רבניים,22-03-01-12,הוצאות תפעול,4501018829,"התקנת דלת זכוכית בביה""ד ב""ש",40007161,"אשמורת ניהול נכסים בע""מ",ILS,פטור ממכרז,95321/1.10.1/29,תקנה 3ג - מימוש זכות ברירה,לא,02-10-15,,5050.3999999999996,5050.3999999999996
הנהלת בתי הדין הרבניים,בתי דין רבניים,בתי דין רבניים,22-03-01-12,הוצאות תפעול,4501019129,"ספר מנחת אשר כרכים ב,ג,ד",40293049,זרביב רחל,ILS,פטור ממכרז,2.8.2009,תקנה 3(29) - ספק יחיד,לא,02-10-15,,6549,6549
הנהלת בתי הדין הרבניים,בתי דין רבניים,בתי דין רבניים,22-03-01-12,הוצאות תפעול,4501019326,"תיקון מערכת כיבוי אש בי""ד תל אביב",40006154,"קבוצת אלנור טכנולוגיות אש בע""מ",ILS,פטור ממכרז,2000004077,תקנה 3ג - מימוש זכות ברירה,לא,02-10-15,,12047.8,12047.8
הנהלת בתי הדין הרבניים,בתי דין רבניים,בתי דין רבניים,22-03-01-12,הוצאות תפעול,4501019453,פרסום מודעת אבל,10000021,לשכת הפירסום הממשלתי,ILS,פטור ממכרז,15.3.2,תקנה 3(12) - לשכת הפרסום הממשלתית,לא,02-11-15,,851.76,851.76
הנהלת בתי הדין הרבניים,בתי דין רבניים,בתי דין רבניים,22-03-01-12,הוצאות תפעול,4501019486,פיקוח על מסירה אישית של כתבי דואר,40006107,"מרטנס הופמן יועצים לניהול בע""מ",ILS,פטור ממכרז,556407,תקנה 3ג - מימוש זכות ברירה,לא,02-11-15,12-31-15,42120,42390
הנהלת בתי הדין הרבניים,בתי דין רבניים,בתי דין רבניים,22-03-01-18,הוצאות מחשוב,4501020452,פורום מנמרים,40005255,"לשכת טכנולוגיית המידע בישראל ע""ש של",ILS,פטור ממכרז,,"תקנה 3(1) - התקשרות ששוויה אינה עולה על 50,000 ש""ח",לא,02-12-15,,2300,0
הנהלת בתי הדין הרבניים,בתי דין רבניים,בתי דין רבניים,22-03-01-18,הוצאות מחשוב,4501020494,"פרוייקט השו""ת",40004240,"בר-אילן חברה למחקר ופתוח בע""מ",ILS,פטור ממכרז,,"תקנה 3(1) - התקשרות ששוויה אינה עולה על 50,000 ש""ח",לא,02-12-15,,269,269
הנהלת בתי הדין הרבניים,בתי דין רבניים,בתי דין רבניים,22-03-01-18,הוצאות מחשוב,4501020511,מנוי שנתי לאתר נבו,40001463,"נבו הוצאה לאור בע""מ",ILS,פטור ממכרז,,"תקנה 3(1) - התקשרות ששוויה אינה עולה על 50,000 ש""ח",לא,02-12-15,,497.25,334
הנהלת בתי הדין הרבניים,בתי דין רבניים,בתי דין רבניים,22-03-01-12,הוצאות תפעול,4501020576,כיבוד למסיבת פרישה לדיין הרב יפרח,40127592,"בל (ג.י.י.ר.) בע""מ",ILS,פטור ממכרז,,"תקנה 3(1) - התקשרות ששוויה אינה עולה על 50,000 ש""ח",לא,02-12-15,,2500,2500
הנהלת בתי הדין הרבניים,בתי דין רבניים,בתי דין רבניים,22-03-01-12,הוצאות תפעול,4501020637,שי לדיינים שפרשו לגמלאות,40293089,"ש.ב. יודאיקה וכסף בע""מ",ILS,פטור ממכרז,,"תקנה 3(1) - התקשרות ששוויה אינה עולה על 50,000 ש""ח",לא,02-12-15,,2100,2100
הנהלת בתי הדין הרבניים,בתי דין רבניים,בתי דין רבניים,22-03-01-12,הוצאות תפעול,4501024609,שירותי מידע תקשורתי 1-7/15,40001296,"יפעת המרכז למידע תקשורתי בע""מ",ILS,תקנה 14ב - מכרז מרכזי,16.5.17,,לא,02-17-15,,31933.040000000001,10841.12
הנהלת בתי הדין הרבניים,בתי דין רבניים,בתי דין רבניים,22-03-01-12,הוצאות תפעול,4501026024,הסעת מרצים,40010480,"מסיעי אריה שאשא בע""מ",ILS,מכרז מרכזי ממוכן,537423,,לא,02-18-15,,1841.98,1841.98
הנהלת בתי הדין הרבניים,בתי דין רבניים,בתי דין רבניים,22-03-01-12,הוצאות תפעול,4501026028,"בדיקת בטיחות למעלית בי""ד ת""א בשנת 2015",40140964,אינג' א.צ. שטיין - עמוס שטיין מהנדס,ILS,פטור ממכרז,,"תקנה 3(1) - התקשרות ששוויה אינה עולה על 50,000 ש""ח",לא,02-18-15,,743.4,726.31
הנהלת בתי הדין הרבניים,בתי דין רבניים,בתי דין רבניים,22-03-01-12,הוצאות תפעול,4501026112,פרסום מודעת אבל,10000021,לשכת הפירסום הממשלתי,ILS,פטור ממכרז,15.3.2,תקנה 3(12) - לשכת הפרסום הממשלתית,לא,02-18-15,,851.76,851.76
הנהלת בתי הדין הרבניים,בתי דין רבניים,בתי דין רבניים,22-03-01-12,הוצאות תפעול,4501026230,"בדיקת בטיחות למעלית בי""ד פ""תנת 2015",40004035,פלד רון,ILS,פטור ממכרז,,"תקנה 3(1) - התקשרות ששוויה אינה עולה על 50,000 ש""ח",לא,02-18-15,,901.99,910.01
הנהלת בתי הדין הרבניים,בתי דין רבניים,בתי דין רבניים,22-03-01-14,הדרכה ושכר לימוד,4501027641,השתלמות הכנה לפרישה,10000020,משרד ראש הממשלה,ILS,התקשרות עם גופים ממשלתיים,,,לא,02-23-15,,900,0
הנהלת בתי הדין הרבניים,בתי דין רבניים,בתי דין רבניים,22-03-01-12,הוצאות תפעול,4501028440,"עבודות חשמל בי""ד גדול",40462730,כתריאלי עמיהוד,ILS,פטור ממכרז,,"תקנה 3(1) - התקשרות ששוויה אינה עולה על 50,000 ש""ח",לא,02-25-15,,1736.02,1736.02
הנהלת בתי הדין הרבניים,בתי דין רבניים,בתי דין רבניים,22-03-01-12,הוצאות תפעול,4501029538,"החלפת צילינדר בי""ד ירושלים",40001394,מגדל הנביאים ירושלים ניהול ואחזקה (,ILS,פטור ממכרז,,"תקנה 3(1) - התקשרות ששוויה אינה עולה על 50,000 ש""ח",לא,03-01-15,,94.4,94.4
הנהלת בתי הדין הרבניים,בתי דין רבניים,בתי דין רבניים,22-03-01-12,הוצאות תפעול,4501029592,"תיקון מזגן בי""ד חיפה",41121321,חרעובה פייר,ILS,פטור ממכרז,,"תקנה 3(1) - התקשרות ששוויה אינה עולה על 50,000 ש""ח",לא,03-01-15,,1121,1121
הנהלת בתי הדין הרבניים,בתי דין רבניים,בתי דין רבניים,22-03-01-12,הוצאות תפעול,4501029817,"אגרת שילוט 2015 בי""ד גדול",20000159,עירית ירושלים,ILS,פטור ממכרז,,"תקנה 3(1) - התקשרות ששוויה אינה עולה על 50,000 ש""ח",לא,03-01-15,,226.93,226.93
הנהלת בתי הדין הרבניים,בתי דין רבניים,בתי דין רבניים,22-03-01-12,הוצאות תפעול,4501029829,"עבודות חשמל בי""ד ת""א",40531999,"ב. יעד חשמל בע""מ",ILS,פטור ממכרז,18.2.15,תקנה 3(4)(ב)(1) - התקשרות המשך באישור ועדת מכרזים משרדית,לא,03-01-15,,16208.48,16208.48
הנהלת בתי הדין הרבניים,בתי דין רבניים,בתי דין רבניים,22-03-01-12,הוצאות תפעול,4501030019,עמלות דואר לשנת 2015,40189595,"חברת דואר ישראל בע""מ-עמלות",ILS,תקנה 14ב - מכרז מרכזי,1.7.1.1,,לא,03-02-15,,27266.38,25786.240000000002
הנהלת בתי הדין הרבניים,בתי דין רבניים,בתי דין רבניים,22-03-01-12,הוצאות תפעול,4501030563,"השתתפות בהוצאות אבטחה בי""ד ב""ש",10000025,משרד האוצר,ILS,התקשרות עם גופים ממשלתיים,,,לא,03-03-15,,17141,28478
הנהלת בתי הדין הרבניים,בתי דין רבניים,בתי דין רבניים,22-03-01-12,הוצאות תפעול,4501030614,"עבודות חשמל בי""ד גדול",41122910,הדר דוד,ILS,פטור ממכרז,,"תקנה 3(1) - התקשרות ששוויה אינה עולה על 50,000 ש""ח",לא,03-03-15,,566.4,566.4
הנהלת בתי הדין הרבניים,בתי דין רבניים,בתי דין רבניים,22-03-01-12,הוצאות תפעול,4501030680,השתתפות בשי לחגים לשנת 2015,70001118,"וועד עובדים ביה""ד חיפה",ILS,תשלומים לועד עובדים,,,לא,03-03-15,,11132.5,11132.5
הנהלת בתי הדין הרבניים,בתי דין רבניים,בתי דין רבניים,22-03-01-15,פעולות,4501030693,שירותי טיפול בענייני עגונות,40242830,בטיחות אנוש החברה לחקירת תאונות ומנ,ILS,פטור ממכרז,542320,תקנה 3ג - מימוש זכות ברירה,לא,03-03-15,12-31-15,25155,0
הנהלת בתי הדין הרבניים,בתי דין רבניים,בתי דין רבניים,22-03-01-12,הוצאות תפעול,4501030747,"ביקורת ציוד כיבוי אש בי""ד י-ם",10000467,הרשות הלאומית לכבאות והצלה,ILS,התקשרות עם גופים ממשלתיים,,,לא,03-03-15,,2111.42,2111.42
הנהלת בתי הדין הרבניים,בתי דין רבניים,בתי דין רבניים,22-03-01-12,הוצאות תפעול,4501032029,פרסום זימון לדיון,10000021,לשכת הפירסום הממשלתי,ILS,פטור ממכרז,15.3.2,תקנה 3(12) - לשכת הפרסום הממשלתית,לא,03-08-15,,12370,11430.5
הנהלת בתי הדין הרבניים,בתי דין רבניים,בתי דין רבניים,22-03-01-12,הוצאות תפעול,4501032739,"תרגום מודעה - זימון לדיון בעיתון בחו""ל",40001318,"פרוטוקול שרותי משרד 1993 בע""מ",ILS,פטור ממכרז,,"תקנה 3(1) - התקשרות ששוויה אינה עולה על 50,000 ש""ח",לא,03-09-15,,118,118
הנהלת בתי הדין הרבניים,בתי דין רבניים,בתי דין רבניים,22-03-01-12,הוצאות תפעול,4501034861,השתתפות בשי לחגים לשנת 2015,70001120,"וועד עובדים ביה""ד ת""א",ILS,תשלומים לועד עובדים,,,לא,03-15-15,,21840,21840
הנהלת בתי הדין הרבניים,בתי דין רבניים,בתי דין רבניים,22-03-01-12,הוצאות תפעול,4501035247,כיבוד למסיבת פרישה של הרב פרובר,40127592,"בל (ג.י.י.ר.) בע""מ",ILS,פטור ממכרז,,"תקנה 3(1) - התקשרות ששוויה אינה עולה על 50,000 ש""ח",לא,03-15-15,,2600.0700000000002,2600.0700000000002
הנהלת בתי הדין הרבניים,בתי דין רבניים,בתי דין רבניים,22-03-01-12,הוצאות תפעול,4501035253,"השתתפות בשי לחג הפסח תשע""ה",70001119,"וועד עובדים ביה""ד י-ם",ILS,תשלומים לועד עובדים,,,לא,03-15-15,,78532.5,78532.5
הנהלת בתי הדין הרבניים,בתי דין רבניים,בתי דין רבניים,22-03-01-12,הוצאות תפעול,4501035503,"צריכת מים בי""ד נתניה לשנת 2015",20000781,"מי נתניה (2003) בע""מ",ILS,תשלומי חשמל/מים/ארנונה/כבישי אגרה,,,לא,03-16-15,12-31-15,5900,5156.87
הנהלת בתי הדין הרבניים,בתי דין רבניים,בתי דין רבניים,22-03-01-12,הוצאות תפעול,4501035654,ארנונה למחסנים לשנת 2015,40001101,מגדל הנביאים בעמ,ILS,פטור ממכרז,,"תקנה 3(1) - התקשרות ששוויה אינה עולה על 50,000 ש""ח",לא,03-16-15,,2351,2351
הנהלת בתי הדין הרבניים,בתי דין רבניים,בתי דין רבניים,22-03-01-15,פעולות,4501035668,שירותי טיפול בענייני עגונות,40251204,סננס ויקטור,ILS,פטור ממכרז,542320,תקנה 3(28) - נסיבות מיוחדות,לא,03-16-15,,49588.11,0
הנהלת בתי הדין הרבניים,בתי דין רבניים,בתי דין רבניים,22-03-01-12,הוצאות תפעול,4501035775,שירות אחזקה למזגנים שנת 2015,40004217,ת.ד.ל בעמ,ILS,פטור ממכרז,20.10.14,תקנה 3ג - מימוש זכות ברירה,לא,03-16-15,12-31-15,84156.74,82515.41
הנהלת בתי הדין הרבניים,בתי דין רבניים,בתי דין רבניים,22-03-01-12,הוצאות תפעול,4501036233,"שירותי חנייה בי""ד רחובות",40408595,דרי אמנון,ILS,פטור ממכרז,2.8.2009,תקנה 3(29) - ספק יחיד,לא,03-18-15,,12870,5175.5
הנהלת בתי הדין הרבניים,בתי דין רבניים,בתי דין רבניים,22-03-01-12,הוצאות תפעול,4501036252,"השגחה בבחינות לטו""ר",40315316,תנעמי אסתר,ILS,פטור ממכרז,,"תקנה 3(1) - התקשרות ששוויה אינה עולה על 50,000 ש""ח",לא,03-18-15,,1317.59,1293.58
הנהלת בתי הדין הרבניים,בתי דין רבניים,בתי דין רבניים,22-03-01-12,הוצאות תפעול,4501036282,השתת' נציג ציבור בועדת מכרזים,40300724,שוחטמן אליאב,ILS,פטור ממכרז,,"תקנה 3(1) - התקשרות ששוויה אינה עולה על 50,000 ש""ח",לא,03-18-15,,938.1,938.1
הנהלת בתי הדין הרבניים,בתי דין רבניים,בתי דין רבניים,22-03-01-12,הוצאות תפעול,4501036482,"תיקון מחסום שער בי""ד ת""א",40826885,"דורון שערים בע""מ",ILS,פטור ממכרז,,"תקנה 3(1) - התקשרות ששוויה אינה עולה על 50,000 ש""ח",לא,03-19-15,,885,825.71
הנהלת בתי הדין הרבניים,בתי דין רבניים,בתי דין רבניים,22-03-01-12,הוצאות תפעול,4501036712,פרסום מודעת אבל - קהתי,10000021,לשכת הפירסום הממשלתי,ILS,פטור ממכרז,15.3.2,תקנה 3(12) - לשכת הפרסום הממשלתית,לא,03-19-15,,1108.8,997.92
הנהלת בתי הדין הרבניים,בתי דין רבניים,בתי דין רבניים,22-03-01-12,הוצאות תפעול,4501037509,נציגות ציבור בועדת מכרזים,40532729,דאו הלוי חנה,ILS,פטור ממכרז,,"תקנה 3(1) - התקשרות ששוויה אינה עולה על 50,000 ש""ח",לא,03-22-15,,782.34,782.34
הנהלת בתי הדין הרבניים,בתי דין רבניים,בתי דין רבניים,22-03-01-12,הוצאות תפעול,4501038179,ארוחת צהרים - ביקור הנהלה טבריה,40242543,בטאן אברהם,ILS,פטור ממכרז,,"תקנה 3(1) - התקשרות ששוויה אינה עולה על 50,000 ש""ח",לא,03-23-15,,854.41,854.41
הנהלת בתי הדין הרבניים,בתי דין רבניים,בתי דין רבניים,22-03-01-12,הוצאות תפעול,4501039778,"כיבוד להרמת כוסית לחג הפסח תשע""ה",40127592,"בל (ג.י.י.ר.) בע""מ",ILS,פטור ממכרז,,"תקנה 3(1) - התקשרות ששוויה אינה עולה על 50,000 ש""ח",לא,03-26-15,,899.99,899.99
הנהלת בתי הדין הרבניים,בתי דין רבניים,בתי דין רבניים,22-03-01-12,הוצאות תפעול,4501042635,פרסום מודעת אבל - צדקיהו,10000021,לשכת הפירסום הממשלתי,ILS,פטור ממכרז,15.3.2,תקנה 3(12) - לשכת הפרסום הממשלתית,לא,04-12-15,,476.28,476.28
הנהלת בתי הדין הרבניים,בתי דין רבניים,בתי דין רבניים,22-03-01-12,הוצאות תפעול,4501042643,ועדה רפואית לעובד גמליאל שלומי,10000102,לשכת הבריאות מחוז י-ם,ILS,התקשרות עם גופים ממשלתיים,,,לא,04-12-15,,489,489
הנהלת בתי הדין הרבניים,בתי דין רבניים,בתי דין רבניים,22-03-01-12,הוצאות תפעול,4501042649,ועדה רפואית לעובד חנוך גליק,10000103,"לשכת הבריאות,מחוז ת""א",ILS,התקשרות עם גופים ממשלתיים,,,לא,04-12-15,,489,479
הנהלת בתי הדין הרבניים,בתי דין רבניים,בתי דין רבניים,22-03-01-12,הוצאות תפעול,4501042654,שירותי ייעוץ ארנונה לשנת 2015,10000192,מינהל הדיור הממשלתי,ILS,התקשרות עם גופים ממשלתיים,,,לא,04-12-15,,10034,10034
הנהלת בתי הדין הרבניים,בתי דין רבניים,בתי דין רבניים,22-03-01-12,הוצאות תפעול,4501042656,"תשלומי מים בי""ד צפת שנת 2015",20000556,פלג הגליל החברה האזורית למים וביוב,ILS,תשלומי חשמל/מים/ארנונה/כבישי אגרה,,,לא,04-12-15,12-31-15,7080,2523.58
הנהלת בתי הדין הרבניים,בתי דין רבניים,בתי דין רבניים,22-03-01-12,הוצאות תפעול,4501042663,"תשלומי מים בי""ד גדול שנת 2015",20000796,"חברת הגיחון בע""מ",ILS,תשלומי חשמל/מים/ארנונה/כבישי אגרה,,,לא,04-12-15,12-31-15,14160,5155.13
הנהלת בתי הדין הרבניים,בתי דין רבניים,בתי דין רבניים,22-03-01-12,הוצאות תפעול,4501042667,"תשלומי מים בי""ד פ""ת שנת 2015",20000749,"מיתב - תאגיד אזורי למים וביוב בע""מ",ILS,תשלומי חשמל/מים/ארנונה/כבישי אגרה,,,לא,04-12-15,12-31-15,4956,4534.51
הנהלת בתי הדין הרבניים,בתי דין רבניים,בתי דין רבניים,22-03-01-12,הוצאות תפעול,4501042674,"תיקון שער חניה בי""ד רחובות",40001169,"עופר שערים אוטומטיים בע""מ",ILS,פטור ממכרז,,"תקנה 3(1) - התקשרות ששוויה אינה עולה על 50,000 ש""ח",לא,04-12-15,,991.2,991.2
הנהלת בתי הדין הרבניים,בתי דין רבניים,בתי דין רבניים,22-03-01-12,הוצאות תפעול,4501042680,מחזירי שמן לדלתות,40004321,"א.נ.ח. אספקה טכנית בע""מ",ILS,פטור ממכרז,,"תקנה 3(1) - התקשרות ששוויה אינה עולה על 50,000 ש""ח",לא,04-12-15,,500.41,500.41
הנהלת בתי הדין הרבניים,בתי דין רבניים,בתי דין רבניים,22-03-01-14,הדרכה ושכר לימוד,4501043927,יום עיון לממונים על הדרכה,10000020,משרד ראש הממשלה,ILS,התקשרות עם גופים ממשלתיים,,,לא,04-14-15,,150,150
הנהלת בתי הדין הרבניים,בתי דין רבניים,בתי דין רבניים,22-03-01-12,הוצאות תפעול,4501045266,"הדברה בביה""ד הרבני פתח תקוה",40405935,בר עזרא יניב,ILS,פטור ממכרז,,"תקנה 3(1) - התקשרות ששוויה אינה עולה על 50,000 ש""ח",לא,04-16-15,,2017.8,2017.8
הנהלת בתי הדין הרבניים,בתי דין רבניים,בתי דין רבניים,22-03-01-15,פעולות,4501045413,"בירור יהדות בי""ד אשדוד",40944830,גיליצ'נסקי זלמן,ILS,פטור ממכרז,,"תקנה 3(1) - התקשרות ששוויה אינה עולה על 50,000 ש""ח",לא,04-16-15,,1100,1100
הנהלת בתי הדין הרבניים,בתי דין רבניים,בתי דין רבניים,22-03-01-15,פעולות,4501046457,"עבור נסיעה לארה""ב לטיפול בתיקי עגונות",41003244,משרד סוכנות/האוצר נסיעות ממשלתית,ILS,התקשרות עם גופים ממשלתיים,,,לא,04-20-15,,5850,5763.68
הנהלת בתי הדין הרבניים,בתי דין רבניים,בתי דין רבניים,22-03-01-12,הוצאות תפעול,4501046527,ביקורת דוחות כספיים,40243135,יהודה ארליך ושות' רואי,ILS,תקנה 5(ג)(1) - התקשרות עם מומחה - פניה תחרותית להצעות,560195,,לא,04-20-15,11-30-15,70800,70800
הנהלת בתי הדין הרבניים,בתי דין רבניים,בתי דין רבניים,22-03-01-12,הוצאות תפעול,4501046677,"צריכת מים לשנת 2015 בי""ד אשדוד",20000786,"יובלים אשדוד בע""מ",ILS,תשלומי חשמל/מים/ארנונה/כבישי אגרה,,,לא,04-20-15,12-31-15,2950,3112.37
הנהלת בתי הדין הרבניים,בתי דין רבניים,בתי דין רבניים,22-03-01-12,הוצאות תפעול,4501046789,הדפסת שוברי הפקדה בבנק הדואר,40140986,"ע.ח. אופסט קולור בע""מ",ILS,פטור ממכרז,,"תקנה 3(1) - התקשרות ששוויה אינה עולה על 50,000 ש""ח",לא,04-20-15,,9781.2000000000007,0
הנהלת בתי הדין הרבניים,בתי דין רבניים,בתי דין רבניים,22-03-01-12,הוצאות תפעול,4501047787,"צריכת מים לשנת 2015 בי""ד חיפה",20000748,"מי כרמל בע""מ",ILS,תשלומי חשמל/מים/ארנונה/כבישי אגרה,,,לא,04-22-15,12-31-15,14160,8487.7900000000009
הנהלת בתי הדין הרבניים,בתי דין רבניים,בתי דין רבניים,22-03-01-15,פעולות,4501047970,שירות לאיתור בעלים מעגנים,40933618,קדמון- יהלום מודיעין וחקירות,ILS,פטור ממכרז,542320,תקנה 3(4)(ב)(1) - התקשרות המשך באישור ועדת מכרזים משרדית,לא,04-22-15,12-31-15,16380,0
הנהלת בתי הדין הרבניים,בתי דין רבניים,בתי דין רבניים,22-03-01-14,הדרכה ושכר לימוד,4501048558,השתלמות בנושא טוהר המידות והמשמעת,10000020,משרד ראש הממשלה,ILS,התקשרות עם גופים ממשלתיים,,,לא,04-26-15,,2300,2300
הנהלת בתי הדין הרבניים,בתי דין רבניים,בתי דין רבניים,22-03-01-12,הוצאות תפעול,4501048967,ארוחת צהרים לכנס מבררי יהדות,41067394,לוי דוד,ILS,פטור ממכרז,,"תקנה 3(1) - התקשרות ששוויה אינה עולה על 50,000 ש""ח",לא,04-27-15,,908.6,908.6
הנהלת בתי הדין הרבניים,בתי דין רבניים,בתי דין רבניים,22-03-01-15,פעולות,4501048977,עבור איתור בעלים מעגנים,40006692,כהן מורן משה,ILS,תקנה 1ב - מכרז פומבי רגיל,542320,,לא,04-27-15,12-31-15,26910,14160
הנהלת בתי הדין הרבניים,בתי דין רבניים,בתי דין רבניים,22-03-01-12,הוצאות תפעול,4501049313,"תיקון שער חניה בי""ד רחובות",40001169,"עופר שערים אוטומטיים בע""מ",ILS,פטור ממכרז,,"תקנה 3(1) - התקשרות ששוויה אינה עולה על 50,000 ש""ח",לא,04-28-15,,1357.2,1038.92
הנהלת בתי הדין הרבניים,בתי דין רבניים,בתי דין רבניים,22-03-01-12,הוצאות תפעול,4501049323,"עבודות גינון וגיזום בי""ד ת""א",40959354,מנשה מיכאל,ILS,פטור ממכרז,,"תקנה 3(1) - התקשרות ששוויה אינה עולה על 50,000 ש""ח",לא,04-28-15,,2950,2950
הנהלת בתי הדין הרבניים,בתי דין רבניים,בתי דין רבניים,22-03-01-12,הוצאות תפעול,4501049537,פרסום מודעת אבל - חיפה,10000021,לשכת הפירסום הממשלתי,ILS,פטור ממכרז,15.3.2,תקנה 3(12) - לשכת הפרסום הממשלתית,לא,04-28-15,,441,440
הנהלת בתי הדין הרבניים,בתי דין רבניים,בתי דין רבניים,22-03-01-18,הוצאות מחשוב,4501050022,"החלפת מערכת האחסון הראשית בשיר""ה",40001605,"טלדור מערכות מחשבים (1986) בע""מ",ILS,פטור ממכרז,1/2007,תקנה 3ג - מימוש זכות ברירה,לא,04-29-15,,391010.7,391010.7
הנהלת בתי הדין הרבניים,בתי דין רבניים,בתי דין רבניים,22-03-01-18,הוצאות מחשוב,4501050048,שירותי סריקה ומפתוח,40001605,"טלדור מערכות מחשבים (1986) בע""מ",ILS,פטור ממכרז,1/2007,תקנה 3ג - מימוש זכות ברירה,לא,04-29-15,,56160,56400
הנהלת בתי הדין הרבניים,בתי דין רבניים,בתי דין רבניים,22-03-01-15,פעולות,4501051042,"נסיעה לחו""ל לטיפול בענייני עגונות",41003244,משרד סוכנות/האוצר נסיעות ממשלתית,ILS,התקשרות עם גופים ממשלתיים,,,לא,05-03-15,,8488,8520.2199999999993
הנהלת בתי הדין הרבניים,בתי דין רבניים,בתי דין רבניים,22-03-01-12,הוצאות תפעול,4501051084,פרסום מודעת אבל - ירושלים,10000021,לשכת הפירסום הממשלתי,ILS,פטור ממכרז,15.3.2,תקנה 3(12) - לשכת הפרסום הממשלתית,לא,05-03-15,,801.36,800.85
הנהלת בתי הדין הרבניים,בתי דין רבניים,בתי דין רבניים,22-03-01-12,הוצאות תפעול,4501052402,"תיקון מזגן בי""ד חיפה",41121321,חרעובה פייר,ILS,פטור ממכרז,,"תקנה 3(1) - התקשרות ששוויה אינה עולה על 50,000 ש""ח",לא,05-05-15,,2360,2360
הנהלת בתי הדין הרבניים,בתי דין רבניים,בתי דין רבניים,22-03-01-14,הדרכה ושכר לימוד,4501055647,השתתפות בקורס בניה ירוקה,10000192,מינהל הדיור הממשלתי,ILS,התקשרות עם גופים ממשלתיים,,,לא,05-12-15,,2740,2740
הנהלת בתי הדין הרבניים,בתי דין רבניים,בתי דין רבניים,22-03-01-12,הוצאות תפעול,4501055666,מחזירי שמן לדלתות - ירושלים,40001394,מגדל הנביאים ירושלים ניהול ואחזקה (,ILS,פטור ממכרז,,"תקנה 3(1) - התקשרות ששוויה אינה עולה על 50,000 ש""ח",לא,05-12-15,,944,944
הנהלת בתי הדין הרבניים,בתי דין רבניים,בתי דין רבניים,22-03-01-12,הוצאות תפעול,4501055678,תרגום מסמכים לצורך בירור יהדות,40001318,"פרוטוקול שרותי משרד 1993 בע""מ",ILS,פטור ממכרז,,"תקנה 3(1) - התקשרות ששוויה אינה עולה על 50,000 ש""ח",לא,05-12-15,,676.26,682.04
הנהלת בתי הדין הרבניים,בתי דין רבניים,בתי דין רבניים,22-03-01-12,הוצאות תפעול,4501055707,שי לדיינים פורשים,40293089,"ש.ב. יודאיקה וכסף בע""מ",ILS,פטור ממכרז,,"תקנה 3(1) - התקשרות ששוויה אינה עולה על 50,000 ש""ח",לא,05-12-15,,2099.9299999999998,2099.9299999999998
הנהלת בתי הדין הרבניים,בתי דין רבניים,בתי דין רבניים,22-03-01-12,הוצאות תפעול,4501056072,"השגחה בבחינות לטו""ר",40903460,תם יואל,ILS,פטור ממכרז,,"תקנה 3(1) - התקשרות ששוויה אינה עולה על 50,000 ש""ח",לא,05-13-15,,671.88,671.88
הנהלת בתי הדין הרבניים,בתי דין רבניים,בתי דין רבניים,22-03-01-12,הוצאות תפעול,4501056370,מוצרי חשמל לבתי הדין,40001103,קרביץ (1974) בעמ,ILS,פטור ממכרז,,"תקנה 3(1) - התקשרות ששוויה אינה עולה על 50,000 ש""ח",לא,05-13-15,,1681.5,1681.5
הנהלת בתי הדין הרבניים,בתי דין רבניים,בתי דין רבניים,22-03-01-12,הוצאות תפעול,4501056394,שירותי הדפסת חוברות,40374201,"גרפצ'יק בע""מ",ILS,פטור ממכרז,,"תקנה 3(1) - התקשרות ששוויה אינה עולה על 50,000 ש""ח",לא,05-13-15,,594.72,594.72
הנהלת בתי הדין הרבניים,בתי דין רבניים,בתי דין רבניים,22-03-01-12,הוצאות תפעול,4501057323,"השגחה בבחינות לטו""ר",40446838,לוסטיג גבריאל,ILS,פטור ממכרז,,"תקנה 3(1) - התקשרות ששוויה אינה עולה על 50,000 ש""ח",לא,05-17-15,,1171.72,1169.79
הנהלת בתי הדין הרבניים,בתי דין רבניים,בתי דין רבניים,22-03-01-12,הוצאות תפעול,4501057399,עבור לינות דיינים באילת לשנת 2015,10000175,הנהלת בתי משפט,ILS,התקשרות עם גופים ממשלתיים,,,לא,05-17-15,,15648,0
הנהלת בתי הדין הרבניים,בתי דין רבניים,בתי דין רבניים,22-03-01-12,הוצאות תפעול,4501057440,"עבודות אינסטלציה בי""ד חיפה",40395703,פייג יהודה צבי,ILS,פטור ממכרז,,"תקנה 3(1) - התקשרות ששוויה אינה עולה על 50,000 ש""ח",לא,05-17-15,,2124,2124
הנהלת בתי הדין הרבניים,בתי דין רבניים,בתי דין רבניים,22-03-01-12,הוצאות תפעול,4501059441,ארוחת צהרים ביקור הנהלה,41070207,פרידמן חיה,ILS,פטור ממכרז,,"תקנה 3(1) - התקשרות ששוויה אינה עולה על 50,000 ש""ח",לא,05-21-15,,1050.01,1050.01
הנהלת בתי הדין הרבניים,בתי דין רבניים,בתי דין רבניים,22-03-01-12,הוצאות תפעול,4501059540,"תיקון מחסום בי""ד ת""א",40826885,"דורון שערים בע""מ",ILS,פטור ממכרז,,"תקנה 3(1) - התקשרות ששוויה אינה עולה על 50,000 ש""ח",לא,05-21-15,,1062,1062
הנהלת בתי הדין הרבניים,בתי דין רבניים,בתי דין רבניים,22-03-01-12,הוצאות תפעול,4501059588,"עיצוב לוגו למכונת ביול בי""ד חיפה",41049139,"אי.או.אס פתרונות משרד מתקדמים בע""מ",ILS,פטור ממכרז,,"תקנה 3(1) - התקשרות ששוויה אינה עולה על 50,000 ש""ח",לא,05-21-15,,254.9,254.9
הנהלת בתי הדין הרבניים,בתי דין רבניים,בתי דין רבניים,22-03-01-12,הוצאות תפעול,4501060022,דיו למכונת ביול,41049139,"אי.או.אס פתרונות משרד מתקדמים בע""מ",ILS,פטור ממכרז,,"תקנה 3(1) - התקשרות ששוויה אינה עולה על 50,000 ש""ח",לא,05-25-15,,1050.2,1050.2
הנהלת בתי הדין הרבניים,בתי דין רבניים,בתי דין רבניים,22-03-01-12,הוצאות תפעול,4501060595,"בדיקת אספקת אויר בביה""ד ירושלים",40555543,"לייף סייבר פתרונות קרינה בע""מ",ILS,פטור ממכרז,,"תקנה 3(1) - התקשרות ששוויה אינה עולה על 50,000 ש""ח",לא,05-26-15,,4484,4484
הנהלת בתי הדין הרבניים,בתי דין רבניים,בתי דין רבניים,22-03-01-12,הוצאות תפעול,4501060664,פרסום מודעת אבל - הרב ריגר תל אביב,10000021,לשכת הפירסום הממשלתי,ILS,פטור ממכרז,15.3.2,תקנה 3(12) - לשכת הפרסום הממשלתית,לא,05-26-15,,801.36,800.85
הנהלת בתי הדין הרבניים,בתי דין רבניים,בתי דין רבניים,22-03-01-12,הוצאות תפעול,4501061639,עבודות חשמל,40293044,סמוכיאן שי,ILS,פטור ממכרז,,"תקנה 3(1) - התקשרות ששוויה אינה עולה על 50,000 ש""ח",לא,05-28-15,,2964.97,2990.29
הנהלת בתי הדין הרבניים,בתי דין רבניים,בתי דין רבניים,22-03-01-12,הוצאות תפעול,4501061669,ביקורת ציוד כיבוי אש,10000467,הרשות הלאומית לכבאות והצלה,ILS,התקשרות עם גופים ממשלתיים,,,לא,05-28-15,,1259.74,1259.74
הנהלת בתי הדין הרבניים,בתי דין רבניים,בתי דין רבניים,22-03-01-12,הוצאות תפעול,4501061782,מנוי לסקירה משפטית,40265830,"ס.מ. עדכונים מקצועיים בע""מ",ILS,פטור ממכרז,,"תקנה 3(1) - התקשרות ששוויה אינה עולה על 50,000 ש""ח",לא,05-28-15,,2502.7800000000002,2502.7800000000002
הנהלת בתי הדין הרבניים,בתי דין רבניים,בתי דין רבניים,22-03-01-12,הוצאות תפעול,4501062862,כיבוד למסיבת פרישה מדיין,40127592,"בל (ג.י.י.ר.) בע""מ",ILS,פטור ממכרז,,"תקנה 3(1) - התקשרות ששוויה אינה עולה על 50,000 ש""ח",לא,06-01-15,,2870,2870
הנהלת בתי הדין הרבניים,בתי דין רבניים,בתי דין רבניים,22-03-01-15,פעולות,4501064680,נסיעה לחול לטיפול בענייני עגונות,41003244,משרד סוכנות/האוצר נסיעות ממשלתית,ILS,התקשרות עם גופים ממשלתיים,,,לא,06-04-15,,8500.41,0
הנהלת בתי הדין הרבניים,בתי דין רבניים,בתי דין רבניים,22-03-01-14,הדרכה ושכר לימוד,4501065058,השתלמות למנהלים בנושא ניהול,41209654,"תכלית שקד בע""מ",ILS,פטור ממכרז,,"תקנה 3(1) - התקשרות ששוויה אינה עולה על 50,000 ש""ח",לא,06-07-15,,5310,5310
הנהלת בתי הדין הרבניים,בתי דין רבניים,בתי דין רבניים,22-03-01-12,הוצאות תפעול,4501065090,מנוי סלולרי לחניה,40413627,"מילגם חניה סלולארית בע""מ",ILS,פטור ממכרז,,"תקנה 3(1) - התקשרות ששוויה אינה עולה על 50,000 ש""ח",לא,06-07-15,,494.91,391.93
הנהלת בתי הדין הרבניים,בתי דין רבניים,בתי דין רבניים,22-03-01-15,פעולות,4501065112,"הפקת שיחות לתיק בביה""ד הגדול",40005159,"חברת פרטנר תקשורת בע""מ",ILS,פטור ממכרז,,"תקנה 3(1) - התקשרות ששוויה אינה עולה על 50,000 ש""ח",לא,06-07-15,,97.94,97.94
הנהלת בתי הדין הרבניים,בתי דין רבניים,בתי דין רבניים,22-03-01-14,הדרכה ושכר לימוד,4501065509,השתתפות ביום עיון בנושא תכנון פרישה,10000020,משרד ראש הממשלה,ILS,התקשרות עם גופים ממשלתיים,,,לא,06-07-15,,300,300
הנהלת בתי הדין הרבניים,בתי דין רבניים,בתי דין רבניים,22-03-01-12,הוצאות תפעול,4501065817,"הובלת ארגזים בביה""ד תל אביב",41133245,המר אברהם,ILS,פטור ממכרז,,"תקנה 3(1) - התקשרות ששוויה אינה עולה על 50,000 ש""ח",לא,06-08-15,,3540,3540
הנהלת בתי הדין הרבניים,בתי דין רבניים,בתי דין רבניים,22-03-01-14,הדרכה ושכר לימוד,4501066489,הרצאה מפגש ניהול בנתניה,40891395,לוי קובי,ILS,פטור ממכרז,,"תקנה 3(1) - התקשרות ששוויה אינה עולה על 50,000 ש""ח",לא,06-09-15,,991.52,0
הנהלת בתי הדין הרבניים,בתי דין רבניים,בתי דין רבניים,22-03-01-12,הוצאות תפעול,4501066516,ארוחת צהרים מפגש ניהול נתניה,41248067,"נ.י.ג מסעדות בע""מ",ILS,פטור ממכרז,,"תקנה 3(1) - התקשרות ששוויה אינה עולה על 50,000 ש""ח",לא,06-09-15,,2639.99,2639.99
הנהלת בתי הדין הרבניים,בתי דין רבניים,בתי דין רבניים,22-03-01-12,הוצאות תפעול,4501066538,הדפסת ברושורים בירור יהדות,40007105,"דפוסית דפוס והוצאה לאור בע""מ",ILS,פטור ממכרז,,"תקנה 3(1) - התקשרות ששוויה אינה עולה על 50,000 ש""ח",לא,06-09-15,,5382,5428
הנהלת בתי הדין הרבניים,בתי דין רבניים,בתי דין רבניים,22-03-01-14,הדרכה ושכר לימוד,4501066557,אירוח מפגש ניהול בנתניה,40150050,"זיבוטל בע""מ",ILS,פטור ממכרז,,"תקנה 3(1) - התקשרות ששוויה אינה עולה על 50,000 ש""ח",לא,06-09-15,,8604.56,8512.52
הנהלת בתי הדין הרבניים,בתי דין רבניים,בתי דין רבניים,22-03-01-18,הוצאות מחשוב,4501066998,רשיון לתוכנת נבו,40001463,"נבו הוצאה לאור בע""מ",ILS,פטור ממכרז,,"תקנה 3(1) - התקשרות ששוויה אינה עולה על 50,000 ש""ח",לא,06-10-15,,3000.01,3000.01
הנהלת בתי הדין הרבניים,בתי דין רבניים,בתי דין רבניים,22-03-01-18,הוצאות מחשוב,4501067394,טרנספרים למדפסת סמסונג,40001244,"דנגוט מחשבים בע""מ",ILS,מכרז מרכזי ממוכן,537981,,לא,06-11-15,,2210.14,2314.69
הנהלת בתי הדין הרבניים,בתי דין רבניים,בתי דין רבניים,22-03-01-12,הוצאות תפעול,4501067543,"ייצוג המדינה בהליכים פדרליים בארה""ב",10000029,משרד המשפטים,ILS,התקשרות עם גופים ממשלתיים,,,לא,06-11-15,,765400,0
הנהלת בתי הדין הרבניים,בתי דין רבניים,בתי דין רבניים,22-03-01-12,הוצאות תפעול,4501067557,"ייצוג המדינה בהליכים משפטיים בארה""ב",10000029,משרד המשפטים,ILS,התקשרות עם גופים ממשלתיים,,,לא,06-11-15,,574050,0
הנהלת בתי הדין הרבניים,בתי דין רבניים,בתי דין רבניים,22-03-01-12,הוצאות תפעול,4501068570,שירות הסעות מפגש ניהול נתניה,40228339,"בון תור בע""מ",ILS,מכרז מרכזי ממוכן,537423,,לא,06-15-15,,3517.16,3517.16
הנהלת בתי הדין הרבניים,בתי דין רבניים,בתי דין רבניים,22-03-01-12,הוצאות תפעול,4501069252,יומני שנה לגמלאים ועובדים בבתי הדין,40001103,קרביץ (1974) בעמ,ILS,פטור ממכרז,,"תקנה 3(1) - התקשרות ששוויה אינה עולה על 50,000 ש""ח",לא,06-16-15,,1685.63,1685.63
הנהלת בתי הדין הרבניים,בתי דין רבניים,בתי דין רבניים,22-03-01-12,הוצאות תפעול,4501069353,"עבודות אינסטלציה בי""ד פ""ת",40293042,יהודאי משה,ILS,פטור ממכרז,,"תקנה 3(1) - התקשרות ששוויה אינה עולה על 50,000 ש""ח",לא,06-16-15,,554.6,554.6
הנהלת בתי הדין הרבניים,בתי דין רבניים,בתי דין רבניים,22-03-01-12,הוצאות תפעול,4501070649,"בדיקת בטיחות למעלית בי""ד גדול",40139460,"יפית - בטיחות, גיהות ואיכות הסביבה",ILS,פטור ממכרז,,"תקנה 3(1) - התקשרות ששוויה אינה עולה על 50,000 ש""ח",לא,06-21-15,,295,295
הנהלת בתי הדין הרבניים,בתי דין רבניים,בתי דין רבניים,22-03-01-12,הוצאות תפעול,4501070975,"שירותי תרגום בי""ד אשדוד",41332822,חנוקר אהרן,ILS,פטור ממכרז,,"תקנה 3(1) - התקשרות ששוויה אינה עולה על 50,000 ש""ח",לא,06-21-15,,586.99,0
הנהלת בתי הדין הרבניים,בתי דין רבניים,בתי דין רבניים,22-03-01-12,הוצאות תפעול,4501071954,שכמיות למתדיינות בבתי הדין,40291853,"סריגי ירושלים בע""מ",ILS,פטור ממכרז,,"תקנה 3(1) - התקשרות ששוויה אינה עולה על 50,000 ש""ח",לא,06-23-15,,2708.1,2708.1
הנהלת בתי הדין הרבניים,בתי דין רבניים,בתי דין רבניים,22-03-01-12,הוצאות תפעול,4501072044,"שירותי כיבוי אש בי""ד רחובות",10000467,הרשות הלאומית לכבאות והצלה,ILS,התקשרות עם גופים ממשלתיים,,,לא,06-23-15,,186,186
הנהלת בתי הדין הרבניים,בתי דין רבניים,בתי דין רבניים,22-03-01-14,הדרכה ושכר לימוד,4501073036,קורס נאמני בטיחות,40004135,משרד המוסד/העבודה לבטיחות וגיהות,ILS,פטור ממכרז,,"תקנה 3(1) - התקשרות ששוויה אינה עולה על 50,000 ש""ח",לא,06-25-15,,855,855
הנהלת בתי הדין הרבניים,בתי דין רבניים,בתי דין רבניים,22-03-01-12,הוצאות תפעול,4501073837,מכשיר הגברה לאולם הדיונים,40725052,"ברוכים לייזר ליין בע""מ",ILS,פטור ממכרז,,"תקנה 3(1) - התקשרות ששוויה אינה עולה על 50,000 ש""ח",לא,06-29-15,,899.99,899.99
הנהלת בתי הדין הרבניים,בתי דין רבניים,בתי דין רבניים,22-03-01-18,הוצאות מחשוב,4501073870,רמקולים למחשבים,40001337,"גרפיטי - שיווק ציוד משרדי ונייר בע""",ILS,מכרז מרכזי ממוכן,529619,,לא,06-29-15,,230.57,230.57
הנהלת בתי הדין הרבניים,בתי דין רבניים,בתי דין רבניים,22-03-01-12,הוצאות תפעול,4501074185,"תיקון דלתות בי""ד חיפה",40006241,אמסלם שמעון,ILS,פטור ממכרז,,"תקנה 3(1) - התקשרות ששוויה אינה עולה על 50,000 ש""ח",לא,06-30-15,,885,885
הנהלת בתי הדין הרבניים,בתי דין רבניים,בתי דין רבניים,22-03-01-15,פעולות,4501074192,"פירוט שיחות - בי""ד גדול",40001357,"סלקום ישראל בע""מ",ILS,פטור ממכרז,,"תקנה 3(1) - התקשרות ששוויה אינה עולה על 50,000 ש""ח",לא,06-30-15,,280.01,283.2
הנהלת בתי הדין הרבניים,בתי דין רבניים,בתי דין רבניים,22-03-01-14,הדרכה ושכר לימוד,4501076389,אירוח יום עיון לפקידי עזר ותקיון,40004304,"בית ההארחה בית וגן ירושלים בע""מ",ILS,פטור ממכרז,,"תקנה 3(1) - התקשרות ששוויה אינה עולה על 50,000 ש""ח",לא,07-06-15,,4977.24,4977.24
הנהלת בתי הדין הרבניים,בתי דין רבניים,בתי דין רבניים,22-03-01-12,הוצאות תפעול,4501076416,"השגחה בבחינות לטו""ר",40469448,ויסמן משה,ILS,פטור ממכרז,,"תקנה 3(1) - התקשרות ששוויה אינה עולה על 50,000 ש""ח",לא,07-06-15,,272.58,272.58
הנהלת בתי הדין הרבניים,בתי דין רבניים,בתי דין רבניים,22-03-01-12,הוצאות תפעול,4501077934,"צריכת מים בי""ד ת""א",20000744,"מי אביבים 2010 בע""מ",ILS,תשלומי חשמל/מים/ארנונה/כבישי אגרה,,,לא,07-08-15,12-31-15,8850,5112.2700000000004
הנהלת בתי הדין הרבניים,בתי דין רבניים,בתי דין רבניים,22-03-01-12,הוצאות תפעול,4501077973,"שירות למערכת גילוי אש פ""ת",40006154,"קבוצת אלנור טכנולוגיות אש בע""מ",ILS,פטור ממכרז,,"תקנה 3(1) - התקשרות ששוויה אינה עולה על 50,000 ש""ח",לא,07-08-15,,708,708
הנהלת בתי הדין הרבניים,בתי דין רבניים,בתי דין רבניים,22-03-01-12,הוצאות תפעול,4501078241,הדפסת חוברות מידע לציבור,40007105,"דפוסית דפוס והוצאה לאור בע""מ",ILS,פטור ממכרז,,"תקנה 3(1) - התקשרות ששוויה אינה עולה על 50,000 ש""ח",לא,07-09-15,,9009,9009
הנהלת בתי הדין הרבניים,בתי דין רבניים,בתי דין רבניים,22-03-01-12,הוצאות תפעול,4501078288,"מקרר עבור ביה""ד הגדול",40001103,קרביץ (1974) בעמ,ILS,פטור ממכרז,,"תקנה 3(1) - התקשרות ששוויה אינה עולה על 50,000 ש""ח",לא,07-09-15,,2973.6,2973.6
הנהלת בתי הדין הרבניים,בתי דין רבניים,בתי דין רבניים,22-03-01-12,הוצאות תפעול,4501078342,"שעוני קיר בי""ד גדול",40011107,קבוצת יבנה קבוצת הפועל המזרחי להתיי,ILS,פטור ממכרז,,"תקנה 3(1) - התקשרות ששוויה אינה עולה על 50,000 ש""ח",לא,07-09-15,,1120.01,1120.01
הנהלת בתי הדין הרבניים,בתי דין רבניים,בתי דין רבניים,22-03-01-16,השתתפויות במשרדי ממש,4501078345,בקרת שכר 1-6/15,10000025,משרד האוצר,ILS,התקשרות עם גופים ממשלתיים,,,לא,07-09-15,,30000,30000
הנהלת בתי הדין הרבניים,בתי דין רבניים,בתי דין רבניים,22-03-01-18,הוצאות מחשוב,4501078357,מנוי שנתי למילון רב מילים,40143540,"מלינגו בע""מ",ILS,פטור ממכרז,,"תקנה 3(1) - התקשרות ששוויה אינה עולה על 50,000 ש""ח",לא,07-09-15,,359.9,359.9
הנהלת בתי הדין הרבניים,בתי דין רבניים,בתי דין רבניים,22-03-01-18,הוצאות מחשוב,4501079627,העברה מאוחבטחת של קלטות,40200485,"א.ד. דגן בע""מ",ILS,פטור ממכרז,,"תקנה 3(1) - התקשרות ששוויה אינה עולה על 50,000 ש""ח",לא,07-13-15,,1230.1500000000001,1230.1500000000001
הנהלת בתי הדין הרבניים,בתי דין רבניים,בתי דין רבניים,22-03-01-18,הוצאות מחשוב,4501080552,"רישוי לפרויקט השו""ת",40004240,"בר-אילן חברה למחקר ופתוח בע""מ",ILS,פטור ממכרז,552393,תקנה 3ג - מימוש זכות ברירה,לא,07-15-15,07-02-16,43660,43660
הנהלת בתי הדין הרבניים,בתי דין רבניים,בתי דין רבניים,22-03-01-12,הוצאות תפעול,4501080561,סריקות תיקים,40001605,"טלדור מערכות מחשבים (1986) בע""מ",ILS,פטור ממכרז,1/2007,תקנה 3ג - מימוש זכות ברירה,לא,07-15-15,,347034.05,0
הנהלת בתי הדין הרבניים,בתי דין רבניים,בתי דין רבניים,22-03-01-12,הוצאות תפעול,4501081770,ארוחת צהרים כנס בירור יהדות,41336120,"שילת קרל בע""מ",ILS,פטור ממכרז,,"תקנה 3(1) - התקשרות ששוויה אינה עולה על 50,000 ש""ח",לא,07-19-15,,1650.02,1650.02
הנהלת בתי הדין הרבניים,בתי דין רבניים,בתי דין רבניים,22-03-01-14,הדרכה ושכר לימוד,4501081874,הרצאה בנושא הטרדה מינית,40007368,איגוד מרכזי הסיוע לנפגעות תקיפה מינ,ILS,פטור ממכרז,,"תקנה 3(1) - התקשרות ששוויה אינה עולה על 50,000 ש""ח",לא,07-19-15,,1300,0
הנהלת בתי הדין הרבניים,בתי דין רבניים,בתי דין רבניים,22-03-01-15,פעולות,4501082343,"פירוט שיחות - בי""ד חיפה",40005159,"חברת פרטנר תקשורת בע""מ",ILS,פטור ממכרז,,"תקנה 3(1) - התקשרות ששוויה אינה עולה על 50,000 ש""ח",לא,07-20-15,,147.41999999999999,0
הנהלת בתי הדין הרבניים,בתי דין רבניים,בתי דין רבניים,22-03-01-12,הוצאות תפעול,4501082358,אגרת שילוט 2015 אשדוד,20000014,עירית אשדוד,ILS,פטור ממכרז,,"תקנה 3(1) - התקשרות ששוויה אינה עולה על 50,000 ש""ח",לא,07-20-15,,54.2,54.2
הנהלת בתי הדין הרבניים,בתי דין רבניים,בתי דין רבניים,22-03-01-12,הוצאות תפעול,4501082910,"עבודות חשמל בי""ד ת""א",40538888,קסירר עומר,ILS,פטור ממכרז,,"תקנה 3(1) - התקשרות ששוויה אינה עולה על 50,000 ש""ח",לא,07-21-15,,475.93,0
הנהלת בתי הדין הרבניים,בתי דין רבניים,בתי דין רבניים,22-03-01-18,הוצאות מחשוב,4501083279,"שעות יעוץ מומחה עבור מערכת שי""רה",40267651,"דור טכנולוגיות מידע בע""מ",ILS,תקנה 1ב - מכרז פומבי רגיל,562449,,לא,07-22-15,12-31-17,117000,117000
הנהלת בתי הדין הרבניים,בתי דין רבניים,בתי דין רבניים,22-03-01-12,הוצאות תפעול,4501085064,"פרסום מודעה בי""ד גדול",10000021,לשכת הפירסום הממשלתי,ILS,פטור ממכרז,15.3.2,תקנה 3(12) - לשכת הפרסום הממשלתית,לא,07-27-15,,7516.2,6162.32
הנהלת בתי הדין הרבניים,בתי דין רבניים,בתי דין רבניים,22-03-01-12,הוצאות תפעול,4501086718,"הדפסת מחברות בחינה לטו""ר",40007105,"דפוסית דפוס והוצאה לאור בע""מ",ILS,פטור ממכרז,,"תקנה 3(1) - התקשרות ששוויה אינה עולה על 50,000 ש""ח",לא,07-30-15,,1983.15,1983.15
הנהלת בתי הדין הרבניים,בתי דין רבניים,בתי דין רבניים,22-03-01-12,הוצאות תפעול,4501087855,"ביקורת ציוד כיבוי אש בי""ד אשקלון",10000467,הרשות הלאומית לכבאות והצלה,ILS,התקשרות עם גופים ממשלתיים,,,לא,08-03-15,,2218,2218
הנהלת בתי הדין הרבניים,בתי דין רבניים,בתי דין רבניים,22-03-01-12,הוצאות תפעול,4501087865,"פרסום מודעת אבל - בי""ד רחובות",10000021,לשכת הפירסום הממשלתי,ILS,פטור ממכרז,15.3.2,תקנה 3(12) - לשכת הפרסום הממשלתית,לא,08-03-15,,851.76,851.76
הנהלת בתי הדין הרבניים,בתי דין רבניים,בתי דין רבניים,22-03-01-10,השתתפות במנהל הרכב,4501088078,הוצאות אחזקת רכב לשנת 2015,10000193,מינהל הרכב הממשלתי,ILS,התקשרות עם גופים ממשלתיים,,,לא,08-03-15,12-31-15,497000,326391.62
הנהלת בתי הדין הרבניים,בתי דין רבניים,בתי דין רבניים,22-03-01-12,הוצאות תפעול,4501088118,"מתלים למעילים עבור בי""ד גדול",40003692,"טופ-ליין יבוא ושיווק רהיטים בע""מ",ILS,מכרז מרכזי ממוכן,537946,,לא,08-03-15,,1031.1199999999999,0
הנהלת בתי הדין הרבניים,בתי דין רבניים,בתי דין רבניים,22-03-01-12,הוצאות תפעול,4501089126,"תיקון מזגן בי""ד חיפה",41121321,חרעובה פייר,ILS,פטור ממכרז,,"תקנה 3(1) - התקשרות ששוויה אינה עולה על 50,000 ש""ח",לא,08-05-15,,936,944
הנהלת בתי הדין הרבניים,בתי דין רבניים,בתי דין רבניים,22-03-01-12,הוצאות תפעול,4501089173,"מתקני מים חשמליים לבי""ד גדול",40386641,"שטראוס מים בע""מ",ILS,מכרז מרכזי ממוכן,535400,,לא,08-05-15,,9758.48,6237.7
הנהלת בתי הדין הרבניים,בתי דין רבניים,בתי דין רבניים,22-03-01-18,הוצאות מחשוב,4501090666,הרחבת שירות מענה פקסים במערכת שירה,40282144,"טופ סולושינס (ל.ה.ב.) בע""מ",ILS,פטור ממכרז,564883,תקנה 3(29) - ספק יחיד,לא,08-10-15,,81900,82600
הנהלת בתי הדין הרבניים,בתי דין רבניים,בתי דין רבניים,22-03-01-12,הוצאות תפעול,4501091513,"תיקון מזגן בי""ד חיפה",41121321,חרעובה פייר,ILS,פטור ממכרז,,"תקנה 3(1) - התקשרות ששוויה אינה עולה על 50,000 ש""ח",לא,08-11-15,,585,590
הנהלת בתי הדין הרבניים,בתי דין רבניים,בתי דין רבניים,22-03-01-12,הוצאות תפעול,4501093908,"הובלה ופינוי בי""ד גדול",40823296,זאורוב יעקוב,ILS,פטור ממכרז,,"תקנה 3(1) - התקשרות ששוויה אינה עולה על 50,000 ש""ח",לא,08-18-15,,10561,10561
הנהלת בתי הדין הרבניים,בתי דין רבניים,בתי דין רבניים,22-03-01-12,הוצאות תפעול,4501094138,הדפסת פנקסי צו ירושה,40001326,"פאן ייצור ויבוא ציוד משרדי בע""מ",ILS,פטור ממכרז,,"תקנה 3(1) - התקשרות ששוויה אינה עולה על 50,000 ש""ח",לא,08-18-15,,2997.2,2997.2
הנהלת בתי הדין הרבניים,בתי דין רבניים,בתי דין רבניים,22-03-01-12,הוצאות תפעול,4501094419,רכישת ספרות מקצועית,40006167,"""מחשבות"" (הוצאה לאור) 1997 בע""מ",ILS,פטור ממכרז,,"תקנה 3(1) - התקשרות ששוויה אינה עולה על 50,000 ש""ח",לא,08-19-15,,1382.3,1382.3
הנהלת בתי הדין הרבניים,בתי דין רבניים,בתי דין רבניים,22-03-01-12,הוצאות תפעול,4501094671,השתתפות נציגת ציבור בועדת מכרזים,40543627,יוקטן ויל אהובה,ILS,פטור ממכרז,,"תקנה 3(1) - התקשרות ששוויה אינה עולה על 50,000 ש""ח",לא,08-20-15,,521.55999999999995,521.55999999999995
הנהלת בתי הדין הרבניים,בתי דין רבניים,בתי דין רבניים,22-03-01-12,הוצאות תפעול,4501095110,תיקון מערכת מיזוג אויר תל אביב,40004217,ת.ד.ל בעמ,ILS,פטור ממכרז,4.8.15,תקנה 3ג - מימוש זכות ברירה,לא,08-23-15,,86269.95,86269.95
הנהלת בתי הדין הרבניים,בתי דין רבניים,בתי דין רבניים,22-03-01-12,הוצאות תפעול,4501095344,תיקן מצלמה במעגל סגור,40005144,ג'י פור אס טכנולוגיות מיגון (ישראל),ILS,פטור ממכרז,,"תקנה 3(1) - התקשרות ששוויה אינה עולה על 50,000 ש""ח",לא,08-23-15,,971.1,0
הנהלת בתי הדין הרבניים,בתי דין רבניים,בתי דין רבניים,22-03-01-12,הוצאות תפעול,4501097739,"פרסום מודעת אבל - עובד ביה""ד הרבני אשדוד",10000021,לשכת הפירסום הממשלתי,ILS,פטור ממכרז,15.3.2,תקנה 3(12) - לשכת הפרסום הממשלתית,לא,08-30-15,,902.16,902.16
הנהלת בתי הדין הרבניים,בתי דין רבניים,בתי דין רבניים,22-03-01-12,הוצאות תפעול,4501097742,"פרסום מודעת אבל - עובד ביה""ד הרבני חיפה",10000021,לשכת הפירסום הממשלתי,ILS,פטור ממכרז,15.3.2,תקנה 3(12) - לשכת הפרסום הממשלתית,לא,08-30-15,,851.76,851.76
הנהלת בתי הדין הרבניים,בתי דין רבניים,בתי דין רבניים,22-03-01-18,הוצאות מחשוב,4501098921,ספק כח למחשבים ניידים,40004149,י א מיטווך ובניו בעמ,ILS,פטור ממכרז,,"תקנה 3(1) - התקשרות ששוויה אינה עולה על 50,000 ש""ח",לא,09-02-15,,1380.6,1380.6
הנהלת בתי הדין הרבניים,בתי דין רבניים,בתי דין רבניים,22-03-01-12,הוצאות תפעול,4501099744,"צריכת מים בי""ד טבריה",20000551,"מי רקת טבריה בע""מ",ILS,תשלומי חשמל/מים/ארנונה/כבישי אגרה,,,לא,09-06-15,12-31-15,1180,954.27
הנהלת בתי הדין הרבניים,בתי דין רבניים,בתי דין רבניים,22-03-01-12,הוצאות תפעול,4501099746,"צריכת מים בי""ד אשקלון",20000811,מי אשקלון תאגיד המים והביוב האזורי,ILS,תשלומי חשמל/מים/ארנונה/כבישי אגרה,,,לא,09-06-15,12-31-15,1180,125.48
הנהלת בתי הדין הרבניים,בתי דין רבניים,בתי דין רבניים,22-03-01-12,הוצאות תפעול,4501099960,"עיצוב לוגו מכונת ביול בי""ד גדול",41049139,"אי.או.אס פתרונות משרד מתקדמים בע""מ",ILS,פטור ממכרז,,"תקנה 3(1) - התקשרות ששוויה אינה עולה על 50,000 ש""ח",לא,09-06-15,,252.74,252.74
הנהלת בתי הדין הרבניים,בתי דין רבניים,בתי דין רבניים,22-03-01-12,הוצאות תפעול,4501100619,פרסום מודעת אבל - חיפה,10000021,לשכת הפירסום הממשלתי,ILS,פטור ממכרז,15.3.2,תקנה 3(12) - לשכת הפרסום הממשלתית,לא,09-07-15,,630,0
הנהלת בתי הדין הרבניים,בתי דין רבניים,בתי דין רבניים,22-03-01-12,הוצאות תפעול,4501101039,"כיבוד להרמת כוסית רוה""ש תשע""ו",41123678,בן לולו אשר,ILS,פטור ממכרז,,"תקנה 3(1) - התקשרות ששוויה אינה עולה על 50,000 ש""ח",לא,09-08-15,,960,960
הנהלת בתי הדין הרבניים,בתי דין רבניים,בתי דין רבניים,22-03-01-12,הוצאות תפעול,4501101044,כיבוד לועדה למינוי דיינים,41123678,בן לולו אשר,ILS,פטור ממכרז,,"תקנה 3(1) - התקשרות ששוויה אינה עולה על 50,000 ש""ח",לא,09-08-15,,2100.11,2100.11
הנהלת בתי הדין הרבניים,בתי דין רבניים,בתי דין רבניים,22-03-01-12,הוצאות תפעול,4501101316,סיור השתלמות בצפון,40015578,"אגד תעבורה בע""מ",ILS,מכרז מרכזי ממוכן,537423,,לא,09-08-15,,2215.27,2234.1999999999998
הנהלת בתי הדין הרבניים,בתי דין רבניים,בתי דין רבניים,22-03-01-12,הוצאות תפעול,4501101342,סיור השתלמות בצפון,40228339,"בון תור בע""מ",ILS,מכרז מרכזי ממוכן,537423,,לא,09-08-15,,1830.25,0
הנהלת בתי הדין הרבניים,בתי דין רבניים,בתי דין רבניים,22-03-01-12,הוצאות תפעול,4501101363,ארוחת צהרים סיור השתלמות בצפון,41349105,גרוסמן נתן,ILS,פטור ממכרז,,"תקנה 3(1) - התקשרות ששוויה אינה עולה על 50,000 ש""ח",לא,09-08-15,,12593,0
הנהלת בתי הדין הרבניים,בתי דין רבניים,בתי דין רבניים,22-03-01-12,הוצאות תפעול,4501101535,סיור השתלמות בצפון,40010480,"מסיעי אריה שאשא בע""מ",ILS,מכרז מרכזי ממוכן,537423,,לא,09-09-15,,3033.25,3059.17
הנהלת בתי הדין הרבניים,בתי דין רבניים,בתי דין רבניים,22-03-01-12,הוצאות תפעול,4501101806,"עבודות חשמל בי""ד חיפה",40522707,בן נון עמינדב,ILS,פטור ממכרז,,"תקנה 3(1) - התקשרות ששוויה אינה עולה על 50,000 ש""ח",לא,09-09-15,,585,590
הנהלת בתי הדין הרבניים,בתי דין רבניים,בתי דין רבניים,22-03-01-12,הוצאות תפעול,4501101808,"תיקון מזגן בי""ד חיפה",41121321,חרעובה פייר,ILS,פטור ממכרז,,"תקנה 3(1) - התקשרות ששוויה אינה עולה על 50,000 ש""ח",לא,09-09-15,,936,944
הנהלת בתי הדין הרבניים,בתי דין רבניים,בתי דין רבניים,22-03-01-12,הוצאות תפעול,4501102243,שירותי תקשורת בינלאומיים,40401962,"012 סמייל טלקום בע""מ",ILS,תקנה 14ב - מכרז מרכזי,563883,,לא,09-10-15,12-31-15,10000,227.07
הנהלת בתי הדין הרבניים,בתי דין רבניים,בתי דין רבניים,22-03-01-12,הוצאות תפעול,4501102749,הזמנת שוברי הפקדה,40230598,"חברת דואר ישראל בע""מ - טפסים",ILS,פטור ממכרז,,"תקנה 3(1) - התקשרות ששוויה אינה עולה על 50,000 ש""ח",לא,09-16-15,,136.88999999999999,88.92
הנהלת בתי הדין הרבניים,בתי דין רבניים,בתי דין רבניים,22-03-01-12,הוצאות תפעול,4501102957,ספרות משפטית מקצועית,40006167,"""מחשבות"" (הוצאה לאור) 1997 בע""מ",ILS,פטור ממכרז,,"תקנה 3(1) - התקשרות ששוויה אינה עולה על 50,000 ש""ח",לא,09-16-15,,2741.38,2764.81
הנהלת בתי הדין הרבניים,בתי דין רבניים,בתי דין רבניים,22-03-01-12,הוצאות תפעול,4501103025,צילום פגישת הדיינים החדשים עם הרב הראשי,40001571,"ששון תירם צילומים בע""מ",ILS,פטור ממכרז,,"תקנה 3(1) - התקשרות ששוויה אינה עולה על 50,000 ש""ח",לא,09-16-15,,1638,1652
הנהלת בתי הדין הרבניים,בתי דין רבניים,בתי דין רבניים,22-03-01-14,הדרכה ושכר לימוד,4501103076,יום עיון בנושא תכניות עבודה 2016,40004304,"בית ההארחה בית וגן ירושלים בע""מ",ILS,פטור ממכרז,,"תקנה 3(1) - התקשרות ששוויה אינה עולה על 50,000 ש""ח",לא,09-16-15,,3714.75,3243.06
הנהלת בתי הדין הרבניים,בתי דין רבניים,בתי דין רבניים,22-03-01-14,הדרכה ושכר לימוד,4501103765,יום עיון לדיינים החדשים,40409700,ש.ו. חנויות גורמה יין טבק ומסעדות ב,ILS,פטור ממכרז,,"תקנה 3(1) - התקשרות ששוויה אינה עולה על 50,000 ש""ח",לא,09-17-15,,4140.03,4140.03
הנהלת בתי הדין הרבניים,בתי דין רבניים,בתי דין רבניים,22-03-01-12,הוצאות תפעול,4501105236,נציגת ציבור בועדת מכרזים,40543627,יוקטן ויל אהובה,ILS,פטור ממכרז,,"תקנה 3(1) - התקשרות ששוויה אינה עולה על 50,000 ש""ח",לא,09-24-15,,521.55999999999995,521.55999999999995
הנהלת בתי הדין הרבניים,בתי דין רבניים,בתי דין רבניים,22-03-01-12,הוצאות תפעול,4501105569,"כיבוד בי""ד תל אביב",40525852,מוסרי אבי,ILS,פטור ממכרז,,"תקנה 3(1) - התקשרות ששוויה אינה עולה על 50,000 ש""ח",לא,09-24-15,,999.99,999.99
הנהלת בתי הדין הרבניים,בתי דין רבניים,בתי דין רבניים,22-03-01-18,הוצאות מחשוב,4501105845,מקלדות ועכברים,40001337,"גרפיטי - שיווק ציוד משרדי ונייר בע""",ILS,מכרז מרכזי ממוכן,529619,,לא,10-06-15,,1340.82,1340.82
הנהלת בתי הדין הרבניים,בתי דין רבניים,בתי דין רבניים,22-03-01-12,הוצאות תפעול,4501106163,שירות גישור,40012118,"הגישור ישראל פונטוס בע""מ",ILS,פטור ממכרז,,"תקנה 3(1) - התקשרות ששוויה אינה עולה על 50,000 ש""ח",לא,10-06-15,,7020,2279.63
הנהלת בתי הדין הרבניים,בתי דין רבניים,בתי דין רבניים,22-03-01-18,הוצאות מחשוב,4501108065,רשיונות מיקרוסופט,40223755,"אזטק טכנולוגיות (1984) בע""מ",ILS,תקנה 14ב - מכרז מרכזי,16.2.3,,לא,10-11-15,,712535.56,722553.01
הנהלת בתי הדין הרבניים,בתי דין רבניים,בתי דין רבניים,22-03-01-12,הוצאות תפעול,4501108458,ועדה רפואית לעובד,10000103,"לשכת הבריאות,מחוז ת""א",ILS,התקשרות עם גופים ממשלתיים,,,לא,10-12-15,,479,479
הנהלת בתי הדין הרבניים,בתי דין רבניים,בתי דין רבניים,22-03-01-14,הדרכה ושכר לימוד,4501108560,קורס רכז נגישות מקצועי,40004814,"מישלב קורסים בע""מ",ILS,פטור ממכרז,,"תקנה 3(1) - התקשרות ששוויה אינה עולה על 50,000 ש""ח",לא,10-12-15,,2999.88,2999.88
הנהלת בתי הדין הרבניים,בתי דין רבניים,בתי דין רבניים,22-03-01-18,הוצאות מחשוב,4501108705,החלפת תעודות SSL,10000020,משרד ראש הממשלה,ILS,התקשרות עם גופים ממשלתיים,,,לא,10-12-15,,2000,2000
הנהלת בתי הדין הרבניים,בתי דין רבניים,בתי דין רבניים,22-03-01-12,הוצאות תפעול,4501108739,"עבודות אינסטלציה בי""ד חיפה",40395703,פייג יהודה צבי,ILS,פטור ממכרז,,"תקנה 3(1) - התקשרות ששוויה אינה עולה על 50,000 ש""ח",לא,10-12-15,,737.1,731.25
הנהלת בתי הדין הרבניים,בתי דין רבניים,בתי דין רבניים,22-03-01-12,הוצאות תפעול,4501109006,עבודות פירוק קיר גבס תל אביב,40479981,בן-דוד ישי,ILS,פטור ממכרז,,"תקנה 3(1) - התקשרות ששוויה אינה עולה על 50,000 ש""ח",לא,10-13-15,,5733,0
הנהלת בתי הדין הרבניים,בתי דין רבניים,בתי דין רבניים,22-03-01-12,הוצאות תפעול,4501109780,חותמות שונות,40001337,"גרפיטי - שיווק ציוד משרדי ונייר בע""",ILS,מכרז מרכזי ממוכן,529619,,לא,10-14-15,,1280.33,1280.33
הנהלת בתי הדין הרבניים,בתי דין רבניים,בתי דין רבניים,22-03-01-12,הוצאות תפעול,4501109828,"שלטים למחסום החניה בבי""ד חיפה",40946723,אוחיון אייל,ILS,פטור ממכרז,,"תקנה 3(1) - התקשרות ששוויה אינה עולה על 50,000 ש""ח",לא,10-14-15,,964.08,964.08
הנהלת בתי הדין הרבניים,בתי דין רבניים,בתי דין רבניים,22-03-01-12,הוצאות תפעול,4501109885,אירוח טקס מינוי דיינים בבית הנשיא,10000179,לשכת נשיא המדינה,ILS,התקשרות עם גופים ממשלתיים,,,לא,10-14-15,,15588,15588
הנהלת בתי הדין הרבניים,בתי דין רבניים,בתי דין רבניים,22-03-01-12,הוצאות תפעול,4501110334,שכפול מפתחות,40006241,אמסלם שמעון,ILS,פטור ממכרז,,"תקנה 3(1) - התקשרות ששוויה אינה עולה על 50,000 ש""ח",לא,10-15-15,,493.78,493.78
הנהלת בתי הדין הרבניים,בתי דין רבניים,בתי דין רבניים,22-03-01-18,הוצאות מחשוב,4501112092,פיתוח אפליקציית מובייל לצדדים,10000020,משרד ראש הממשלה,ILS,התקשרות עם גופים ממשלתיים,,,לא,10-19-15,,260500,0
הנהלת בתי הדין הרבניים,בתי דין רבניים,בתי דין רבניים,22-03-01-12,הוצאות תפעול,4501113050,דמי ביטוח לשנת 2015,40246723,הקרן הפנימית לביטוחי הממשלה,ILS,התקשרות עם גופים ממשלתיים,,,לא,10-21-15,,142783.44,142783.44
הנהלת בתי הדין הרבניים,בתי דין רבניים,בתי דין רבניים,22-03-01-12,הוצאות תפעול,4501113424,התקנת פרקט,40004692,"עדי - צח בע""מ",ILS,פטור ממכרז,,"תקנה 3(1) - התקשרות ששוויה אינה עולה על 50,000 ש""ח",לא,10-21-15,,7734.87,7734.87
הנהלת בתי הדין הרבניים,בתי דין רבניים,בתי דין רבניים,22-03-01-18,הוצאות מחשוב,4501113551,חידוש חוזה פרמייר,40004507,"מיקרוסופט ישראל בע""מ",ILS,תקנה 14ב - מכרז מרכזי,16.2.3,,לא,10-22-15,,466736.4,466736.4
הנהלת בתי הדין הרבניים,בתי דין רבניים,בתי דין רבניים,22-03-01-12,הוצאות תפעול,4501114496,הדפסת קאפות של אמנת שירות,40007105,"דפוסית דפוס והוצאה לאור בע""מ",ILS,פטור ממכרז,,"תקנה 3(1) - התקשרות ששוויה אינה עולה על 50,000 ש""ח",לא,10-25-15,,2012.4,2012.4
הנהלת בתי הדין הרבניים,בתי דין רבניים,בתי דין רבניים,22-03-01-14,הדרכה ושכר לימוד,4501114510,השתלמות הכנה לפרישה,10000020,משרד ראש הממשלה,ILS,התקשרות עם גופים ממשלתיים,,,לא,10-25-15,,1800,1800
הנהלת בתי הדין הרבניים,בתי דין רבניים,בתי דין רבניים,22-03-01-12,הוצאות תפעול,4501114586,שוברי בנק לחשבון הפקדונות,40230598,"חברת דואר ישראל בע""מ - טפסים",ILS,פטור ממכרז,,"תקנה 3(1) - התקשרות ששוויה אינה עולה על 50,000 ש""ח",לא,10-25-15,,257.39999999999998,257.39999999999998
הנהלת בתי הדין הרבניים,בתי דין רבניים,בתי דין רבניים,22-03-01-12,הוצאות תפעול,4501114590,שוברי בנק לחשבון מערכת רשומות,40230598,"חברת דואר ישראל בע""מ - טפסים",ILS,פטור ממכרז,,"תקנה 3(1) - התקשרות ששוויה אינה עולה על 50,000 ש""ח",לא,10-25-15,,566.28,566.28
הנהלת בתי הדין הרבניים,בתי דין רבניים,בתי דין רבניים,22-03-01-12,הוצאות תפעול,4501114596,שוברי הפקדה בבנק הדואר,40230598,"חברת דואר ישראל בע""מ - טפסים",ILS,פטור ממכרז,,"תקנה 3(1) - התקשרות ששוויה אינה עולה על 50,000 ש""ח",לא,10-25-15,,107.64,107.64
הנהלת בתי הדין הרבניים,בתי דין רבניים,בתי דין רבניים,22-03-01-14,הדרכה ושכר לימוד,4501115437,השתלמות הכנה לפרישה,10000020,משרד ראש הממשלה,ILS,התקשרות עם גופים ממשלתיים,,,לא,10-27-15,,1800,0
הנהלת בתי הדין הרבניים,בתי דין רבניים,בתי דין רבניים,22-03-01-12,הוצאות תפעול,4501115553,"עבודות חשמל בי""ד חיפה",40522707,בן נון עמינדב,ILS,פטור ממכרז,,"תקנה 3(1) - התקשרות ששוויה אינה עולה על 50,000 ש""ח",לא,10-27-15,,1863,1863
הנהלת בתי הדין הרבניים,בתי דין רבניים,בתי דין רבניים,22-03-01-12,הוצאות תפעול,4501115557,"צ'יפים בי""ד אשקלון",40188341,"מוקד עפרה בע""מ",ILS,פטור ממכרז,,"תקנה 3(1) - התקשרות ששוויה אינה עולה על 50,000 ש""ח",לא,10-27-15,,643.5,0
הנהלת בתי הדין הרבניים,בתי דין רבניים,בתי דין רבניים,22-03-01-12,הוצאות תפעול,4501116157,עבודות אינסטלציה חיפה,40395703,פייג יהודה צבי,ILS,פטור ממכרז,,"תקנה 3(1) - התקשרות ששוויה אינה עולה על 50,000 ש""ח",לא,10-28-15,,406.58,406.58
הנהלת בתי הדין הרבניים,בתי דין רבניים,בתי דין רבניים,22-03-01-18,הוצאות מחשוב,4501117271,רכישת מסכי טלויזיה,40015936,"יניר מערכות בע""מ",ILS,מכרז מרכזי ממוכן,16.4.2,,לא,10-29-15,,6900.9,6900.89
הנהלת בתי הדין הרבניים,בתי דין רבניים,בתי דין רבניים,22-03-01-18,הוצאות מחשוב,4501117362,מסכי הקרנה,40328129,"ד.מ. (3000) הנדסה בע""מ",ILS,מכרז מרכזי ממוכן,16.4.8,,לא,10-29-15,,5264.3,5264.3
הנהלת בתי הדין הרבניים,בתי דין רבניים,בתי דין רבניים,22-03-01-18,הוצאות מחשוב,4501117375,תנורים למדפסות,40001244,"דנגוט מחשבים בע""מ",ILS,מכרז מרכזי ממוכן,537981,,לא,10-29-15,,3159.12,3398.85
הנהלת בתי הדין הרבניים,בתי דין רבניים,בתי דין רבניים,22-03-01-15,פעולות,4501118322,טיפול בענייני עגונות,40251204,סננס ויקטור,ILS,תקנה 1ב - מכרז פומבי רגיל,559327,,לא,11-02-15,12-31-15,49280.4,18915.599999999999
הנהלת בתי הדין הרבניים,בתי דין רבניים,בתי דין רבניים,22-03-01-15,פעולות,4501118354,טיפול בענייני עגונות,40242830,בטיחות אנוש החברה לחקירת תאונות ומנ,ILS,תקנה 1ב - מכרז פומבי רגיל,559327,,לא,11-02-15,12-31-15,17550,5850
הנהלת בתי הדין הרבניים,בתי דין רבניים,בתי דין רבניים,22-03-01-12,הוצאות תפעול,4501118437,תיקון שער חניה רחובות,40001169,"עופר שערים אוטומטיים בע""מ",ILS,פטור ממכרז,,"תקנה 3(1) - התקשרות ששוויה אינה עולה על 50,000 ש""ח",לא,11-02-15,,1292.8499999999999,765.37
הנהלת בתי הדין הרבניים,בתי דין רבניים,בתי דין רבניים,22-03-01-12,הוצאות תפעול,4501118501,הסעת עובדים לסיור השתלמות,40011930,"המוביל הדרומי צביקה (1990) בע""מ",ILS,מכרז מרכזי ממוכן,537423,,לא,11-02-15,,3899.61,3932.94
הנהלת בתי הדין הרבניים,בתי דין רבניים,בתי דין רבניים,22-03-01-12,הוצאות תפעול,4501118690,כיבוד כנס רבני ערים,41350898,"מ.מ אליה בע""מ",ILS,פטור ממכרז,,"תקנה 3(1) - התקשרות ששוויה אינה עולה על 50,000 ש""ח",לא,11-02-15,,3276,0
הנהלת בתי הדין הרבניים,בתי דין רבניים,בתי דין רבניים,22-03-01-12,הוצאות תפעול,4501119865,"מכשירי מים בי""ד פ""ת",40386641,"שטראוס מים בע""מ",ILS,מכרז מרכזי ממוכן,535400,,לא,11-04-15,,15118.96,0
הנהלת בתי הדין הרבניים,בתי דין רבניים,בתי דין רבניים,22-03-01-18,הוצאות מחשוב,4501119939,דיסקים למחשב,40004149,י א מיטווך ובניו בעמ,ILS,פטור ממכרז,,"תקנה 3(1) - התקשרות ששוויה אינה עולה על 50,000 ש""ח",לא,11-04-15,,8073,8073
הנהלת בתי הדין הרבניים,בתי דין רבניים,בתי דין רבניים,22-03-01-12,הוצאות תפעול,4501121401,כיבוד למסיבת פרישה,40462729,כהן אברהם,ILS,פטור ממכרז,,"תקנה 3(1) - התקשרות ששוויה אינה עולה על 50,000 ש""ח",לא,11-08-15,,549.9,0
הנהלת בתי הדין הרבניים,בתי דין רבניים,בתי דין רבניים,22-03-01-12,הוצאות תפעול,4501121849,"אביזרי בטיחות אולמות דיונים בי""ד גדול",40005144,ג'י פור אס טכנולוגיות מיגון (ישראל),ILS,פטור ממכרז,,"תקנה 3(1) - התקשרות ששוויה אינה עולה על 50,000 ש""ח",לא,11-08-15,,2970,2970
הנהלת בתי הדין הרבניים,בתי דין רבניים,בתי דין רבניים,22-03-01-14,הדרכה ושכר לימוד,4501122313,ארוח כנס תכנית עבודה 2016,40158741,"מקום. ערכים ויוזמות - אדם בנוף בע""מ",ILS,תקנה 14ב - מכרז מרכזי,553647,,לא,11-09-15,,7423.65,7423.65
הנהלת בתי הדין הרבניים,בתי דין רבניים,בתי דין רבניים,22-03-01-12,הוצאות תפעול,4501122532,תיקון שער חניה פתח תקוה,40001169,"עופר שערים אוטומטיים בע""מ",ILS,פטור ממכרז,,"תקנה 3(1) - התקשרות ששוויה אינה עולה על 50,000 ש""ח",לא,11-09-15,,339.3,339.3
הנהלת בתי הדין הרבניים,בתי דין רבניים,בתי דין רבניים,22-03-01-15,פעולות,4501122541,שירותי איכון בית דין חיפה,40001357,"סלקום ישראל בע""מ",ILS,פטור ממכרז,,"תקנה 3(1) - התקשרות ששוויה אינה עולה על 50,000 ש""ח",לא,11-09-15,,224,0
הנהלת בתי הדין הרבניים,בתי דין רבניים,בתי דין רבניים,22-03-01-12,הוצאות תפעול,4501122947,"פרסום מכרז שיפוץ בי""ד פ""ת",10000021,לשכת הפירסום הממשלתי,ILS,פטור ממכרז,15.3.2,תקנה 3(12) - לשכת הפרסום הממשלתית,לא,11-10-15,,7017.5,4286.25
הנהלת בתי הדין הרבניים,בתי דין רבניים,בתי דין רבניים,22-03-01-12,הוצאות תפעול,4501123049,"בדיקת לחץ מים בי""ד פ""ת",40015656,"אביב - ניהול הנדסה ומערכות מידע בע""",ILS,פטור ממכרז,,"תקנה 3(1) - התקשרות ששוויה אינה עולה על 50,000 ש""ח",לא,11-10-15,,778.8,778.8
הנהלת בתי הדין הרבניים,בתי דין רבניים,בתי דין רבניים,22-03-01-12,הוצאות תפעול,4501123086,"התקנת מזגנים בי""ד רחובות",40012080,"א.ר.א.ג. בינוי ופיתוח בע""מ",ILS,פטור ממכרז,2000007303,"תקנה 3(1) - התקשרות ששוויה אינה עולה על 50,000 ש""ח",לא,11-10-15,,18799,18799
הנהלת בתי הדין הרבניים,בתי דין רבניים,בתי דין רבניים,22-03-01-15,פעולות,4501123118,קמפיין קידום מוקד פניות לבירור יהדות,10000021,לשכת הפירסום הממשלתי,ILS,פטור ממכרז,15.3.2,תקנה 3(12) - לשכת הפרסום הממשלתית,לא,11-10-15,,57000,0
הנהלת בתי הדין הרבניים,בתי דין רבניים,בתי דין רבניים,22-03-01-12,הוצאות תפעול,4501123132,פרסום מודעת אבל חיפה,10000021,לשכת הפירסום הממשלתי,ILS,פטור ממכרז,15.3.2,תקנה 3(12) - לשכת הפרסום הממשלתית,לא,11-10-15,,500,500
הנהלת בתי הדין הרבניים,בתי דין רבניים,בתי דין רבניים,22-03-01-15,פעולות,4501123190,נסיעה לחול לטיפול בענייני עגונות,41003244,משרד סוכנות/האוצר נסיעות ממשלתית,ILS,התקשרות עם גופים ממשלתיים,10.13.1,,לא,11-10-15,,5353.5,5264.53
הנהלת בתי הדין הרבניים,בתי דין רבניים,בתי דין רבניים,22-03-01-18,הוצאות מחשוב,4501123504,מסכים לבתי הדין,40001608,"חיון מחשבים בע""מ",ILS,מכרז מרכזי ממוכן,541738,,לא,11-11-15,,27381.51,0
הנהלת בתי הדין הרבניים,בתי דין רבניים,בתי דין רבניים,22-03-01-18,הוצאות מחשוב,4501123543,מערכת לניטור רכיבי תקשורת,40487189,"נטמוניטור בע""מ",ILS,פטור ממכרז,,"תקנה 3(1) - התקשרות ששוויה אינה עולה על 50,000 ש""ח",לא,11-11-15,,49491,49491
הנהלת בתי הדין הרבניים,בתי דין רבניים,בתי דין רבניים,22-03-01-12,הוצאות תפעול,4501125283,ועדה רפואית לעובד,10000103,"לשכת הבריאות,מחוז ת""א",ILS,התקשרות עם גופים ממשלתיים,,,לא,11-15-15,,481,0
הנהלת בתי הדין הרבניים,בתי דין רבניים,בתי דין רבניים,22-03-01-12,הוצאות תפעול,4501125299,בדיקת קרינה הנהלה,40293044,סמוכיאן שי,ILS,פטור ממכרז,,"תקנה 3(1) - התקשרות ששוויה אינה עולה על 50,000 ש""ח",לא,11-15-15,,2340,2340
הנהלת בתי הדין הרבניים,בתי דין רבניים,בתי דין רבניים,22-03-01-15,פעולות,4501126035,שירות מענה קולי בהתנדבות,40012305,"""של"" העמותה לשירות לאומי אזרחי חלופ",ILS,פטור ממכרז,,"תקנה 3(1) - התקשרות ששוויה אינה עולה על 50,000 ש""ח",לא,11-16-15,08-31-16,29635.56,4949.32
הנהלת בתי הדין הרבניים,בתי דין רבניים,בתי דין רבניים,22-03-01-12,הוצאות תפעול,4501126165,"פרסום מודעת אבל - ת""א",10000021,לשכת הפירסום הממשלתי,ILS,פטור ממכרז,15.3.2,תקנה 3(12) - לשכת הפרסום הממשלתית,לא,11-16-15,,1155,1039.5
הנהלת בתי הדין הרבניים,בתי דין רבניים,בתי דין רבניים,22-03-01-12,הוצאות תפעול,4501126376,רכישת ספרים להרכבי שיפוט בבתי הדין,40293109,שאנן חיים שלמה,ILS,פטור ממכרז,2.8.2009,תקנה 3(29) - ספק יחיד,לא,11-16-15,,4329,0
הנהלת בתי הדין הרבניים,בתי דין רבניים,בתי דין רבניים,22-03-01-12,הוצאות תפעול,4501126633,"מתקני מים חשמליים בי""ד חיפה",40386641,"שטראוס מים בע""מ",ILS,מכרז מרכזי ממוכן,535400,,לא,11-17-15,,12438.72,0
הנהלת בתי הדין הרבניים,בתי דין רבניים,בתי דין רבניים,22-03-01-12,הוצאות תפעול,4501127561,"ריהוט משרדי לבי""ד טבריה מבנה חדש",40003692,"טופ-ליין יבוא ושיווק רהיטים בע""מ",ILS,מכרז מרכזי ממוכן,537946,,לא,11-18-15,,21740.59,0
הנהלת בתי הדין הרבניים,בתי דין רבניים,בתי דין רבניים,22-03-01-18,הוצאות מחשוב,4501128026,"שעות יעוץ נוהל מפת""ח",40001161,"מתודה מחשבים בע""מ",ILS,פטור ממכרז,2.8.2009,תקנה 3(29) - ספק יחיד,לא,11-19-15,,14332.5,0
הנהלת בתי הדין הרבניים,בתי דין רבניים,בתי דין רבניים,22-03-01-12,הוצאות תפעול,4501129005,מוצרי חשמל לבתי הדין הרבניים,40370302,"גל החשמל - כוכב ים בע""מ",ILS,פטור ממכרז,,"תקנה 3(1) - התקשרות ששוויה אינה עולה על 50,000 ש""ח",לא,11-22-15,,22440.6,0
הנהלת בתי הדין הרבניים,בתי דין רבניים,בתי דין רבניים,22-03-01-12,הוצאות תפעול,4501129064,תיקון מע' קומפקטוס בצפת,40204650,"קומפקטוס - אגודה שיתופית חקלאית בע""",ILS,פטור ממכרז,,"תקנה 3(1) - התקשרות ששוויה אינה עולה על 50,000 ש""ח",לא,11-22-15,,994.5,994.5
הנהלת בתי הדין הרבניים,בתי דין רבניים,בתי דין רבניים,22-03-01-18,הוצאות מחשוב,4501129470,רישוי שנתי בלוסום,40511600,"בלוסום אי לרנינג בע""מ",ILS,פטור ממכרז,2.8.2009,תקנה 3(29) - ספק יחיד,לא,11-23-15,,7020,7020
הנהלת בתי הדין הרבניים,בתי דין רבניים,בתי דין רבניים,22-03-01-12,הוצאות תפעול,4501129475,פרסום מודעת אבל - י-ם,10000021,לשכת הפירסום הממשלתי,ILS,פטור ממכרז,15.3.2,תקנה 3(12) - לשכת הפרסום הממשלתית,לא,11-23-15,,708.75,0
הנהלת בתי הדין הרבניים,בתי דין רבניים,בתי דין רבניים,22-03-01-12,הוצאות תפעול,4501129565,דיין עמית שנת 2015,40397834,אריאל יועזר אפרים,ILS,תקנה 5(ג)(4) - התקשרות עם מומחה - מינוי לועדה ציבורית/בורר/מ,8.7.15,,לא,11-23-15,,63390.6,36713.72
הנהלת בתי הדין הרבניים,בתי דין רבניים,בתי דין רבניים,22-03-01-18,הוצאות מחשוב,4501129588,שדרוג תוכנה+עמדות רשת- אוצר החכמה,40015677,"אור החכמה בע""מ",ILS,פטור ממכרז,2.8.2009,תקנה 3(29) - ספק יחיד,לא,11-23-15,,11389.99,0
הנהלת בתי הדין הרבניים,בתי דין רבניים,בתי דין רבניים,22-03-01-12,הוצאות תפעול,4501129614,"עבודות חשמל בי""ד ת""א",41375146,מעודה זכריה,ILS,פטור ממכרז,,"תקנה 3(1) - התקשרות ששוויה אינה עולה על 50,000 ש""ח",לא,11-23-15,,760,0
הנהלת בתי הדין הרבניים,בתי דין רבניים,בתי דין רבניים,22-03-01-18,הוצאות מחשוב,4501129620,שעות יעוץ טופסלושין,40282144,"טופ סולושינס (ל.ה.ב.) בע""מ",ILS,פטור ממכרז,2.8.2009,תקנה 3(29) - ספק יחיד,לא,11-23-15,,7312.5,0
הנהלת בתי הדין הרבניים,בתי דין רבניים,בתי דין רבניים,22-03-01-14,הדרכה ושכר לימוד,4501129890,ימי עיון דיינים חדשים,40158741,"מקום. ערכים ויוזמות - אדם בנוף בע""מ",ILS,תקנה 14ב - מכרז מרכזי,553647,,לא,11-23-15,,19129.5,19129.5
הנהלת בתי הדין הרבניים,בתי דין רבניים,בתי דין רבניים,22-03-01-12,הוצאות תפעול,4501129894,"שירותי חניה בי""ד גדול 2015",40007347,חב כלכלית ירושלים בעמ,ILS,פטור ממכרז,,"תקנה 3(1) - התקשרות ששוויה אינה עולה על 50,000 ש""ח",לא,11-23-15,,41644.04,41958.29
הנהלת בתי הדין הרבניים,בתי דין רבניים,בתי דין רבניים,22-03-01-18,הוצאות מחשוב,4501130734,"רישוי ואפיון תוכנת מערכת  סע""ר",40005148,"נס א.ט. בע""מ",ILS,מכרז מרכזי ממוכן,519228,,לא,11-25-15,,54379.26,2232.36
הנהלת בתי הדין הרבניים,בתי דין רבניים,בתי דין רבניים,22-03-01-12,הוצאות תפעול,4501130900,"ספר סדר הדין בביה""ד לבתי הדין הרבניים",40963339,שוחטמן משה,ILS,פטור ממכרז,2.8.2009,תקנה 3(29) - ספק יחיד,לא,11-25-15,,5265,5265
הנהלת בתי הדין הרבניים,בתי דין רבניים,בתי דין רבניים,22-03-01-12,הוצאות תפעול,4501131432,"עבור הובלת ספרים לבי""ד ת""א",40823296,זאורוב יעקוב,ILS,פטור ממכרז,,"תקנה 3(1) - התקשרות ששוויה אינה עולה על 50,000 ש""ח",לא,11-26-15,,4095,4095
הנהלת בתי הדין הרבניים,בתי דין רבניים,בתי דין רבניים,22-03-01-12,הוצאות תפעול,4501131444,"עבודות אינסטלציה בי""ד ת""א",41375146,מעודה זכריה,ILS,פטור ממכרז,,"תקנה 3(1) - התקשרות ששוויה אינה עולה על 50,000 ש""ח",לא,11-26-15,,1740,1740
הנהלת בתי הדין הרבניים,בתי דין רבניים,בתי דין רבניים,22-03-01-12,הוצאות תפעול,4501132168,דיין עמית שנת 2015,40933513,בלייכר מיכאל שמואל,ILS,תקנה 5(ג)(4) - התקשרות עם מומחה - מינוי לועדה ציבורית/בורר/מ,8.7.15,,לא,11-29-15,,35217,1813.68
הנהלת בתי הדין הרבניים,בתי דין רבניים,בתי דין רבניים,22-03-01-12,הוצאות תפעול,4501132206,ועדה רפואית לעובד,10000103,"לשכת הבריאות,מחוז ת""א",ILS,התקשרות עם גופים ממשלתיים,,,לא,11-29-15,,1443,0
הנהלת בתי הדין הרבניים,בתי דין רבניים,בתי דין רבניים,22-03-01-12,הוצאות תפעול,4501132213,ועדה רפואית לעובד,10000103,"לשכת הבריאות,מחוז ת""א",ILS,התקשרות עם גופים ממשלתיים,,,לא,11-29-15,,481,0
הנהלת בתי הדין הרבניים,בתי דין רבניים,בתי דין רבניים,22-03-01-14,הדרכה ושכר לימוד,4501132850,"יום עיון בי""ד רחובות",40009457,"אשת - ארגון שרותי תיירות בע""מ",ILS,תקנה 14ב - מכרז מרכזי,553647,,לא,11-29-15,,4813.8500000000004,0
הנהלת בתי הדין הרבניים,בתי דין רבניים,בתי דין רבניים,22-03-01-14,הדרכה ושכר לימוד,4501132857,"יום עיון בתיה""ד נתניה ופ""ת",40281541,"אורטל תיירות ונופש בע""מ",ILS,תקנה 14ב - מכרז מרכזי,16.9.2,,לא,11-29-15,,6009.12,6009.12
הנהלת בתי הדין הרבניים,בתי דין רבניים,בתי דין רבניים,22-03-01-12,הוצאות תפעול,4501134118,טקס עובדים מצטיינים 2014,40269921,"איסתא ישראל בע""מ",ILS,תקנה 14ב - מכרז מרכזי,16.9.2,,לא,12-01-15,,34596.9,32783.4
הנהלת בתי הדין הרבניים,בתי דין רבניים,בתי דין רבניים,22-03-01-16,השתתפויות במשרדי ממש,4501134504,חיובים עבור מפרוייקט תהילה לשנת 2015,10000020,משרד ראש הממשלה,ILS,התקשרות עם גופים ממשלתיים,,,לא,12-01-15,,82000,72013
הנהלת בתי הדין הרבניים,בתי דין רבניים,בתי דין רבניים,22-03-01-18,הוצאות מחשוב,4501134573,ספר דיגיטלי,40015677,"אור החכמה בע""מ",ILS,פטור ממכרז,,"תקנה 3(1) - התקשרות ששוויה אינה עולה על 50,000 ש""ח",לא,12-01-15,,449.98,0
הנהלת בתי הדין הרבניים,בתי דין רבניים,בתי דין רבניים,22-03-01-12,הוצאות תפעול,4501135241,מנוי לידיעות אחרונות לשנת 2016,40011446,ידיעות מינויים,ILS,מכרז מרכזי ממוכן,16.6.2,,לא,12-02-15,,1670.76,1670.76
הנהלת בתי הדין הרבניים,בתי דין רבניים,בתי דין רבניים,22-03-01-12,הוצאות תפעול,4501136195,שכירת תיבות דואר לבתי הדין,40187037,"חברת דואר ישראל בע""מ-אגרות",ILS,פטור ממכרז,2.8.2009,תקנה 3(29) - ספק יחיד,לא,12-03-15,,3633.07,3633.08
הנהלת בתי הדין הרבניים,בתי דין רבניים,בתי דין רבניים,22-03-01-12,הוצאות תפעול,4501136506,"שי לעובדים מצטיינים, פורשים וחצי יובל",40293089,"ש.ב. יודאיקה וכסף בע""מ",ILS,פטור ממכרז,,"תקנה 3(1) - התקשרות ששוויה אינה עולה על 50,000 ש""ח",לא,12-03-15,,8699.65,8699.65
הנהלת בתי הדין הרבניים,בתי דין רבניים,בתי דין רבניים,22-03-01-14,הדרכה ושכר לימוד,4501136698,"יום עיון ביה""ד תל אביב",40281541,"אורטל תיירות ונופש בע""מ",ILS,תקנה 14ב - מכרז מרכזי,16.9.2,,לא,12-03-15,,12121.2,12121.2
הנהלת בתי הדין הרבניים,בתי דין רבניים,בתי דין רבניים,22-03-01-12,הוצאות תפעול,4501136739,פרסום מכרז בנושא פיקוח על מסירה אישית,10000021,לשכת הפירסום הממשלתי,ILS,פטור ממכרז,15.3.2,תקנה 3(12) - לשכת הפרסום הממשלתית,לא,12-03-15,,5977.5,0
הנהלת בתי הדין הרבניים,בתי דין רבניים,בתי דין רבניים,22-03-01-12,הוצאות תפעול,4501137174,הסעת עובדים לטקס עובד מצטיין,40010480,"מסיעי אריה שאשא בע""מ",ILS,מכרז מרכזי ממוכן,537423,,לא,12-06-15,,1620.97,1620.96
הנהלת בתי הדין הרבניים,בתי דין רבניים,בתי דין רבניים,22-03-01-12,הוצאות תפעול,4501137677,הדפסת ספרים למחלקה המשפטית,40001237,"זמיר בר - לב בע""מ",ILS,פטור ממכרז,,"תקנה 3(1) - התקשרות ששוויה אינה עולה על 50,000 ש""ח",לא,12-06-15,,26500.85,0
הנהלת בתי הדין הרבניים,בתי דין רבניים,בתי דין רבניים,22-03-01-12,הוצאות תפעול,4501137728,"פרסום מודעת אבל - ת""א",10000021,לשכת הפירסום הממשלתי,ILS,פטור ממכרז,15.3.2,תקנה 3(12) - לשכת הפרסום הממשלתית,לא,12-06-15,,795,0
הנהלת בתי הדין הרבניים,בתי דין רבניים,בתי דין רבניים,22-03-01-12,הוצאות תפעול,4501138429,השתתפות נציגת ציבור בו. מכרזים,40532729,דאו הלוי חנה,ILS,פטור ממכרז,,"תקנה 3(1) - התקשרות ששוויה אינה עולה על 50,000 ש""ח",לא,12-07-15,,517.14,517.14
הנהלת בתי הדין הרבניים,בתי דין רבניים,בתי דין רבניים,22-03-01-12,הוצאות תפעול,4501138598,הדפסת גאנט שנתי,40007105,"דפוסית דפוס והוצאה לאור בע""מ",ILS,פטור ממכרז,,"תקנה 3(1) - התקשרות ששוויה אינה עולה על 50,000 ש""ח",לא,12-07-15,,1170,0
הנהלת בתי הדין הרבניים,בתי דין רבניים,בתי דין רבניים,22-03-01-12,הוצאות תפעול,4501139193,הסעת עובדים לטקס עובד מצטיין,40228339,"בון תור בע""מ",ILS,מכרז מרכזי ממוכן,537423,,לא,12-08-15,,140.4,77.59
הנהלת בתי הדין הרבניים,בתי דין רבניים,בתי דין רבניים,22-03-01-12,הוצאות תפעול,4501139399,"שלטים שונים לביה""ד האזורי ירושלים",40001081,"לטרא סיסטמס בע""מ",ILS,תקנה 14ב - מכרז מרכזי,7.18.8,,לא,12-08-15,,16149.51,0
הנהלת בתי הדין הרבניים,בתי דין רבניים,בתי דין רבניים,22-03-01-12,הוצאות תפעול,4501139412,משטח הגנה לפרקט הנהלת בתי הדין,40004692,"עדי - צח בע""מ",ILS,פטור ממכרז,,"תקנה 3(1) - התקשרות ששוויה אינה עולה על 50,000 ש""ח",לא,12-08-15,,318.24,318.24
הנהלת בתי הדין הרבניים,בתי דין רבניים,בתי דין רבניים,22-03-01-12,הוצאות תפעול,4501139422,חידוש מנוי לעיתון גלובס לחשב המשרד,40001158,"גלובס פבלישר עתונות (1983) בע""מ",ILS,מכרז מרכזי ממוכן,16.6.4,,לא,12-08-15,,2234.04,0
הנהלת בתי הדין הרבניים,בתי דין רבניים,בתי דין רבניים,22-03-01-12,הוצאות תפעול,4501142599,החזר חילוט ערבות - אשקלון,40242755,"י.ע.ז. - חברה לבניה ופיתוח בע""מ",ILS,תקנה 1ב - מכרז פומבי רגיל,542572,,לא,12-13-15,,186439.97,156439.28
הנהלת בתי הדין הרבניים,בתי דין רבניים,בתי דין רבניים,22-03-01-12,הוצאות תפעול,4501143164,יום עיון עובדים בצפון,41349103,אלרנצ'ו,ILS,פטור ממכרז,,"תקנה 3(1) - התקשרות ששוויה אינה עולה על 50,000 ש""ח",לא,12-14-15,,12593,12000.6
הנהלת בתי הדין הרבניים,בתי דין רבניים,בתי דין רבניים,22-03-01-12,הוצאות תפעול,4501144641,"הסעות דיין לביה""ד הגדול לשנת 2016",40010480,"מסיעי אריה שאשא בע""מ",ILS,מכרז מרכזי ממוכן,537423,,לא,12-16-15,,5759.77,0
הנהלת בתי הדין הרבניים,בתי דין רבניים,בתי דין רבניים,22-03-01-12,הוצאות תפעול,4501147299,"יום גיבוש בי""ד חיפה",41070207,פרידמן חיה,ILS,פטור ממכרז,,"תקנה 3(1) - התקשרות ששוויה אינה עולה על 50,000 ש""ח",לא,12-21-15,,2990.01,2990.01
הנהלת בתי הדין הרבניים,בתי דין רבניים,בתי דין רבניים,22-03-01-12,הוצאות תפעול,4501147646,פרסום מכרז בנושא ייעוץ משפטי בנושא הקדשות,10000021,לשכת הפירסום הממשלתי,ILS,פטור ממכרז,15.3.2,תקנה 3(12) - לשכת הפרסום הממשלתית,לא,12-21-15,,5890,0
הנהלת בתי הדין הרבניים,בתי דין רבניים,בתי דין רבניים,22-03-01-12,הוצאות תפעול,4501147991,"עבודות חשמל ואינסטלציה בי""ד ת""א",41375146,מעודה זכריה,ILS,פטור ממכרז,,"תקנה 3(1) - התקשרות ששוויה אינה עולה על 50,000 ש""ח",לא,12-22-15,,2610,0
הנהלת בתי הדין הרבניים,בתי דין רבניים,בתי דין רבניים,22-03-01-12,הוצאות תפעול,4501148124,"דמי ניהול לבי""ד צפת לשנת 2016",40243011,"ב.ש. צפת אחזקות בע""מ",ILS,פטור ממכרז,2007-16162,תקנה 3ג - מימוש זכות ברירה,לא,12-22-15,12-31-16,69801.539999999994,0
הנהלת בתי הדין הרבניים,בתי דין רבניים,בתי דין רבניים,22-03-01-12,הוצאות תפעול,4501148136,"דמי ניהול לבי""ד ירושלים לשנת 2016",40001394,מגדל הנביאים ירושלים ניהול ואחזקה (,ILS,פטור ממכרז,16.2.14,תקנה 3ג - מימוש זכות ברירה,לא,12-22-15,12-31-16,601419.09,0
הנהלת בתי הדין הרבניים,בתי דין רבניים,בתי דין רבניים,22-03-01-12,הוצאות תפעול,4501148175,שירותי ביקורת על עבודת החשבות 2016,41039780,"ר. סלמן ושות', רואי חשבון",ILS,פטור ממכרז,560194,תקנה 3ג - מימוש זכות ברירה,לא,12-22-15,12-31-16,131625,0
הנהלת בתי הדין הרבניים,בתי דין רבניים,בתי דין רבניים,22-03-01-12,הוצאות תפעול,4501148208,"דמי ניהול בי""ד אריאל 2016",20000167,עירית אריאל,ILS,פטור ממכרז,4.8.15,תקנה 3ג - מימוש זכות ברירה,לא,12-22-15,12-31-16,27000,0
הנהלת בתי הדין הרבניים,בתי דין רבניים,בתי דין רבניים,22-03-01-12,הוצאות תפעול,4501148217,"דמי ניהול בי""ד אשדוד 2016",40003278,"אורן - הסלע בניה והשקעות בע""מ",ILS,פטור ממכרז,2015-22531,תקנה 3ג - מימוש זכות ברירה,לא,12-22-15,12-31-16,205966.8,0
הנהלת בתי הדין הרבניים,בתי דין רבניים,בתי דין רבניים,22-03-01-12,הוצאות תפעול,4501148229,"דמי ניהול בי""ד רחובות 2016",40002983,חממי עזרא,ILS,פטור ממכרז,2015-3298,תקנה 3ג - מימוש זכות ברירה,לא,12-22-15,12-31-16,32175,0
הנהלת בתי הדין הרבניים,בתי דין רבניים,בתי דין רבניים,22-03-01-12,הוצאות תפעול,4501148260,"שירותי חניה בי""ד י-ם לשנת 2016",40001101,מגדל הנביאים בעמ,ILS,פטור ממכרז,20.3.14,תקנה 3ג - מימוש זכות ברירה,לא,12-22-15,12-31-16,151632,0
הנהלת בתי הדין הרבניים,בתי דין רבניים,בתי דין רבניים,22-03-01-12,הוצאות תפעול,4501148274,"דמי ניהול הנהלת בתיה""ד 2016",40001394,מגדל הנביאים ירושלים ניהול ואחזקה (,ILS,פטור ממכרז,2015-27085,תקנה 3ג - מימוש זכות ברירה,לא,12-22-15,12-31-16,184192.16,0
הנהלת בתי הדין הרבניים,בתי דין רבניים,בתי דין רבניים,22-03-01-12,הוצאות תפעול,4501148292,שירותי ביקורת דוחות כספיים משנת 2015,40243135,יהודה ארליך ושות' רואי,ILS,פטור ממכרז,560195,תקנה 3ג - מימוש זכות ברירה,לא,12-22-15,12-31-16,70200,0
הנהלת בתי הדין הרבניים,בתי דין רבניים,בתי דין רבניים,22-03-01-12,הוצאות תפעול,4501148332,"שירותי חניה הנהלת בתיה""ד 2016",40001101,מגדל הנביאים בעמ,ILS,פטור ממכרז,20.3.14,תקנה 3ג - מימוש זכות ברירה,לא,12-22-15,12-31-16,279998.96999999997,0
הנהלת בתי הדין הרבניים,בתי דין רבניים,בתי דין רבניים,22-03-01-12,הוצאות תפעול,4501148393,"דמי ניהול בי""ד ב""ש 2016",40007161,"אשמורת ניהול נכסים בע""מ",ILS,פטור ממכרז,95321/1.10.1/29,תקנה 3ג - מימוש זכות ברירה,לא,12-22-15,12-31-16,672628.32,0
הנהלת בתי הדין הרבניים,בתי דין רבניים,בתי דין רבניים,22-03-01-12,הוצאות תפעול,4501148406,"בדיקת בטיחות מעליות בי""ד חיפה",40292513,יהלום דב יעקב,ILS,פטור ממכרז,,"תקנה 3(1) - התקשרות ששוויה אינה עולה על 50,000 ש""ח",לא,12-22-15,,1600.56,0
הנהלת בתי הדין הרבניים,בתי דין רבניים,בתי דין רבניים,22-03-01-12,הוצאות תפעול,4501148412,"בדיקות בטיחות מעליות בי""ד ת""א",40140964,אינג' א.צ. שטיין - עמוס שטיין מהנדס,ILS,פטור ממכרז,,"תקנה 3(1) - התקשרות ששוויה אינה עולה על 50,000 ש""ח",לא,12-22-15,,737.1,0
הנהלת בתי הדין הרבניים,בתי דין רבניים,בתי דין רבניים,22-03-01-12,הוצאות תפעול,4501148419,הדפסת ספרים - פסקי דין רבניים,40001237,"זמיר בר - לב בע""מ",ILS,פטור ממכרז,,"תקנה 3(1) - התקשרות ששוויה אינה עולה על 50,000 ש""ח",לא,12-22-15,,48789,0
הנהלת בתי הדין הרבניים,בתי דין רבניים,בתי דין רבניים,22-03-01-12,הוצאות תפעול,4501148450,ספרות מקצועית למחלקה המשפטית,40007278,בורסי הוצאה לאור של ספרי משפט (2003,ILS,פטור ממכרז,,"תקנה 3(1) - התקשרות ששוויה אינה עולה על 50,000 ש""ח",לא,12-22-15,,2994.99,0
הנהלת בתי הדין הרבניים,בתי דין רבניים,בתי דין רבניים,22-03-01-14,הדרכה ושכר לימוד,4501148460,ימי עיון דיינים לשנת 2016,40009457,"אשת - ארגון שרותי תיירות בע""מ",ILS,תקנה 14ב - מכרז מרכזי,553647,,לא,12-22-15,,215748,0
הנהלת בתי הדין הרבניים,בתי דין רבניים,בתי דין רבניים,22-03-01-14,הדרכה ושכר לימוד,4501148476,ימי גיבוש לעובדי בתי הדין 2016,40009457,"אשת - ארגון שרותי תיירות בע""מ",ILS,תקנה 14ב - מכרז מרכזי,553647,,לא,12-22-15,,185833.44,0
הנהלת בתי הדין הרבניים,בתי דין רבניים,בתי דין רבניים,22-03-01-12,הוצאות תפעול,4501148505,שירתי ניקיון בתי הדין 2016,40155018,"מוקד יסעור שירותי אבטחה 2000 בע""מ",ILS,פטור ממכרז,542059,תקנה 3ג - מימוש זכות ברירה,לא,12-22-15,12-31-16,1008742.6,0
הנהלת בתי הדין הרבניים,בתי דין רבניים,בתי דין רבניים,22-03-01-14,הדרכה ושכר לימוד,4501148590,מפגש ניהול טבריה 1/16,40158741,"מקום. ערכים ויוזמות - אדם בנוף בע""מ",ILS,תקנה 14ב - מכרז מרכזי,553647,,לא,12-22-15,,38751.99,0
הנהלת בתי הדין הרבניים,בתי דין רבניים,בתי דין רבניים,22-03-01-12,הוצאות תפעול,4501148978,"ארנונה בי""ד צפת לשנת 2016",20000244,עירית צפת,ILS,תשלומי חשמל/מים/ארנונה/כבישי אגרה,,,לא,12-23-15,12-31-16,39823.410000000003,0
הנהלת בתי הדין הרבניים,בתי דין רבניים,בתי דין רבניים,22-03-01-12,הוצאות תפעול,4501148996,"ארנונה בי""ד נתניה לשנת 2016",20000233,עירית נתניה,ILS,תשלומי חשמל/מים/ארנונה/כבישי אגרה,,,לא,12-23-15,12-31-16,45800.37,0
הנהלת בתי הדין הרבניים,בתי דין רבניים,בתי דין רבניים,22-03-01-12,הוצאות תפעול,4501149007,"ארנונה בי""ד חיפה - העצמאות לשנת 2016",20000182,עירית חיפה,ILS,תשלומי חשמל/מים/ארנונה/כבישי אגרה,,,לא,12-23-15,12-31-16,239929.89,0
הנהלת בתי הדין הרבניים,בתי דין רבניים,בתי דין רבניים,22-03-01-12,הוצאות תפעול,4501149056,"ארנונה בי""ד חיפה - יל""ג לשנת 2016",20000182,עירית חיפה,ILS,תשלומי חשמל/מים/ארנונה/כבישי אגרה,,,לא,12-23-15,12-31-16,140810.87,0
הנהלת בתי הדין הרבניים,בתי דין רבניים,בתי דין רבניים,22-03-01-18,הוצאות מחשוב,4501149078,תחזוקה למערכת שירה לשנת 2016,40001605,"טלדור מערכות מחשבים (1986) בע""מ",ILS,פטור ממכרז,1/2007,תקנה 3ג - מימוש זכות ברירה,לא,12-23-15,06-30-16,1168866.27,0
הנהלת בתי הדין הרבניים,בתי דין רבניים,בתי דין רבניים,22-03-01-12,הוצאות תפעול,4501149090,"ארנונה בי""ד תל אביב לשנת 2016",20000201,עירית תל-אביב-יפו,ILS,תשלומי חשמל/מים/ארנונה/כבישי אגרה,,,לא,12-23-15,12-31-16,430222.3,0
הנהלת בתי הדין הרבניים,בתי דין רבניים,בתי דין רבניים,22-03-01-12,הוצאות תפעול,4501149100,"ארנונה בי""ד פתח תקוה לשנת 2016",20000243,עירית פתח תקוה,ILS,תשלומי חשמל/מים/ארנונה/כבישי אגרה,,,לא,12-23-15,12-31-16,227485.84,0
הנהלת בתי הדין הרבניים,בתי דין רבניים,בתי דין רבניים,22-03-01-12,הוצאות תפעול,4501149103,"ארנונה בי""ד באר שבע לשנת 2016",20000254,עירית באר שבע,ILS,תשלומי חשמל/מים/ארנונה/כבישי אגרה,,,לא,12-23-15,12-31-16,357246.12,0
הנהלת בתי הדין הרבניים,בתי דין רבניים,בתי דין רבניים,22-03-01-12,הוצאות תפעול,4501149121,"ארנונה בי""ד רחובות לשנת 2016",20000248,עירית רחובות,ILS,תשלומי חשמל/מים/ארנונה/כבישי אגרה,,,לא,12-23-15,12-31-16,37737.25,0
הנהלת בתי הדין הרבניים,בתי דין רבניים,בתי דין רבניים,22-03-01-12,הוצאות תפעול,4501149128,"ארנונה הנהלה, בי""ד י-ם ובי""ד גדול לשנת 2016",20000159,עירית ירושלים,ILS,תשלומי חשמל/מים/ארנונה/כבישי אגרה,,,לא,12-23-15,12-31-16,1139892.8799999999,0
הנהלת בתי הדין הרבניים,בתי דין רבניים,בתי דין רבניים,22-03-01-12,הוצאות תפעול,4501149136,"ארנונה בי""ד טבריה לשנת 2016",20000225,עירית טבריה,ILS,תשלומי חשמל/מים/ארנונה/כבישי אגרה,,,לא,12-23-15,12-31-16,26461.85,0
הנהלת בתי הדין הרבניים,בתי דין רבניים,בתי דין רבניים,22-03-01-12,הוצאות תפעול,4501149142,"ארנונה בי""ד אשדוד לשנת 2016",20000014,עירית אשדוד,ILS,תשלומי חשמל/מים/ארנונה/כבישי אגרה,,,לא,12-23-15,12-31-16,188642.71,0
הנהלת בתי הדין הרבניים,בתי דין רבניים,בתי דין רבניים,22-03-01-12,הוצאות תפעול,4501149150,"ארנונה בי""ד אשקלון לשנת 2016",20000229,עירית אשקלון,ILS,תשלומי חשמל/מים/ארנונה/כבישי אגרה,,,לא,12-23-15,12-31-16,132561.41,0
הנהלת בתי הדין הרבניים,בתי דין רבניים,בתי דין רבניים,22-03-01-12,הוצאות תפעול,4501149210,"ארוח בחינות לטו""ר בשנת 2016",40158741,"מקום. ערכים ויוזמות - אדם בנוף בע""מ",ILS,תקנה 14ב - מכרז מרכזי,553647,,לא,12-23-15,,25155,0
הנהלת בתי הדין הרבניים,בתי דין רבניים,בתי דין רבניים,22-03-01-18,הוצאות מחשוב,4501149263,רכישת מדפסות,40001247,"הראל טכנולוגיות מידע בע""מ",ILS,מכרז מרכזי ממוכן,543274,,לא,12-23-15,,62974.95,0
הנהלת בתי הדין הרבניים,בתי דין רבניים,בתי דין רבניים,22-03-01-12,הוצאות תפעול,4501149275,שירותי ביול לבתי הדין הרבניים בשנת 2016,40184020,"חברת דואר ישראל בע""מ",ILS,פטור ממכרז,577132,תקנה 3(29) - ספק יחיד,לא,12-23-15,,249999.75,0
הנהלת בתי הדין הרבניים,בתי דין רבניים,בתי דין רבניים,22-03-01-12,הוצאות תפעול,4501149314,"פעימות מונה למכונות צילום בבתיה""ד 2016",40005151,צילומעתיק בעמ,ILS,תקנה 14ב - מכרז מרכזי,16.5.18,,לא,12-23-15,,4999.41,0
הנהלת בתי הדין הרבניים,בתי דין רבניים,בתי דין רבניים,22-03-01-12,הוצאות תפעול,4501149345,"שירותי חניה בי""ד ב""ש לשנת 2016",40001471,"אשמורת תיכונה בע""מ",ILS,פטור ממכרז,95321/1.10.1/29,תקנה 3ג - מימוש זכות ברירה,לא,12-23-15,12-31-16,41944.03,10206.27
הנהלת בתי הדין הרבניים,בתי דין רבניים,בתי דין רבניים,22-03-01-12,הוצאות תפעול,4501149601,שירות טלויזיה בכבלים 2016,40011045,"הוט - מערכות תקשורת בע""מ",ILS,תקנה 14ב - מכרז מרכזי,16.3.10,,לא,12-23-15,12-31-16,3627,0
הנהלת בתי הדין הרבניים,בתי דין רבניים,בתי דין רבניים,22-03-01-12,הוצאות תפעול,4501149605,פלאפון עובדים לשנת 2016,40001174,"פלאפון תקשורת בע""מ",ILS,תקנה 14ב - מכרז מרכזי,16.3.6,,לא,12-23-15,12-31-16,249999.98,0
הנהלת בתי הדין הרבניים,בתי דין רבניים,בתי דין רבניים,22-03-01-12,הוצאות תפעול,4501149608,נסיעות בנתיב המהיר בשנת 2016,40468850,"הנתיב המהיר בע""מ",ILS,פטור ממכרז,,"תקנה 3(1) - התקשרות ששוויה אינה עולה על 50,000 ש""ח",לא,12-23-15,,491.4,0
הנהלת בתי הדין הרבניים,בתי דין רבניים,בתי דין רבניים,22-03-01-12,הוצאות תפעול,4501149615,תשלומים בגין עמלות דואר לשנת 2016,40189595,"חברת דואר ישראל בע""מ-עמלות",ILS,תקנה 14ב - מכרז מרכזי,1.7.1.1,,לא,12-23-15,,29998.799999999999,0
הנהלת בתי הדין הרבניים,בתי דין רבניים,בתי דין רבניים,22-03-01-12,הוצאות תפעול,4501149621,צריכת דלק לרכבי המשרד 2016,40003711,"פזומט מקבוצת פז בע""מ",ILS,תקנה 14ב - מכרז מרכזי,511806,,לא,12-23-15,12-31-16,200000,0
הנהלת בתי הדין הרבניים,בתי דין רבניים,בתי דין רבניים,22-03-01-12,הוצאות תפעול,4501149636,נסיעות בכביש 6 בשנת 2016,40003724,"דרך ארץ הייווייז (1997) בע""מ",ILS,תשלומי חשמל/מים/ארנונה/כבישי אגרה,,,לא,12-23-15,,12999.87,0
הנהלת בתי הדין הרבניים,בתי דין רבניים,בתי דין רבניים,22-03-01-12,הוצאות תפעול,4501149643,נסיעות במנהרות הכרמל בשנת 2016,40333585,"קבוצת כרמלטון בע""מ",ILS,פטור ממכרז,,"תקנה 3(1) - התקשרות ששוויה אינה עולה על 50,000 ש""ח",לא,12-23-15,,491.4,0
הנהלת בתי הדין הרבניים,בתי דין רבניים,בתי דין רבניים,22-03-01-12,הוצאות תפעול,4501149651,שירות מברקים לשנת 2016,40412859,"חברת דואר ישראל בע""מ-מברקים",ILS,פטור ממכרז,,"תקנה 3(1) - התקשרות ששוויה אינה עולה על 50,000 ש""ח",לא,12-23-15,,491.4,0
הנהלת בתי הדין הרבניים,בתי דין רבניים,בתי דין רבניים,22-03-01-12,הוצאות תפעול,4501149670,חניה סלולרית לרכבי המשרד לשנת 2016,40413627,"מילגם חניה סלולארית בע""מ",ILS,פטור ממכרז,,"תקנה 3(1) - התקשרות ששוויה אינה עולה על 50,000 ש""ח",לא,12-23-15,,499.59,0
הנהלת בתי הדין הרבניים,בתי דין רבניים,בתי דין רבניים,22-03-01-12,הוצאות תפעול,4501149715,איסוף נייר לגריסה 1-3/16,40003698,"ק.מ.מ. מפעלי מיחזור בע""מ",ILS,תקנה 14ב - מכרז מרכזי,16.5.9,,לא,12-23-15,,3001.05,0
הנהלת בתי הדין הרבניים,בתי דין רבניים,בתי דין רבניים,22-03-01-12,הוצאות תפעול,4501149741,שירות לשנת 2016 למכשיר פראשכאפ,40001382,"פאוזה שירותי קפה בע""מ",ILS,פטור ממכרז,,"תקנה 3(1) - התקשרות ששוויה אינה עולה על 50,000 ש""ח",לא,12-23-15,,2063.88,0
הנהלת בתי הדין הרבניים,בתי דין רבניים,בתי דין רבניים,22-03-01-12,הוצאות תפעול,4501149783,"שירות לשנת 2016 למכשירי המים החשמליים בבתיה""ד",40386641,"שטראוס מים בע""מ",ILS,תקנה 14ב - מכרז מרכזי,535400,,לא,12-23-15,12-31-16,26947.35,0
הנהלת בתי הדין הרבניים,בתי דין רבניים,בתי דין רבניים,22-03-01-12,הוצאות תפעול,4501149933,תשלומי חשמל לבתי הדין בשנת 2016,40001579,חברת החשמל לישראל בעמ,ILS,תשלומי חשמל/מים/ארנונה/כבישי אגרה,,,לא,12-23-15,12-31-16,1100000.07,0
הנהלת בתי הדין הרבניים,בתי דין רבניים,בתי דין רבניים,22-03-01-12,הוצאות תפעול,4501149953,"תחזוקת מיזוג אויר בבתיה""ד לשנת 2016",40004217,ת.ד.ל בעמ,ILS,פטור ממכרז,4.8.15,תקנה 3ג - מימוש זכות ברירה,לא,12-23-15,12-31-16,76079.53,0
הנהלת בתי הדין הרבניים,בתי דין רבניים,בתי דין רבניים,22-03-01-12,הוצאות תפעול,4501150040,שירותי ביטוח לשנת 2016,40246723,הקרן הפנימית לביטוחי הממשלה,ILS,התקשרות עם גופים ממשלתיים,,,לא,12-23-15,,150000,0
הנהלת בתי הדין הרבניים,בתי דין רבניים,בתי דין רבניים,22-03-01-12,הוצאות תפעול,4501150285,תשלומים לבזק לשנת 2016,40001591,"בזק החברה הישראלית לתקשורת בע""מ",ILS,תקנה 14ב - מכרז מרכזי,537983,,לא,12-24-15,12-31-16,1199999.97,0
הנהלת בתי הדין הרבניים,בתי דין רבניים,בתי דין רבניים,22-03-01-12,הוצאות תפעול,4501150288,תשלומים לסלקום לשנת 2016,40001357,"סלקום ישראל בע""מ",ILS,תקנה 14ב - מכרז מרכזי,511332,,לא,12-24-15,12-31-16,20001.150000000001,0
הנהלת בתי הדין הרבניים,בתי דין רבניים,בתי דין רבניים,22-03-01-12,הוצאות תפעול,4501150293,תשלומים לבזק בינלאומי לשנת 2016,40004770,"בזק בינלאומי בע""מ",ILS,תקנה 14ב - מכרז מרכזי,537982,,לא,12-24-15,12-31-16,100001.07,0
הנהלת בתי הדין הרבניים,בתי דין רבניים,בתי דין רבניים,22-03-01-12,הוצאות תפעול,4501150305,תשלומים לחברת נטוייזן לשנת 2016,40001406,"013 נטוויז'ן בע""מ",ILS,פטור ממכרז,,"תקנה 3(1) - התקשרות ששוויה אינה עולה על 50,000 ש""ח",לא,12-24-15,,3501.58,0
הנהלת בתי הדין הרבניים,בתי דין רבניים,בתי דין רבניים,22-03-01-12,הוצאות תפעול,4501150309,תשלומים לחברת 012 סמייל לשנת 2016,40401962,"012 סמייל טלקום בע""מ",ILS,תקנה 14ב - מכרז מרכזי,563883,,לא,12-24-15,12-31-16,10001.16,0
הנהלת בתי הדין הרבניים,בתי דין רבניים,בתי דין רבניים,22-03-01-12,הוצאות תפעול,4501150476,פרסום מודעת אבל - ירושלים,10000021,לשכת הפירסום הממשלתי,ILS,פטור ממכרז,15.3.2,תקנה 3(12) - לשכת הפרסום הממשלתית,לא,12-24-15,,845,0
הנהלת בתי הדין הרבניים,בתי דין רבניים,בתי דין רבניים,22-03-01-12,הוצאות תפעול,4501151026,צריכת מים הנהלה לשנת 2015,40001394,מגדל הנביאים ירושלים ניהול ואחזקה (,ILS,תשלומי חשמל/מים/ארנונה/כבישי אגרה,,,לא,12-24-15,,3818,3818
הנהלת בתי הדין הרבניים,בתי דין רבניים,בתי דין רבניים,22-03-01-12,הוצאות תפעול,4501151329,אבטחה בבתי הדין הרבניים לשנת 2016,40001063,מודיעין אזרחי בעמ,ILS,פטור ממכרז,542060,תקנה 3ג - מימוש זכות ברירה,לא,12-27-15,12-31-16,6955962.4100000001,0
הנהלת בתי הדין הרבניים,בתי דין רבניים,בתי דין רבניים,22-03-01-12,הוצאות תפעול,4501151359,"חניה לביה""ד תל אביב לשנת 2016",40148536,אחוזות החוף בע'מ,ILS,פטור ממכרז,4.8.15,תקנה 3ג - מימוש זכות ברירה,לא,12-27-15,12-31-16,230000.64000000001,0
הנהלת בתי הדין הרבניים,בתי דין רבניים,בתי דין רבניים,22-03-01-12,הוצאות תפעול,4501151382,"חניה לביה""ד טבריה לתקופה 1-6/16",20000225,עירית טבריה,ILS,פטור ממכרז,4.8.15,תקנה 3ג - מימוש זכות ברירה,לא,12-27-15,06-30-16,8800,0
הנהלת בתי הדין הרבניים,בתי דין רבניים,בתי דין רבניים,22-03-01-12,הוצאות תפעול,4501151442,שירותי מוקד בבתי הדין לשנת 2016,40005144,ג'י פור אס טכנולוגיות מיגון (ישראל),ILS,פטור ממכרז,540470,תקנה 3ג - מימוש זכות ברירה,לא,12-27-15,12-31-16,6318,0
הנהלת בתי הדין הרבניים,בתי דין רבניים,בתי דין רבניים,22-03-01-12,הוצאות תפעול,4501151470,"שירות דואר שליחים לבתיה""ד לשנת 2016",40187510,"חברת דואר ישראל בע""מ-שליחויות",ILS,תקנה 1ב - מכרז פומבי רגיל,562584,,לא,12-27-15,12-31-16,1169981.28,0
הנהלת בתי הדין הרבניים,בתי דין רבניים,בתי דין רבניים,22-03-01-12,הוצאות תפעול,4501151495,שירותי ייעוץ להתקנת מערכת מצלמות בבתי הדין,40495613,"בי טופ פתרונות בע""מ",ILS,פטור ממכרז,,"תקנה 3(1) - התקשרות ששוויה אינה עולה על 50,000 ש""ח",לא,12-27-15,,45999.95,0
הנהלת בתי הדין הרבניים,בתי דין רבניים,בתי דין רבניים,22-03-01-12,הוצאות תפעול,4501151580,"עבודות שיפוץ בי""ד פתח תקוה",40330974,"ארמון הנדסה בע""מ",ILS,תקנה 1ב - מכרז פומבי רגיל,574573,,לא,12-27-15,12-31-16,5943894.8399999999,0
הנהלת בתי הדין הרבניים,בתי דין רבניים,בתי דין רבניים,22-03-01-12,הוצאות תפעול,4501151622,תחזוקת מערכת שכר עידוד בבתי הדין,40006107,"מרטנס הופמן יועצים לניהול בע""מ",ILS,פטור ממכרז,4.8.15,תקנה 3ג - מימוש זכות ברירה,לא,12-27-15,09-30-16,35999.96,0
הנהלת בתי הדין הרבניים,בתי דין רבניים,בתי דין רבניים,22-03-01-12,הוצאות תפעול,4501151762,ועדה רפואית לעובד,10000103,"לשכת הבריאות,מחוז ת""א",ILS,התקשרות עם גופים ממשלתיים,,,לא,12-27-15,,481,0
הנהלת בתי הדין הרבניים,בתי דין רבניים,בתי דין רבניים,22-03-01-18,הוצאות מחשוב,4501151826,שירות תחזוקה ותמיכה למחשבים ולציוד היקפי,40001605,"טלדור מערכות מחשבים (1986) בע""מ",ILS,תקנה 14ב - מכרז מרכזי,519462,,לא,12-27-15,,71615.839999999997,0
הנהלת בתי הדין הרבניים,בתי דין רבניים,בתי דין רבניים,22-03-01-12,הוצאות תפעול,4501151908,הפקת תלושי שכר לשנת 2016,40001612,"מלם מערכות בע""מ",ILS,תקנה 14ב - מכרז מרכזי,2014-1885,,לא,12-27-15,12-31-16,99999.9,0
הנהלת בתי הדין הרבניים,בתי דין רבניים,בתי דין רבניים,22-03-01-12,הוצאות תפעול,4501152038,"הוצאות שכר דירה בי""ד תל אביב",10000192,מינהל הדיור הממשלתי,ILS,התקשרות עם גופים ממשלתיים,,,לא,12-27-15,,2875000,0
הנהלת בתי הדין הרבניים,בתי דין רבניים,בתי דין רבניים,22-03-01-12,הוצאות תפעול,4501152324,"שירות כיבוי אש בבתיה""ד ת""א ופ""ת לשנת 2016",40410027,"סיטי אש בע""מ",ILS,פטור ממכרז,,"תקנה 3(1) - התקשרות ששוויה אינה עולה על 50,000 ש""ח",לא,12-28-15,12-31-16,18135,0
הנהלת בתי הדין הרבניים,בתי דין רבניים,בתי דין רבניים,22-03-01-12,הוצאות תפעול,4501152410,פיקוח צריכת אנרגיה לשנת 2016,40159616,"גדיר הנדסה בע""מ",ILS,פטור ממכרז,,"תקנה 3(1) - התקשרות ששוויה אינה עולה על 50,000 ש""ח",לא,12-28-15,,21762,0
הנהלת בתי הדין הרבניים,בתי דין רבניים,בתי דין רבניים,22-03-01-12,הוצאות תפעול,4501152432,דיין עמית לשנת 2016,40397834,אריאל יועזר אפרים,ILS,תקנה 5(ג)(4) - התקשרות עם מומחה - מינוי לועדה ציבורית/בורר/מ,8.7.15,,לא,12-28-15,,158476.5,0
הנהלת בתי הדין הרבניים,בתי דין רבניים,בתי דין רבניים,22-03-01-12,הוצאות תפעול,4501152441,דיין עמית לשנת 2016,40933513,בלייכר מיכאל שמואל,ILS,תקנה 5(ג)(4) - התקשרות עם מומחה - מינוי לועדה ציבורית/בורר/מ,8.7.15,,לא,12-28-15,,158476.5,0
הנהלת בתי הדין הרבניים,בתי דין רבניים,בתי דין רבניים,22-03-01-12,הוצאות תפעול,4501152538,"ליווי פרויקט בי""ד אשדוד",10000192,מינהל הדיור הממשלתי,ILS,התקשרות עם גופים ממשלתיים,,,לא,12-28-15,,334999,0
הנהלת בתי הדין הרבניים,בתי דין רבניים,בתי דין רבניים,22-03-01-12,הוצאות תפעול,4501152543,"וילונות לביה""ד רחובות",41387190,חסיד דוד,ILS,פטור ממכרז,,"תקנה 3(1) - התקשרות ששוויה אינה עולה על 50,000 ש""ח",לא,12-28-15,,8571.42,0
הנהלת בתי הדין הרבניים,בתי דין רבניים,בתי דין רבניים,22-03-01-12,הוצאות תפעול,4501152577,תחזוקת מעליות בבתי הדין לשנת 2016,40009486,"טיסנקרופ מעליות ישראל , שותפות מוגב",ILS,פטור ממכרז,,"תקנה 3(1) - התקשרות ששוויה אינה עולה על 50,000 ש""ח",לא,12-28-15,12-31-16,24640.2,0
הנהלת בתי הדין הרבניים,בתי דין רבניים,בתי דין רבניים,22-03-01-12,הוצאות תפעול,4501152822,שירות ותחזוקה למערכת מענה קולי בדיבור לשנת 2016,40296800,"או. טי - טק בע""מ",ILS,פטור ממכרז,574550,תקנה 3(29) - ספק יחיד,לא,12-28-15,12-31-20,182520,0
הנהלת בתי הדין הרבניים,בתי דין רבניים,בתי דין רבניים,22-03-01-12,הוצאות תפעול,4501152828,"השתתפות בהוצ' אבטחה בי""ד ירושלים",10000025,משרד האוצר,ILS,התקשרות עם גופים ממשלתיים,,,לא,12-28-15,,504513.36,0
הנהלת בתי הדין הרבניים,בתי דין רבניים,בתי דין רבניים,22-03-01-15,פעולות,4501153200,"נסיעה לחו""ל לטיפול בענייני עגונות",41003244,משרד סוכנות/האוצר נסיעות ממשלתית,ILS,התקשרות עם גופים ממשלתיים,10.13.1,,לא,12-29-15,,10028.6,0
הנהלת בתי הדין הרבניים,בתי דין רבניים,בתי דין רבניים,22-03-01-12,הוצאות תפעול,4501153521,סריקות תיקים,40001605,"טלדור מערכות מחשבים (1986) בע""מ",ILS,פטור ממכרז,1/2007,תקנה 3ג - מימוש זכות ברירה,לא,12-29-15,,450000.08,0
הנהלת בתי הדין הרבניים,בתי דין רבניים,בתי דין רבניים,22-03-01-15,פעולות,4501153612,"בדיקות מז""פ 2016",41382666,פרידסון רחל,ILS,פטור ממכרז,,"תקנה 3(1) - התקשרות ששוויה אינה עולה על 50,000 ש""ח",לא,12-29-15,12-31-16,47500,0
הנהלת בתי הדין הרבניים,בתי דין רבניים,בתי דין רבניים,22-03-01-12,הוצאות תפעול,4501153733,ריהוט משרדי לבתי הדין,40003692,"טופ-ליין יבוא ושיווק רהיטים בע""מ",ILS,מכרז מרכזי ממוכן,537946,,לא,12-29-15,,30712.400000000001,0
הנהלת בתי הדין הרבניים,בתי דין רבניים,בתי דין רבניים,22-03-01-15,פעולות,4501153812,טיפול בענייני עגונות,40251204,סננס ויקטור,ILS,פטור ממכרז,542320,תקנה 3ג - מימוש זכות ברירה,לא,12-29-15,12-31-16,18135,0
הנהלת בתי הדין הרבניים,בתי דין רבניים,בתי דין רבניים,22-03-01-12,הוצאות תפעול,4501153882,"השתתפות בהוצ' אבטחה בי""ד גדול לשנת 2016",10000066,המשרד לשירותי דת,ILS,התקשרות עם גופים ממשלתיים,,,לא,12-29-15,,140928,0
הנהלת בתי הדין הרבניים,בתי דין רבניים,בתי דין רבניים,22-03-01-14,הדרכה ושכר לימוד,4501154145,קורס העצמה נשית,10000066,המשרד לשירותי דת,ILS,התקשרות עם גופים ממשלתיים,,,לא,12-30-15,,10000,0
הנהלת בתי הדין הרבניים,בתי דין רבניים,בתי דין רבניים,22-03-01-12,הוצאות תפעול,4501154149,"חניה לבי""ד רחובות לשנת 2016",40408595,דרי אמנון,ILS,פטור ממכרז,574571,תקנה 3(29) - ספק יחיד,לא,12-30-15,,15444,0
הנהלת בתי הדין הרבניים,בתי דין רבניים,בתי דין רבניים,22-03-01-14,הדרכה ושכר לימוד,4501154153,קורס לממונות על שוויון מגדרי,10000020,משרד ראש הממשלה,ILS,התקשרות עם גופים ממשלתיים,,,לא,12-30-15,,1000,0
הנהלת בתי הדין הרבניים,בתי דין רבניים,בתי דין רבניים,22-03-01-12,הוצאות תפעול,4501154160,רכישת ספר עדת מעוזו א + ב,41387056,כלאב יעקב אליהו,ILS,פטור ממכרז,2.8.2009,תקנה 3(29) - ספק יחיד,לא,12-30-15,,3744,0
הנהלת בתי הדין הרבניים,בתי דין רבניים,בתי דין רבניים,22-03-01-12,הוצאות תפעול,4501154187,"חניה לבי""ד פ""ת 1/16-3/17",40440972,"תפארת העיר - חברה לבנין להשקעות בע""",ILS,פטור ממכרז,575346,תקנה 3(29) - ספק יחיד,לא,12-30-15,04-30-17,99982.86,0
הנהלת בתי הדין הרבניים,בתי דין רבניים,בתי דין רבניים,22-03-01-12,הוצאות תפעול,4501154493,"עבודות שיפוץ בי""ד ת""א",40293097,"א. חביב עבודות בניה ופתוח בע""מ",ILS,פטור ממכרז,574879,תקנה 3(2) - התקשרות דחופה למניעת נזק של ממש,לא,12-30-15,,68419.05,0
הנהלת בתי הדין הרבניים,בתי דין רבניים,בתי דין רבניים,22-03-01-12,הוצאות תפעול,4501154638,פיקוח על מסירה אישית 1-3/16,40006107,"מרטנס הופמן יועצים לניהול בע""מ",ILS,פטור ממכרז,562584,תקנה 3(4)(ב)(2) - התקשרות המשך באישור ועדת פטור משרדית,לא,12-30-15,03-31-16,10530,0
הנהלת בתי הדין הרבניים,בתי דין רבניים,בתי דין רבניים,22-03-01-12,הוצאות תפעול,4501154894,"עבודות שיפוץ בי""ד חיפה",10000192,מינהל הדיור הממשלתי,ILS,התקשרות עם גופים ממשלתיים,,,לא,12-31-15,,1082580,0
הנהלת בתי הדין הרבניים,בתי דין רבניים,בתי דין רבניים,22-03-01-12,הוצאות תפעול,4501154895,"תשלום שכר דירה בי""ד גדול 31.8-31.12.15",10000192,מינהל הדיור הממשלתי,ILS,התקשרות עם גופים ממשלתיים,,,לא,12-31-15,,259090.19,259090.19
הנהלת בתי הדין הרבניים,בתי דין רבניים,בתי דין רבניים,22-03-01-12,הוצאות תפעול,4501024198,טונרים למדפסת סמסונג צבעונית,40001337,"גרפיטי - שיווק ציוד משרדי ונייר בע""",ILS,תקנה 14ב - מכרז מרכזי,529619,,לא,02-16-15,,6995.04,6995.04
הנהלת בתי הדין הרבניים,בתי דין רבניים,בתי דין רבניים,22-03-01-12,הוצאות תפעול,4501042671,קרטוני גניזה,40001337,"גרפיטי - שיווק ציוד משרדי ונייר בע""",ILS,מכרז מרכזי ממוכן,529619,,לא,04-12-15,,4422.6000000000004,2609.33
הנהלת בתי הדין הרבניים,בתי דין רבניים,בתי דין רבניים,22-03-01-12,הוצאות תפעול,4501043156,טונרים למדפסות,40001337,"גרפיטי - שיווק ציוד משרדי ונייר בע""",ILS,מכרז מרכזי ממוכן,529619,,לא,04-13-15,,88116.44,84792.35
הנהלת בתי הדין הרבניים,בתי דין רבניים,בתי דין רבניים,22-03-01-12,הוצאות תפעול,4501049635,הזמנת טונרים ודרמים,40001337,"גרפיטי - שיווק ציוד משרדי ונייר בע""",ILS,מכרז מרכזי ממוכן,529619,,לא,04-28-15,,7935.8,7935.73
הנהלת בתי הדין הרבניים,בתי דין רבניים,בתי דין רבניים,22-03-01-12,הוצאות תפעול,4501060254,ציוד משרדי,40001337,"גרפיטי - שיווק ציוד משרדי ונייר בע""",ILS,מכרז מרכזי ממוכן,529619,,לא,05-25-15,,1382.53,1382.53
הנהלת בתי הדין הרבניים,בתי דין רבניים,בתי דין רבניים,22-03-01-12,הוצאות תפעול,4501060655,נייר לגיטין,40007105,"דפוסית דפוס והוצאה לאור בע""מ",ILS,פטור ממכרז,,"תקנה 3(1) - התקשרות ששוויה אינה עולה על 50,000 ש""ח",לא,05-26-15,,1121.47,1121.47
הנהלת בתי הדין הרבניים,בתי דין רבניים,בתי דין רבניים,22-03-01-12,הוצאות תפעול,4501069309,טונרים למדפסות,40001337,"גרפיטי - שיווק ציוד משרדי ונייר בע""",ILS,מכרז מרכזי ממוכן,529619,,לא,06-16-15,,14964.05,14964.04
הנהלת בתי הדין הרבניים,בתי דין רבניים,בתי דין רבניים,22-03-01-12,הוצאות תפעול,4501076603,טונרים למדפסות,40001337,"גרפיטי - שיווק ציוד משרדי ונייר בע""",ILS,מכרז מרכזי ממוכן,529619,,לא,07-06-15,,29674.48,29864.69
הנהלת בתי הדין הרבניים,בתי דין רבניים,בתי דין רבניים,22-03-01-12,הוצאות תפעול,4501076612,עבור נייר צילום רגיל וממוחזר,40001337,"גרפיטי - שיווק ציוד משרדי ונייר בע""",ILS,מכרז מרכזי ממוכן,529619,,לא,07-06-15,,22045.599999999999,10910.11
הנהלת בתי הדין הרבניים,בתי דין רבניים,בתי דין רבניים,22-03-01-12,הוצאות תפעול,4501077920,ציוד משרדי,40001337,"גרפיטי - שיווק ציוד משרדי ונייר בע""",ILS,מכרז מרכזי ממוכן,529619,,לא,07-08-15,,1762.82,1762.83
הנהלת בתי הדין הרבניים,בתי דין רבניים,בתי דין רבניים,22-03-01-12,הוצאות תפעול,4501086725,טונרים ודרמים למדפסות,40001337,"גרפיטי - שיווק ציוד משרדי ונייר בע""",ILS,מכרז מרכזי ממוכן,529619,,לא,07-30-15,,20250.36,10503.83
הנהלת בתי הדין הרבניים,בתי דין רבניים,בתי דין רבניים,22-03-01-12,הוצאות תפעול,4501109579,טונרים שונים למדפסות,40001337,"גרפיטי - שיווק ציוד משרדי ונייר בע""",ILS,מכרז מרכזי ממוכן,529619,,לא,10-14-15,,58668.71,28551.69
הנהלת בתי הדין הרבניים,בתי דין רבניים,בתי דין רבניים,22-03-01-12,הוצאות תפעול,4501109744,ציוד משרדי ונייר צילום,40001337,"גרפיטי - שיווק ציוד משרדי ונייר בע""",ILS,מכרז מרכזי ממוכן,529619,,לא,10-14-15,,8085.07,7986.77
הנהלת בתי הדין הרבניים,בתי דין רבניים,בתי דין רבניים,22-03-01-12,הוצאות תפעול,4501110998,טונרים שונים למדפסות,40001337,"גרפיטי - שיווק ציוד משרדי ונייר בע""",ILS,תקנה 14ב - מכרז מרכזי,529619,,לא,10-18-15,,9247.68,0
הנהלת בתי הדין הרבניים,בתי דין רבניים,בתי דין רבניים,22-03-01-12,הוצאות תפעול,4501112929,דיו לגיטין,40293068,נהרי צבי,ILS,פטור ממכרז,,"תקנה 3(1) - התקשרות ששוויה אינה עולה על 50,000 ש""ח",לא,10-21-15,,2808,2808
הנהלת בתי הדין הרבניים,בתי דין רבניים,בתי דין רבניים,22-03-01-12,הוצאות תפעול,4501112966,מעטפות שונות,10000173,המדפיס הממשלתי,ILS,התקשרות עם גופים ממשלתיים,,,לא,10-21-15,,1585,1585
הנהלת בתי הדין הרבניים,בתי דין רבניים,בתי דין רבניים,22-03-01-12,הוצאות תפעול,4501119642,נייר צילום עבור כל בתי הדין,40001337,"גרפיטי - שיווק ציוד משרדי ונייר בע""",ILS,מכרז מרכזי ממוכן,529619,,לא,11-04-15,,24491.38,3498.77
הנהלת בתי הדין הרבניים,בתי דין רבניים,בתי דין רבניים,22-03-01-12,הוצאות תפעול,4501119656,טונרים למדפסת סמסונג לכל בתי הדין הרבניים,40001337,"גרפיטי - שיווק ציוד משרדי ונייר בע""",ILS,תקנה 14ב - מכרז מרכזי,529619,,לא,11-04-15,,34678.800000000003,0
הנהלת בתי הדין הרבניים,בתי דין רבניים,בתי דין רבניים,22-03-01-12,הוצאות תפעול,4501122280,קופסאות לגניזה לצמיתות,40001337,"גרפיטי - שיווק ציוד משרדי ונייר בע""",ILS,מכרז מרכזי ממוכן,529619,,לא,11-09-15,,4422.6000000000004,0
הנהלת בתי הדין הרבניים,בתי דין רבניים,בתי דין רבניים,22-03-01-12,הוצאות תפעול,4501122833,ציוד משרדי לבתי הדין,40001337,"גרפיטי - שיווק ציוד משרדי ונייר בע""",ILS,מכרז מרכזי ממוכן,529619,,לא,11-10-15,,8425.14,5068.3900000000003
הנהלת בתי הדין הרבניים,בתי דין רבניים,בתי דין רבניים,22-03-01-12,הוצאות תפעול,4501123069,נורות פלורסנט וסטרטרים לבתי הדין,40001067,יוחנן ליפשיץ ושות בעמ,ILS,פטור ממכרז,,"תקנה 3(1) - התקשרות ששוויה אינה עולה על 50,000 ש""ח",לא,11-10-15,,4182.75,4182.75
הנהלת בתי הדין הרבניים,בתי דין רבניים,בתי דין רבניים,22-03-01-12,הוצאות תפעול,4501127385,טונרים למדפסות לבתי הדין,40001337,"גרפיטי - שיווק ציוד משרדי ונייר בע""",ILS,מכרז מרכזי ממוכן,529619,,לא,11-18-15,,71931.600000000006,21579.37
הנהלת בתי הדין הרבניים,בתי דין רבניים,בתי דין רבניים,22-03-01-12,הוצאות תפעול,4501138387,ציוד משרדי לבתי הדין,40001337,"גרפיטי - שיווק ציוד משרדי ונייר בע""",ILS,מכרז מרכזי ממוכן,529619,,לא,12-07-15,,2834.07,0
הנהלת בתי הדין הרבניים,בתי דין רבניים,בתי דין רבניים,22-03-01-12,הוצאות תפעול,4501145773,טונרים למדפסו צבעוניות בבתי הדין,40001337,"גרפיטי - שיווק ציוד משרדי ונייר בע""",ILS,מכרז מרכזי ממוכן,529619,,לא,12-17-15,,84999.22,0
