שם חברה,תאור של ארגון רכש,שם אתר,תקנה תקציבית,תיאור תקנה תקציבית,הזמנת רכש,מטרת התקשרות,תאריך יצירת ההזמנה,סיום תקופת תוקף,קוד ספק,שם הספק,"ערך ההזמנה כולל מע""מ",מטבע,"ביצוע חשבוניות במטבע מקומי כולל מע""מ והצ",אופן רכישה,"מס' פנייה במנו""ף/מנור""",סיבת פטור,הזמנה רגישה
האוצר-זכויות ניצולי השואה,ר.זכויות ניצולי שואה,רשות לזכויות ניצולי שואה,25020202,הנחות בתרופות,4501098067,"שירותי קופ""ח",08-31-15,03-31-16,0040001709,שירותי בריאות כללית,80565361.400000006,ILS,71333760.599999994,פטור ממכרז,555316,תקנה 3ג - מימוש זכות ברירה,לא
האוצר-זכויות ניצולי השואה,ר.זכויות ניצולי שואה,רשות לזכויות ניצולי שואה,25020215,קניית שירותי סיעוד,4501086821,סיעוד לניצולי שואה,07-30-15,09-30-15,0040011342,קרן לרווחה לנפגעי השואה בישראל rael,65724866.030000001,ILS,65306098.920000002,פטור ממכרז,565220,תקנה 3(29) - ספק יחיד,לא
האוצר-זכויות ניצולי השואה,ר.זכויות ניצולי שואה,רשות לזכויות ניצולי שואה,25020201,טיפול ושיקום רפואי,4501018002,שירות פסיכולוגי,02-09-15,12-31-15,0040005271,"עמך (ע""ר)",31504500,ILS,27399303,תקנה 1ב - מכרז פומבי רגיל,12/08,,לא
האוצר-זכויות ניצולי השואה,ר.זכויות ניצולי שואה,רשות לזכויות ניצולי שואה,25020202,הנחות בתרופות,4501098069,"שירותי קופ""ח",08-31-15,07-31-16,0040005325,מכבי שירותי בריאות - מחוז דן,26051102.489999998,ILS,21369821.370000001,פטור ממכרז,555316,תקנה 3ג - מימוש זכות ברירה,לא
האוצר-זכויות ניצולי השואה,ר.זכויות ניצולי שואה,רשות לזכויות ניצולי שואה,25020202,הנחות בתרופות,4501098087,"שירותי קופ""ח",08-31-15,07-31-16,0040168682,קופת חולים מאוחדת-מרכז,9433938.3399999999,ILS,8066709.1399999997,פטור ממכרז,555316,תקנה 3ג - מימוש זכות ברירה,לא
האוצר-זכויות ניצולי השואה,ר.זכויות ניצולי שואה,רשות לזכויות ניצולי שואה,25020202,הנחות בתרופות,4501098079,"שירותי קופ""ח",08-31-15,07-31-16,0040005285,קופת חולים לעובדים לאומיים,9402870.1199999992,ILS,8015916,פטור ממכרז,555316,תקנה 3ג - מימוש זכות ברירה,לא
האוצר-זכויות ניצולי השואה,ר.זכויות ניצולי שואה,רשות לזכויות ניצולי שואה,25020201,טיפול ושיקום רפואי,4501066260,שירות פסיכולוגי,06-09-15,05-31-16,0040329580,"שי - שירותי ייעוץ לניצולי שואה בע""מ",13480740,ILS,6983176.3499999996,תקנה 1ב - מכרז פומבי רגיל,12/08,,לא
האוצר-זכויות ניצולי השואה,ר.זכויות ניצולי שואה,רשות לזכויות ניצולי שואה,25010203,"הוצאות מיכון, דואר",4501141667,שירותי מחשוב תלושים,12-10-15,11-29-15,0040470571,"מלם שכר בע""מ",3627000,ILS,3073901.25,פטור ממכרז,567277,תקנה 3(4)(ב)(3) - התקשרות המשך באישור ועדת פטור מרכזית,לא
האוצר-זכויות ניצולי השואה,ר.זכויות ניצולי שואה,רשות לזכויות ניצולי שואה,25020201,טיפול ושיקום רפואי,4501018032,שירותי הבראה ומרחצאות לניצולי השואה,02-09-15,12-31-15,0040158722,"ניהול ותפעול מלונות ימים ואגמים בע""",2180257.14,ILS,1920362.47,אחר,,,לא
האוצר-זכויות ניצולי השואה,ר.זכויות ניצולי שואה,רשות לזכויות ניצולי שואה,25020201,טיפול ושיקום רפואי,4501018038,שירותי הבראה ומרחצאות לניצולי השואה,02-09-15,12-31-15,0040155767,"מלון קיסר (טבריה) בע""מ",1863388.8,ILS,1549848.44,אחר,,,לא
האוצר-זכויות ניצולי השואה,ר.זכויות ניצולי שואה,רשות לזכויות ניצולי שואה,25020201,טיפול ושיקום רפואי,4501018027,שירותי הבראה ומרחצאות לניצולי השואה,02-09-15,12-31-15,0040152925,"הוד המדבר מלון בע""מ",1637082.72,ILS,1434821.1,אחר,,,לא
האוצר-זכויות ניצולי השואה,ר.זכויות ניצולי שואה,רשות לזכויות ניצולי שואה,25010203,"הוצאות מיכון, דואר",4501033566,שירותי דואר,03-10-15,12-31-15,0040184020,"חברת דואר ישראל בע""מ",1190000,ILS,1043459.04,פטור ממכרז,1,תקנה 3(5) - חברה ממשלתית,לא
האוצר-זכויות ניצולי השואה,ר.זכויות ניצולי שואה,רשות לזכויות ניצולי שואה,25020201,טיפול ושיקום רפואי,4501027385,שירותי אישפוז,02-23-15,,0010000110,המרכז הרפואי לבריאות הנפש לב-השרון-,1967453,ILS,975176,אחר,,,לא
האוצר-זכויות ניצולי השואה,ר.זכויות ניצולי שואה,רשות לזכויות ניצולי שואה,25020201,טיפול ושיקום רפואי,4501027537,שירותי אישפוז,02-23-15,,0010000114,"ביה""ח שער-מנשה",954868,ILS,712712,אחר,,,לא
האוצר-זכויות ניצולי השואה,ר.זכויות ניצולי שואה,רשות לזכויות ניצולי שואה,25010203,"הוצאות מיכון, דואר",4501150556,שירותי מחשוב תלושים,12-24-15,12-31-16,0040470571,"מלם שכר בע""מ",1611319.91,ILS,599048.18000000005,פטור ממכרז,567277,תקנה 3(4)(ב)(3) - התקשרות המשך באישור ועדת פטור מרכזית,לא
האוצר-זכויות ניצולי השואה,ר.זכויות ניצולי שואה,רשות לזכויות ניצולי שואה,25020201,טיפול ושיקום רפואי,4501027331,שירותי אישפוז,02-23-15,,0010000093,"בי""ח חולים לחולי נפש כפר שאול איתני",814208,ILS,438240,אחר,,,לא
האוצר-זכויות ניצולי השואה,ר.זכויות ניצולי שואה,רשות לזכויות ניצולי שואה,25020201,טיפול ושיקום רפואי,4501018008,הבראה לניצולי שואה,02-09-15,12-31-15,0040002899,מלונות הכשרת הישוב בעמ,431262,ILS,432394.96,אחר,,,לא
האוצר-זכויות ניצולי השואה,ר.זכויות ניצולי שואה,רשות לזכויות ניצולי שואה,25010201,פעולות לרווחת ניצולי,4501060795,הדפסת לוחות שנה,05-26-15,,0010000173,המדפיס הממשלתי,425600,ILS,422500,פטור ממכרז,"7.12.1 הוראת תכ""ם",תקנה 3(5) - חברה ממשלתית,לא
האוצר-זכויות ניצולי השואה,ר.זכויות ניצולי שואה,רשות לזכויות ניצולי שואה,25020201,טיפול ושיקום רפואי,4501027519,שירותי אישפוז,02-23-15,,0010000094,"ביה""ח לחולי נפש באר-יעקב",317804,ILS,290896,אחר,,,לא
האוצר-זכויות ניצולי השואה,ר.זכויות ניצולי שואה,רשות לזכויות ניצולי שואה,25020201,טיפול ושיקום רפואי,4501120427,שירות פסיכולוגי,11-05-15,09-14-16,0040016876,אלה - מרכז לסיוע נפשי-חברתי ליוצאי,308150,ILS,248581,תקנה 1ב - מכרז פומבי רגיל,12/08,,לא
האוצר-זכויות ניצולי השואה,ר.זכויות ניצולי שואה,רשות לזכויות ניצולי שואה,25010211,ועדות רפואיות,4501047407,וועדות רפואיות,04-21-15,01-31-17,0040012804,יוסט ישראל,298936.24,ILS,230461.01,תקנה 1ב - מכרז פומבי רגיל,546276,,לא
האוצר-זכויות ניצולי השואה,ר.זכויות ניצולי שואה,רשות לזכויות ניצולי שואה,25020201,טיפול ושיקום רפואי,4501068776,שירותי אשפוז,06-15-15,,0010000117,"ביה""ח מעלה הכרמל",398442,ILS,147227,אחר,,,לא
האוצר-זכויות ניצולי השואה,ר.זכויות ניצולי שואה,רשות לזכויות ניצולי שואה,25020201,טיפול ושיקום רפואי,4501018010,טיפולי מרחצאות לניצולי שואה,02-09-15,12-31-15,0040002899,מלונות הכשרת הישוב בעמ,139967.1,ILS,88526.2,אחר,,,לא
האוצר-זכויות ניצולי השואה,ר.זכויות ניצולי שואה,רשות לזכויות ניצולי שואה,25020201,טיפול ושיקום רפואי,4501027325,שירותי אישפוז,02-23-15,,0040140826,"מרכז הורים נהריה בע""מ",105400.85,ILS,88272,אחר,,,לא
האוצר-זכויות ניצולי השואה,ר.זכויות ניצולי שואה,רשות לזכויות ניצולי שואה,25010204,יעוץ חות דעת ומומחים,4501127602,"מתן חו""ד היסטורית",11-18-15,09-09-16,0040926809,לסקר מיכאל מנחם,75000,ILS,75000,פטור ממכרז,569112,תקנה 3(29) - ספק יחיד,לא
האוצר-זכויות ניצולי השואה,ר.זכויות ניצולי שואה,רשות לזכויות ניצולי שואה,25020201,טיפול ושיקום רפואי,4501027303,אשפוז,02-23-15,,0040240239,"סנדיס (1997) שבי ציון בע""מ",105400.84,ILS,70508,אחר,,,לא
האוצר-זכויות ניצולי השואה,ר.זכויות ניצולי שואה,רשות לזכויות ניצולי שואה,25010206,מיחשוב מערך התגמולים,4501048061,שרת גיבוי,04-22-15,,0040001247,"הראל טכנולוגיות מידע בע""מ",59237.91,ILS,58643.71,תקנה 14ב - מכרז מרכזי,537960,,לא
האוצר-זכויות ניצולי השואה,ר.זכויות ניצולי שואה,רשות לזכויות ניצולי שואה,25010203,"הוצאות מיכון, דואר",4501037613,הדפסה ושליחת מכתבים למקבלי מענק שנתי,03-22-15,,0040007101,"א.ד. הפצות ועיטוף בע""מ",56474.73,ILS,56923.839999999997,תקנה 1ב - מכרז פומבי רגיל,551011,,לא
האוצר-זכויות ניצולי השואה,ר.זכויות ניצולי שואה,רשות לזכויות ניצולי שואה,25010201,פעולות לרווחת ניצולי,4501145421,הפקת אירוע יום השואה הבינלאומי,12-17-15,01-27-16,0040000712,התיאטרון הקאמרי של תל אביב,56420,ILS,56420,פטור ממכרז,98,"תקנה 3(11) - שירותים שעניינם תרבות, אמנות, בידור או הווי",לא
האוצר-זכויות ניצולי השואה,ר.זכויות ניצולי שואה,רשות לזכויות ניצולי שואה,25010204,יעוץ חות דעת ומומחים,4501017728,ייעוץ למערכת חילול שכר,02-08-15,,0010000002,החשב הכללי,200000,ILS,54740,תקנה 14ב - מכרז מרכזי,511817,,לא
האוצר-זכויות ניצולי השואה,ר.זכויות ניצולי שואה,רשות לזכויות ניצולי שואה,25020201,טיפול ושיקום רפואי,4501018073,"חו""ד רפואית",02-09-15,,0040180465,דוקטור י.א. אופיר,60339.94,ILS,51951.38,אחר,,,לא
האוצר-זכויות ניצולי השואה,ר.זכויות ניצולי שואה,רשות לזכויות ניצולי שואה,25020201,טיפול ושיקום רפואי,4501018315,שיקום שיניים עבור ניצולת שואה,02-09-15,,0040516379,וינברגר ראובן,49576.27,ILS,50000,פטור ממכרז,,"תקנה 3(1) - התקשרות ששוויה אינה עולה על 50,000 ש""ח",לא
האוצר-זכויות ניצולי השואה,ר.זכויות ניצולי שואה,רשות לזכויות ניצולי שואה,25010201,פעולות לרווחת ניצולי,4501075516,עיטוף ומשלוח לוחות שנה,07-02-15,,0040007101,"א.ד. הפצות ועיטוף בע""מ",49476.959999999999,ILS,49899.839999999997,פטור ממכרז,,"תקנה 3(1) - התקשרות ששוויה אינה עולה על 50,000 ש""ח",לא
האוצר-זכויות ניצולי השואה,ר.זכויות ניצולי שואה,רשות לזכויות ניצולי שואה,25020201,טיפול ושיקום רפואי,4501018016,שירותי הבראה לניצולי השואה,02-09-15,12-31-15,0040158914,מלון רויאל פלזה טבריה,89610.3,ILS,45487.8,אחר,,,לא
האוצר-זכויות ניצולי השואה,ר.זכויות ניצולי שואה,רשות לזכויות ניצולי שואה,25010211,ועדות רפואיות,4501075499,ועדות רפואיות,07-02-15,06-14-16,0041048786,למפל יאיר,97567.61,ILS,45079.71,פטור ממכרז,546276,תקנה 3(22) - התקשרות למינוי מומחים רפואיים ועדות או ועדות לק,לא
האוצר-זכויות ניצולי השואה,ר.זכויות ניצולי שואה,רשות לזכויות ניצולי שואה,25020201,טיפול ושיקום רפואי,4501018067,"חו""ד רפואית",02-09-15,,0040180468,"ד""ר מירון סדן",50777.89,ILS,39425.65,אחר,,,לא
האוצר-זכויות ניצולי השואה,ר.זכויות ניצולי שואה,רשות לזכויות ניצולי שואה,25020201,טיפול ושיקום רפואי,4501027309,"חו""ד רפואית",02-23-15,,0041048578,מה נעים (פולת) טובה,35470.19,ILS,32460.77,אחר,,,לא
האוצר-זכויות ניצולי השואה,ר.זכויות ניצולי שואה,רשות לזכויות ניצולי שואה,25020201,טיפול ושיקום רפואי,4501018142,"חו""ד רפואית",02-09-15,,0040409246,"ד""ר ש. וסרלאוף בע""מ",37755.78,ILS,31228.7,אחר,,,לא
האוצר-זכויות ניצולי השואה,ר.זכויות ניצולי שואה,רשות לזכויות ניצולי שואה,25020201,טיפול ושיקום רפואי,4501018236,שירותי פיזיוטרפיה לניצולי השואה,02-09-15,12-31-15,0040180469,מכון אריאל לפיזיותרפיה והידרותרפיה,48739.98,ILS,30148.65,תקנה 1ב - מכרז פומבי רגיל,03/09,,לא
האוצר-זכויות ניצולי השואה,ר.זכויות ניצולי שואה,רשות לזכויות ניצולי שואה,25020201,טיפול ושיקום רפואי,4501018295,שירותי פיזיוטרפיה לניצולי השואה,02-09-15,12-31-15,0040500610,"יד - המרפאה לפיזיותרפיה ראשונית בע""",38383.61,ILS,27304.94,תקנה 1ב - מכרז פומבי רגיל,03/09,,לא
האוצר-זכויות ניצולי השואה,ר.זכויות ניצולי שואה,רשות לזכויות ניצולי שואה,25020201,טיפול ושיקום רפואי,4501018060,"חו""ד רפואית",02-09-15,,0040180416,לייב רונן,39020.32,ILS,26475.11,אחר,,,לא
האוצר-זכויות ניצולי השואה,ר.זכויות ניצולי שואה,רשות לזכויות ניצולי שואה,25010206,מיחשוב מערך התגמולים,4501127463,מדפסות,11-18-15,,0040001244,"דנגוט מחשבים בע""מ",22104.11,ILS,25375.43,תקנה 14ב - מכרז מרכזי,543274,,לא
האוצר-זכויות ניצולי השואה,ר.זכויות ניצולי שואה,רשות לזכויות ניצולי שואה,25020201,טיפול ושיקום רפואי,4501066273,שירות פסיכולוגי,06-09-15,05-31-16,0040258557,שפירא אסתר צירל,35913.15,ILS,24816.32,תקנה 1ב - מכרז פומבי רגיל,12/08,,לא
האוצר-זכויות ניצולי השואה,ר.זכויות ניצולי שואה,רשות לזכויות ניצולי שואה,25020201,טיפול ושיקום רפואי,4501018147,"חו""ד רפואית",02-09-15,,0040216718,פרדיס מילו,33640.199999999997,ILS,24785.98,אחר,,,לא
האוצר-זכויות ניצולי השואה,ר.זכויות ניצולי שואה,רשות לזכויות ניצולי שואה,25020201,טיפול ושיקום רפואי,4501018229,שירותי פיזיוטרפיה לניצולי השואה,02-09-15,12-31-15,0040180409,גרינברג ישראל,30794.400000000001,ILS,23699.71,תקנה 1ב - מכרז פומבי רגיל,03/09,,לא
האוצר-זכויות ניצולי השואה,ר.זכויות ניצולי שואה,רשות לזכויות ניצולי שואה,25010201,פעולות לרווחת ניצולי,4501051239,מארזי שי,05-03-15,,0040408513,"סבון של פעם תעשיות בע""מ",23400,ILS,23600,פטור ממכרז,,"תקנה 3(1) - התקשרות ששוויה אינה עולה על 50,000 ש""ח",לא
האוצר-זכויות ניצולי השואה,ר.זכויות ניצולי שואה,רשות לזכויות ניצולי שואה,25010206,מיחשוב מערך התגמולים,4501111895,סורקים שולחניים,10-19-15,,0040124126,"אוליטק ש.ב.א. בע""מ",22754.16,ILS,22754.16,תקנה 14ב - מכרז מרכזי,528914,,לא
האוצר-זכויות ניצולי השואה,ר.זכויות ניצולי שואה,רשות לזכויות ניצולי שואה,25020201,טיפול ושיקום רפואי,4501018151,"חו""ד רפואית",02-09-15,,0040183260,ברוסקין אלכסנדר,25792.53,ILS,18662.849999999999,אחר,,,לא
האוצר-זכויות ניצולי השואה,ר.זכויות ניצולי שואה,רשות לזכויות ניצולי שואה,25010204,יעוץ חות דעת ומומחים,4501047441,חוו:ד היסטורית - יהדות עירק,04-21-15,02-17-16,0041129758,זיידל רונן,58207.5,ILS,17700,תקנה 5(ג)(2) - התקשרות עם מומחה - בדיקת מס' הצעות,99,,לא
האוצר-זכויות ניצולי השואה,ר.זכויות ניצולי שואה,רשות לזכויות ניצולי שואה,25020201,טיפול ושיקום רפואי,4501018201,שירותי פיזיוטרפיה לניצולי השואה,02-09-15,12-31-15,0040180412,מצקין אלה,25690.63,ILS,17445.8,תקנה 1ב - מכרז פומבי רגיל,03/09,,לא
האוצר-זכויות ניצולי השואה,ר.זכויות ניצולי שואה,רשות לזכויות ניצולי שואה,25010206,מיחשוב מערך התגמולים,4501044221,ממשק עם ביטוח לאומי,04-14-15,,0040470571,"מלם שכר בע""מ",15122.25,ILS,17284.75,פטור ממכרז,,"תקנה 3(1) - התקשרות ששוויה אינה עולה על 50,000 ש""ח",לא
האוצר-זכויות ניצולי השואה,ר.זכויות ניצולי שואה,רשות לזכויות ניצולי שואה,25020201,טיפול ושיקום רפואי,4501049490,שירות פסיכולוגי,04-28-15,03-25-16,0040140370,ת.ל.מ. - תחנות הקיבוצים לטפול בילד,26091,ILS,15485.12,תקנה 1ב - מכרז פומבי רגיל,12/08,,לא
האוצר-זכויות ניצולי השואה,ר.זכויות ניצולי שואה,רשות לזכויות ניצולי שואה,25020201,טיפול ושיקום רפואי,4501018019,שירותי הבראה לניצולי השואה,02-09-15,12-31-15,0040181655,"הוליטל מלונות בע""מ",46753.2,ILS,14925.06,אחר,,,לא
האוצר-זכויות ניצולי השואה,ר.זכויות ניצולי שואה,רשות לזכויות ניצולי שואה,25010206,מיחשוב מערך התגמולים,4501111766,טונר למדפסת,10-19-15,,0040001244,"דנגוט מחשבים בע""מ",12532.81,ILS,14317,תקנה 14ב - מכרז מרכזי,543274,,לא
האוצר-זכויות ניצולי השואה,ר.זכויות ניצולי שואה,רשות לזכויות ניצולי שואה,25010206,מיחשוב מערך התגמולים,4501141470,מסכי מחשב,12-10-15,,0041097839,"גטר גרופ בע""מ",13741.65,ILS,13859.1,תקנה 14ב - מכרז מרכזי,541738,,לא
האוצר-זכויות ניצולי השואה,ר.זכויות ניצולי שואה,רשות לזכויות ניצולי שואה,25010206,מיחשוב מערך התגמולים,4501111714,טונרים ותנורים למדפסת,10-19-15,,0041097839,"גטר גרופ בע""מ",12302.08,ILS,13277.63,תקנה 14ב - מכרז מרכזי,537981,,לא
האוצר-זכויות ניצולי השואה,ר.זכויות ניצולי שואה,רשות לזכויות ניצולי שואה,25010203,"הוצאות מיכון, דואר",4501044224,תפעול חודשי שוטף (פרויקט כרטיס אשראי),04-14-15,,0040470571,"מלם שכר בע""מ",12870,ILS,12960,פטור ממכרז,,"תקנה 3(1) - התקשרות ששוויה אינה עולה על 50,000 ש""ח",לא
האוצר-זכויות ניצולי השואה,ר.זכויות ניצולי שואה,רשות לזכויות ניצולי שואה,25010206,מיחשוב מערך התגמולים,4501050170,הזמנת טונרים ותוף למדפסת,04-29-15,,0041097839,"גטר גרופ בע""מ",11002.1,ILS,11923.9,תקנה 14ב - מכרז מרכזי,537981,,לא
האוצר-זכויות ניצולי השואה,ר.זכויות ניצולי שואה,רשות לזכויות ניצולי שואה,25020201,טיפול ושיקום רפואי,4501018344,"מנויי שח""ל",02-09-15,,0040004409,"ש ח ל טלרפואה בע""מ",11700,ILS,11800,אחר,,,לא
האוצר-זכויות ניצולי השואה,ר.זכויות ניצולי שואה,רשות לזכויות ניצולי שואה,25020201,טיפול ושיקום רפואי,4501143723,"שירות חו""ד",12-15-15,09-30-16,0040216718,פרדיס מילו,48568.46,ILS,11140.14,פטור ממכרז,98,תקנה 3(22) - התקשרות למינוי מומחים רפואיים ועדות או ועדות לק,לא
האוצר-זכויות ניצולי השואה,ר.זכויות ניצולי שואה,רשות לזכויות ניצולי שואה,25020201,טיפול ושיקום רפואי,4501110817,"שירות חו""ד",10-18-15,09-30-16,0041048578,מה נעים (פולת) טובה,42934.32,ILS,10939.93,פטור ממכרז,546276,תקנה 3(22) - התקשרות למינוי מומחים רפואיים ועדות או ועדות לק,לא
האוצר-זכויות ניצולי השואה,ר.זכויות ניצולי שואה,רשות לזכויות ניצולי שואה,25010203,"הוצאות מיכון, דואר",4501103502,מודעה לפרסום בעיתונות,09-17-15,12-31-15,0010000021,לשכת הפירסום הממשלתי,10851.7,ILS,10851.7,פטור ממכרז,98,תקנה 3(29) - ספק יחיד,לא
האוצר-זכויות ניצולי השואה,ר.זכויות ניצולי שואה,רשות לזכויות ניצולי שואה,25010203,"הוצאות מיכון, דואר",4501111878,מודעה לפרסום בעיתונות,10-19-15,12-31-15,0010000021,לשכת הפירסום הממשלתי,10345,ILS,10345,פטור ממכרז,98,תקנה 3(12) - לשכת הפרסום הממשלתית,לא
האוצר-זכויות ניצולי השואה,ר.זכויות ניצולי שואה,רשות לזכויות ניצולי שואה,25010201,פעולות לרווחת ניצולי,4501059932,עיצוב לוחות שנה,05-25-15,,0010000021,לשכת הפירסום הממשלתי,10000,ILS,9960,פטור ממכרז,,"תקנה 3(1) - התקשרות ששוויה אינה עולה על 50,000 ש""ח",לא
האוצר-זכויות ניצולי השואה,ר.זכויות ניצולי שואה,רשות לזכויות ניצולי שואה,25020201,טיפול ושיקום רפואי,4501123423,"שירות חו""ד",11-11-15,09-30-16,0040180465,דוקטור י.א. אופיר,48568.46,ILS,9675.34,תקנה 1ב - מכרז פומבי רגיל,546276,,לא
האוצר-זכויות ניצולי השואה,ר.זכויות ניצולי שואה,רשות לזכויות ניצולי שואה,25020201,טיפול ושיקום רפואי,4501120471,"שירות חו""ד",11-05-15,09-30-16,0040180468,"ד""ר מירון סדן",42934.32,ILS,9521.43,תקנה 1ב - מכרז פומבי רגיל,546276,,לא
האוצר-זכויות ניצולי השואה,ר.זכויות ניצולי שואה,רשות לזכויות ניצולי שואה,25020201,טיפול ושיקום רפואי,4501018208,שירותי פיזיוטרפיה לניצולי השואה,02-09-15,12-31-15,0040180380,שרר גדעון,17596.8,ILS,9311.07,תקנה 1ב - מכרז פומבי רגיל,03/09,,לא
האוצר-זכויות ניצולי השואה,ר.זכויות ניצולי שואה,רשות לזכויות ניצולי שואה,25010203,"הוצאות מיכון, דואר",4501011536,הפצת דף מידע,01-26-15,,0010000021,לשכת הפירסום הממשלתי,9500,ILS,9146.9699999999993,פטור ממכרז,98,תקנה 3(12) - לשכת הפרסום הממשלתית,לא
האוצר-זכויות ניצולי השואה,ר.זכויות ניצולי שואה,רשות לזכויות ניצולי שואה,25010203,"הוצאות מיכון, דואר",4501079075,מודעה לפרסום בעיתונות,07-12-15,,0010000021,לשכת הפירסום הממשלתי,10071.76,ILS,9063.76,פטור ממכרז,98,תקנה 3(12) - לשכת הפרסום הממשלתית,לא
האוצר-זכויות ניצולי השואה,ר.זכויות ניצולי שואה,רשות לזכויות ניצולי שואה,25010203,"הוצאות מיכון, דואר",4501069350,הפצת דף מידע,06-16-15,,0010000021,לשכת הפירסום הממשלתי,9172,ILS,9045.25,פטור ממכרז,98,תקנה 3(12) - לשכת הפרסום הממשלתית,לא
האוצר-זכויות ניצולי השואה,ר.זכויות ניצולי שואה,רשות לזכויות ניצולי שואה,25020201,טיפול ושיקום רפואי,4501143690,שירות פסיכולוגי,12-15-15,11-30-16,0040142287,וולקוב לאה שרה,34868.800000000003,ILS,9000.1,תקנה 1ב - מכרז פומבי רגיל,12/08,,לא
האוצר-זכויות ניצולי השואה,ר.זכויות ניצולי שואה,רשות לזכויות ניצולי שואה,25010206,מיחשוב מערך התגמולים,4501027292,ציוד מחשב (זכרונות לשרתים),02-23-15,,0040001247,"הראל טכנולוגיות מידע בע""מ",8413,ILS,8417.9,תקנה 14ב - מכרז מרכזי,537960,,לא
האוצר-זכויות ניצולי השואה,ר.זכויות ניצולי שואה,רשות לזכויות ניצולי שואה,25020201,טיפול ושיקום רפואי,4501139519,טיפולים נפשיים,12-08-15,,0040180369,אלון נחמן,8360,ILS,8360,פטור ממכרז,,"תקנה 3(1) - התקשרות ששוויה אינה עולה על 50,000 ש""ח",לא
האוצר-זכויות ניצולי השואה,ר.זכויות ניצולי שואה,רשות לזכויות ניצולי שואה,25020201,טיפול ושיקום רפואי,4501018136,"חו""ד רפואית",02-09-15,,0040449977,"ד""ר פולקוב רן שירותי רפואת עיניים ב",14003.03,ILS,7757.53,אחר,,,לא
האוצר-זכויות ניצולי השואה,ר.זכויות ניצולי שואה,רשות לזכויות ניצולי שואה,25020201,טיפול ושיקום רפואי,4501066276,שירות פסיכולוגי,06-09-15,05-31-16,0040258556,סימון בוני עליזה,19059.3,ILS,7631.06,תקנה 1ב - מכרז פומבי רגיל,12/08,,לא
האוצר-זכויות ניצולי השואה,ר.זכויות ניצולי שואה,רשות לזכויות ניצולי שואה,25020201,טיפול ושיקום רפואי,4501018224,שירותי פיזיוטרפיה לניצולי השואה,02-09-15,12-31-15,0040180375,אדן אברהם,8974.25,ILS,7077.15,תקנה 1ב - מכרז פומבי רגיל,03/09,,לא
האוצר-זכויות ניצולי השואה,ר.זכויות ניצולי שואה,רשות לזכויות ניצולי שואה,25010203,"הוצאות מיכון, דואר",4501064124,פרסום מודעה בעיתונות ובאתר אינטרנט,06-03-15,,0010000021,לשכת הפירסום הממשלתי,7076.4,ILS,7076.4,פטור ממכרז,56596,תקנה 3(12) - לשכת הפרסום הממשלתית,לא
האוצר-זכויות ניצולי השואה,ר.זכויות ניצולי שואה,רשות לזכויות ניצולי שואה,25010203,"הוצאות מיכון, דואר",4501044229,הפקת תלושים,04-14-15,,0040470571,"מלם שכר בע""מ",7897.5,ILS,7051.37,פטור ממכרז,1,תקנה 3(29) - ספק יחיד,לא
האוצר-זכויות ניצולי השואה,ר.זכויות ניצולי שואה,רשות לזכויות ניצולי שואה,25010203,"הוצאות מיכון, דואר",4501044728,מודעה לפרסום בעיתונות,04-15-15,,0010000021,לשכת הפירסום הממשלתי,8906.6,ILS,6424.4,פטור ממכרז,98,תקנה 3(12) - לשכת הפרסום הממשלתית,לא
האוצר-זכויות ניצולי השואה,ר.זכויות ניצולי שואה,רשות לזכויות ניצולי שואה,25020201,טיפול ושיקום רפואי,4501076472,"חו""ד רפואית",07-06-15,,0041332227,בירקנפלד שלמה,5949.14,ILS,6000,פטור ממכרז,,"תקנה 3(1) - התקשרות ששוויה אינה עולה על 50,000 ש""ח",לא
האוצר-זכויות ניצולי השואה,ר.זכויות ניצולי שואה,רשות לזכויות ניצולי שואה,25020201,טיפול ושיקום רפואי,4501066282,שירות פסיכולוגי,06-09-15,06-01-16,0041048788,באום הדי,43114.5,ILS,5780.16,תקנה 1ב - מכרז פומבי רגיל,12/08,,לא
האוצר-זכויות ניצולי השואה,ר.זכויות ניצולי שואה,רשות לזכויות ניצולי שואה,25020201,טיפול ושיקום רפואי,4501119572,"שירות חו""ד",11-04-15,09-30-16,0040180416,לייב רונן,42934.32,ILS,5675.54,פטור ממכרז,98,תקנה 3(22) - התקשרות למינוי מומחים רפואיים ועדות או ועדות לק,לא
האוצר-זכויות ניצולי השואה,ר.זכויות ניצולי שואה,רשות לזכויות ניצולי שואה,25020201,טיפול ושיקום רפואי,4501018216,שירותי פיזיוטרפיה לניצולי השואה,02-09-15,12-31-15,0040180411,דרך יעקב,8798.4,ILS,5317.16,תקנה 1ב - מכרז פומבי רגיל,03/09,,לא
האוצר-זכויות ניצולי השואה,ר.זכויות ניצולי שואה,רשות לזכויות ניצולי שואה,25010206,מיחשוב מערך התגמולים,4501088519,רכישת שריונות,08-04-15,,0040001141,"אלעד מערכות תוכנה בע""מ",5148,ILS,5192,פטור ממכרז,,"תקנה 3(1) - התקשרות ששוויה אינה עולה על 50,000 ש""ח",לא
האוצר-זכויות ניצולי השואה,ר.זכויות ניצולי שואה,רשות לזכויות ניצולי שואה,25010206,מיחשוב מערך התגמולים,4501067024,רכישת סורקים שולחניים,06-10-15,,0040004286,"אלפא מסופים ומדפסות בע""מ",5096.5200000000004,ILS,5140.08,תקנה 14ב - מכרז מרכזי,528914,,לא
האוצר-זכויות ניצולי השואה,ר.זכויות ניצולי שואה,רשות לזכויות ניצולי שואה,25020201,טיפול ושיקום רפואי,4501127792,"שירות חו""ד",11-19-15,09-30-16,0040449977,"ד""ר פולקוב רן שירותי רפואת עיניים ב",42934.32,ILS,5115.7299999999996,פטור ממכרז,546276,תקנה 3(22) - התקשרות למינוי מומחים רפואיים ועדות או ועדות לק,לא
האוצר-זכויות ניצולי השואה,ר.זכויות ניצולי שואה,רשות לזכויות ניצולי שואה,25020201,טיפול ושיקום רפואי,4501150350,"שירות חו""ד",12-24-15,09-30-16,0041107919,"ד""ר ב.מרקוס",42934.32,ILS,4965.5200000000004,פטור ממכרז,546276,תקנה 3(22) - התקשרות למינוי מומחים רפואיים ועדות או ועדות לק,לא
האוצר-זכויות ניצולי השואה,ר.זכויות ניצולי שואה,רשות לזכויות ניצולי שואה,25020201,טיפול ושיקום רפואי,4501105339,"שירות חו""ד",09-24-15,09-30-16,0041338797,פלאקסמן חיים,42934.32,ILS,4929.13,תקנה 1ב - מכרז פומבי רגיל,546276,,לא
האוצר-זכויות ניצולי השואה,ר.זכויות ניצולי שואה,רשות לזכויות ניצולי שואה,25020201,טיפול ושיקום רפואי,4501018220,שירותי פיזיוטרפיה לניצולי השואה,02-09-15,12-31-15,0040180381,סטרהובסקי דניאל,8798.4,ILS,4791.74,תקנה 1ב - מכרז פומבי רגיל,03/09,,לא
האוצר-זכויות ניצולי השואה,ר.זכויות ניצולי שואה,רשות לזכויות ניצולי שואה,25010206,מיחשוב מערך התגמולים,4501111736,טונרים צבעוניים למדפסת,10-19-15,,0040001244,"דנגוט מחשבים בע""מ",3629.71,ILS,4145.92,תקנה 14ב - מכרז מרכזי,543274,,לא
האוצר-זכויות ניצולי השואה,ר.זכויות ניצולי שואה,רשות לזכויות ניצולי שואה,25010203,"הוצאות מיכון, דואר",4501044708,הדפסה ושליחת מכתבים ליוצאי לוב,04-15-15,,0040007101,"א.ד. הפצות ועיטוף בע""מ",3678.2,ILS,3709.65,תקנה 1ב - מכרז פומבי רגיל,551011,,לא
האוצר-זכויות ניצולי השואה,ר.זכויות ניצולי שואה,רשות לזכויות ניצולי שואה,25010203,"הוצאות מיכון, דואר",4501077653,"הדפסה ושליחת מכתבים למקבלי קצבאות מחו""ל",07-08-15,,0040007101,"א.ד. הפצות ועיטוף בע""מ",3571.8,ILS,3602.33,תקנה 1ב - מכרז פומבי רגיל,551011,,לא
האוצר-זכויות ניצולי השואה,ר.זכויות ניצולי שואה,רשות לזכויות ניצולי שואה,25010203,"הוצאות מיכון, דואר",4501118274,הפקת קובץ מצבת רכבים,11-02-15,,0040470571,"מלם שכר בע""מ",3469.05,ILS,3469.05,פטור ממכרז,,"תקנה 3(1) - התקשרות ששוויה אינה עולה על 50,000 ש""ח",לא
האוצר-זכויות ניצולי השואה,ר.זכויות ניצולי שואה,רשות לזכויות ניצולי שואה,25020201,טיפול ושיקום רפואי,4501053950,"חו""ד רפואית",05-07-15,,0040007251,"פרופ' גנאל אברהם בע""מ",2632.5,ILS,2655,פטור ממכרז,,"תקנה 3(1) - התקשרות ששוויה אינה עולה על 50,000 ש""ח",לא
האוצר-זכויות ניצולי השואה,ר.זכויות ניצולי שואה,רשות לזכויות ניצולי שואה,25010206,מיחשוב מערך התגמולים,4501111905,רכישת סורק תעשייתי,10-19-15,,0040004286,"אלפא מסופים ומדפסות בע""מ",2548.2600000000002,ILS,2548.2600000000002,תקנה 14ב - מכרז מרכזי,528914,,לא
האוצר-זכויות ניצולי השואה,ר.זכויות ניצולי שואה,רשות לזכויות ניצולי שואה,25010206,מיחשוב מערך התגמולים,4501111839,תוף למדפסת,10-19-15,,0040001247,"הראל טכנולוגיות מידע בע""מ",2111.85,ILS,2403.34,תקנה 14ב - מכרז מרכזי,543274,,לא
האוצר-זכויות ניצולי השואה,ר.זכויות ניצולי שואה,רשות לזכויות ניצולי שואה,25010203,"הוצאות מיכון, דואר",4501073296,הכנסת אינסרט ממוכן למעטפת תלוש,06-28-15,,0040007101,"א.ד. הפצות ועיטוף בע""מ",2260.44,ILS,2207.3000000000002,תקנה 1ב - מכרז פומבי רגיל,551011,,לא
האוצר-זכויות ניצולי השואה,ר.זכויות ניצולי שואה,רשות לזכויות ניצולי שואה,25010203,"הוצאות מיכון, דואר",4501011554,הכנסת אינסרט ממוכן דף מידע למעטפת תלושים,01-26-15,,0040007101,"א.ד. הפצות ועיטוף בע""מ",2206.62,ILS,2169.3200000000002,תקנה 1ב - מכרז פומבי רגיל,551011,,לא
האוצר-זכויות ניצולי השואה,ר.זכויות ניצולי שואה,רשות לזכויות ניצולי שואה,25020201,טיפול ושיקום רפואי,4501018056,"חו""ד רפואית",02-09-15,,0040361342,גולן חיים,23020.04,ILS,1732.05,אחר,,,לא
האוצר-זכויות ניצולי השואה,ר.זכויות ניצולי שואה,רשות לזכויות ניצולי שואה,25010206,מיחשוב מערך התגמולים,4501024621,החלפת מצברים - אל פסק לצורך גיבוי מערך טכנולוגי,02-17-15,,0040004355,איתן הנדסה ושירותים (מקבוצת טוטנאור,1626.3,ILS,1640.2,פטור ממכרז,,"תקנה 3(1) - התקשרות ששוויה אינה עולה על 50,000 ש""ח",לא
האוצר-זכויות ניצולי השואה,ר.זכויות ניצולי שואה,רשות לזכויות ניצולי שואה,25010206,מיחשוב מערך התגמולים,4501051699,החלפת מצברים לא תקינים בחדר מחשב,05-04-15,,0040004355,איתן הנדסה ושירותים (מקבוצת טוטנאור,1626.3,ILS,1640.2,פטור ממכרז,,"תקנה 3(1) - התקשרות ששוויה אינה עולה על 50,000 ש""ח",לא
האוצר-זכויות ניצולי השואה,ר.זכויות ניצולי שואה,רשות לזכויות ניצולי שואה,25020201,טיפול ושיקום רפואי,4501018150,"חו""ד רפואית",02-09-15,,0040460587,שוורץ מיגואל,3360.42,ILS,1167.46,אחר,,,לא
האוצר-זכויות ניצולי השואה,ר.זכויות ניצולי שואה,רשות לזכויות ניצולי שואה,25010203,"הוצאות מיכון, דואר",4501029580,צילומים לכנס מקצועי,03-01-15,,0010000021,לשכת הפירסום הממשלתי,960,ILS,945,פטור ממכרז,,"תקנה 3(1) - התקשרות ששוויה אינה עולה על 50,000 ש""ח",לא
האוצר-זכויות ניצולי השואה,ר.זכויות ניצולי שואה,רשות לזכויות ניצולי שואה,25020201,טיפול ושיקום רפואי,4501082345,"חו""ד רפואית",07-20-15,,0041107919,"ד""ר ב.מרקוס",858.69,ILS,866.03,פטור ממכרז,,"תקנה 3(1) - התקשרות ששוויה אינה עולה על 50,000 ש""ח",לא
האוצר-זכויות ניצולי השואה,ר.זכויות ניצולי שואה,רשות לזכויות ניצולי שואה,25020201,טיפול ושיקום רפואי,4501105366,"שירות חו""ד",09-24-15,09-30-16,0041338784,אורון אמיר,42934.32,ILS,746.41,תקנה 1ב - מכרז פומבי רגיל,546276,,לא
האוצר-זכויות ניצולי השואה,ר.זכויות ניצולי שואה,רשות לזכויות ניצולי שואה,25010204,יעוץ חות דעת ומומחים,4501152389,שירותי תמלול והקלטה,12-28-15,,0040005003,חבר המתרגמים בינלאומי (איכות 2000),602,ILS,602,פטור ממכרז,,"תקנה 3(1) - התקשרות ששוויה אינה עולה על 50,000 ש""ח",לא
האוצר-זכויות ניצולי השואה,ר.זכויות ניצולי שואה,רשות לזכויות ניצולי שואה,25010206,מיחשוב מערך התגמולים,4501048200,תיקון מדפסת,04-26-15,,0040001244,"דנגוט מחשבים בע""מ",478.53,ILS,482.62,תקנה 14ב - מכרז מרכזי,543274,,לא
האוצר-זכויות ניצולי השואה,ר.זכויות ניצולי שואה,רשות לזכויות ניצולי שואה,25010206,מיחשוב מערך התגמולים,4501051206,רכישת צורב חיצוני,05-03-15,,0040349349,"איי.טי.איקס מחשבים וטכנולוגיות בע""מ",327.60000000000002,ILS,330.4,פטור ממכרז,,"תקנה 3(1) - התקשרות ששוויה אינה עולה על 50,000 ש""ח",לא
האוצר-זכויות ניצולי השואה,ר.זכויות ניצולי שואה,רשות לזכויות ניצולי שואה,25010203,"הוצאות מיכון, דואר",4501017432,עיטוף שוברים לבתי מלון וציוד רפואי,02-08-15,,0040007101,"א.ד. הפצות ועיטוף בע""מ",132.54,ILS,131.41999999999999,תקנה 1ב - מכרז פומבי רגיל,551011,,לא
האוצר-זכויות ניצולי השואה,ר.זכויות ניצולי שואה,רשות לזכויות ניצולי שואה,25020201,טיפול ושיקום רפואי,4501018012,הבראה לניצולי שואה,02-09-15,12-31-15,0040149271,"מלון נהר הירדן בע""מ",19480.5,ILS,0,אחר,,,לא
האוצר-זכויות ניצולי השואה,ר.זכויות ניצולי שואה,רשות לזכויות ניצולי שואה,25020201,טיפול ושיקום רפואי,4501018043,שירותי הבראה ומרחצאות לניצולי השואה,02-09-15,12-31-15,0040158628,"מלון מרחצאות מוריה ים המלח בע""מ",34647.800000000003,ILS,0,אחר,,,לא
האוצר-זכויות ניצולי השואה,ר.זכויות ניצולי שואה,רשות לזכויות ניצולי שואה,25020201,טיפול ושיקום רפואי,4501018047,שירותי הבראה ומרחצאות לניצולי השואה,02-09-15,12-31-15,0040006131,"מלונות ישראל צרפת ים המלח בע""מ",61456.59,ILS,0,אחר,,,לא
האוצר-זכויות ניצולי השואה,ר.זכויות ניצולי שואה,רשות לזכויות ניצולי שואה,25020201,טיפול ושיקום רפואי,4501018064,"חו""ד רפואית",02-09-15,,0040180424,נויפלד מרים יולנדה,3923.83,ILS,0,אחר,,,לא
האוצר-זכויות ניצולי השואה,ר.זכויות ניצולי שואה,רשות לזכויות ניצולי שואה,25020201,טיפול ושיקום רפואי,4501018156,"חו""ד רפואית",02-09-15,,0040180423,סמואל יורם,3923.83,ILS,0,אחר,,,לא
האוצר-זכויות ניצולי השואה,ר.זכויות ניצולי שואה,רשות לזכויות ניצולי שואה,25020201,טיפול ושיקום רפואי,4501018163,"חו""ד רפואית",02-09-15,,0040180426,עופרי פיילר ורוניקה,3360.42,ILS,0,אחר,,,לא
האוצר-זכויות ניצולי השואה,ר.זכויות ניצולי שואה,רשות לזכויות ניצולי שואה,25020201,טיפול ושיקום רפואי,4501018202,שירותי פיזיוטרפיה לניצולי השואה,02-09-15,12-31-15,0040180370,שטיין דב,2639.52,ILS,0,תקנה 1ב - מכרז פומבי רגיל,03/09,,לא
האוצר-זכויות ניצולי השואה,ר.זכויות ניצולי שואה,רשות לזכויות ניצולי שואה,25020201,טיפול ושיקום רפואי,4501018221,שירותי פיזיוטרפיה לניצולי השואה,02-09-15,12-31-15,0040180477,קובלסקי שלו רז זאב,4399.2,ILS,0,תקנה 1ב - מכרז פומבי רגיל,03/09,,לא
האוצר-זכויות ניצולי השואה,ר.זכויות ניצולי שואה,רשות לזכויות ניצולי שואה,25020201,טיפול ושיקום רפואי,4501027328,שירותי אישפוז,02-23-15,,0010000096,"ביה""ח לחולי נפש בת-ים",7483,ILS,0,אחר,,,לא
האוצר-זכויות ניצולי השואה,ר.זכויות ניצולי שואה,רשות לזכויות ניצולי שואה,25010203,"הוצאות מיכון, דואר",4501086916,תרגום חוברת זכויות,07-30-15,,0010000021,לשכת הפירסום הממשלתי,7145,ILS,0,פטור ממכרז,98,תקנה 3(29) - ספק יחיד,לא
האוצר-זכויות ניצולי השואה,ר.זכויות ניצולי שואה,רשות לזכויות ניצולי שואה,25020201,טיפול ושיקום רפואי,4501105182,"שירות חו""ד",09-24-15,09-30-16,0041338785,קרופסקי מאיר בן צבי,42934.32,ILS,0,תקנה 1ב - מכרז פומבי רגיל,546276,,לא
האוצר-זכויות ניצולי השואה,ר.זכויות ניצולי שואה,רשות לזכויות ניצולי שואה,25020201,טיפול ושיקום רפואי,4501105299,"שירות חו""ד",09-24-15,09-30-16,0041338796,ויסמן מרק,48568.46,ILS,0,תקנה 1ב - מכרז פומבי רגיל,546276,,לא
האוצר-זכויות ניצולי השואה,ר.זכויות ניצולי שואה,רשות לזכויות ניצולי שואה,25020201,טיפול ושיקום רפואי,4501110826,"שירות חו""ד",10-18-15,09-30-16,0041100920,מרקוס בת-שבע,42934.32,ILS,0,פטור ממכרז,546276,תקנה 3(22) - התקשרות למינוי מומחים רפואיים ועדות או ועדות לק,לא
האוצר-זכויות ניצולי השואה,ר.זכויות ניצולי שואה,רשות לזכויות ניצולי שואה,25010206,מיחשוב מערך התגמולים,4501111997,מחשבים נייחים,10-19-15,,0040321702,"תים נטקום בע""מ",6097.47,ILS,0,תקנה 14ב - מכרז מרכזי,553417,,לא
האוצר-זכויות ניצולי השואה,ר.זכויות ניצולי שואה,רשות לזכויות ניצולי שואה,25020201,טיפול ושיקום רפואי,4501112144,"שירות חו""ד",10-20-15,09-30-16,0040168295,לייבה חנה,48568.46,ILS,0,תקנה 1ב - מכרז פומבי רגיל,546276,,לא
האוצר-זכויות ניצולי השואה,ר.זכויות ניצולי שואה,רשות לזכויות ניצולי שואה,25020201,טיפול ושיקום רפואי,4501119377,"שירות חו""ד",11-03-15,09-30-16,0040012508,דנינו יהושע,42934.32,ILS,0,תקנה 1ב - מכרז פומבי רגיל,546276,,לא
האוצר-זכויות ניצולי השואה,ר.זכויות ניצולי שואה,רשות לזכויות ניצולי שואה,25010206,מיחשוב מערך התגמולים,4501119590,רכישת מסכי מחשב,11-04-15,,0040001608,"חיון מחשבים בע""מ",2141.9899999999998,ILS,0,תקנה 14ב - מכרז מרכזי,541738,,לא
האוצר-זכויות ניצולי השואה,ר.זכויות ניצולי שואה,רשות לזכויות ניצולי שואה,25010203,"הוצאות מיכון, דואר",4501122990,מדבקות,11-10-15,,0040016042,"סטיקלר גרף בע""מ",1989,ILS,0,פטור ממכרז,,"תקנה 3(1) - התקשרות ששוויה אינה עולה על 50,000 ש""ח",לא
האוצר-זכויות ניצולי השואה,ר.זכויות ניצולי שואה,רשות לזכויות ניצולי שואה,25020201,טיפול ושיקום רפואי,4501123426,"שירות חו""ד",11-11-15,09-30-16,0040016473,מילט דן,42934.32,ILS,0,תקנה 1ב - מכרז פומבי רגיל,546276,,לא
האוצר-זכויות ניצולי השואה,ר.זכויות ניצולי שואה,רשות לזכויות ניצולי שואה,25020201,טיפול ושיקום רפואי,4501128607,"שירות חו""ד",11-22-15,09-30-16,0040183260,ברוסקין אלכסנדר,48568.46,ILS,0,פטור ממכרז,98,תקנה 3(22) - התקשרות למינוי מומחים רפואיים ועדות או ועדות לק,לא
האוצר-זכויות ניצולי השואה,ר.זכויות ניצולי שואה,רשות לזכויות ניצולי שואה,25020201,טיפול ושיקום רפואי,4501128986,"שירות חו""ד",11-22-15,09-30-16,0040235485,"ד""ר מ. הימלפרב - שירותי רפואה בע""מ",48568.46,ILS,0,תקנה 1ב - מכרז פומבי רגיל,546276,,לא
האוצר-זכויות ניצולי השואה,ר.זכויות ניצולי שואה,רשות לזכויות ניצולי שואה,25020201,טיפול ושיקום רפואי,4501131556,"שירות חו""ד",11-26-15,09-30-16,0040460587,שוורץ מיגואל,42934.32,ILS,0,תקנה 1ב - מכרז פומבי רגיל,546276,,לא
האוצר-זכויות ניצולי השואה,ר.זכויות ניצולי שואה,רשות לזכויות ניצולי שואה,25020201,טיפול ושיקום רפואי,4501132744,"שירות חו""ד",11-29-15,09-30-16,0041338782,גורליק איליה,42934.32,ILS,0,תקנה 1ב - מכרז פומבי רגיל,546276,,לא
האוצר-זכויות ניצולי השואה,ר.זכויות ניצולי שואה,רשות לזכויות ניצולי שואה,25020201,טיפול ושיקום רפואי,4501139025,שירותי פיזיותרפיה,12-08-15,07-31-16,0040180391,מעיקי ג'ורג',4399.2,ILS,0,תקנה 1ב - מכרז פומבי רגיל,03/09,,לא
האוצר-זכויות ניצולי השואה,ר.זכויות ניצולי שואה,רשות לזכויות ניצולי שואה,25020201,טיפול ושיקום רפואי,4501139031,"שירות חוו""ד",12-08-15,09-30-16,0041376034,וסרשטיין חילי,42934.32,ILS,0,פטור ממכרז,546276,תקנה 3(22) - התקשרות למינוי מומחים רפואיים ועדות או ועדות לק,לא
האוצר-זכויות ניצולי השואה,ר.זכויות ניצולי שואה,רשות לזכויות ניצולי שואה,25010201,פעולות לרווחת ניצולי,4501145412,עיצוב והדפסת הזמנות,12-17-15,01-27-16,0010000021,לשכת הפירסום הממשלתי,1700,ILS,0,פטור ממכרז,98,תקנה 3(12) - לשכת הפרסום הממשלתית,לא
האוצר-זכויות ניצולי השואה,ר.זכויות ניצולי שואה,רשות לזכויות ניצולי שואה,25010201,פעולות לרווחת ניצולי,4501145414,צילום לכנס יום השואה הבינלאומי,12-17-15,01-27-16,0010000021,לשכת הפירסום הממשלתי,950,ILS,0,פטור ממכרז,98,תקנה 3(29) - ספק יחיד,לא
האוצר-זכויות ניצולי השואה,ר.זכויות ניצולי שואה,רשות לזכויות ניצולי שואה,25010203,"הוצאות מיכון, דואר",4501148538,פרסום מודעה בנוגע למענקים לשנת 2015,12-22-15,03-31-16,0010000021,לשכת הפירסום הממשלתי,15846.25,ILS,0,פטור ממכרז,98,תקנה 3(12) - לשכת הפרסום הממשלתית,לא
האוצר-זכויות ניצולי השואה,ר.זכויות ניצולי שואה,רשות לזכויות ניצולי שואה,25010206,מיחשוב מערך התגמולים,4501148910,רכש מגירות נוספות וטונרים למדפסת,12-23-15,,0040001244,"דנגוט מחשבים בע""מ",11147.05,ILS,0,תקנה 14ב - מכרז מרכזי,543274,,לא
האוצר-זכויות ניצולי השואה,ר.זכויות ניצולי שואה,רשות לזכויות ניצולי שואה,25010206,מיחשוב מערך התגמולים,4501148962,רכש טונרים ומיכלי עודפים למדפסת,12-23-15,,0040001244,"דנגוט מחשבים בע""מ",3205.73,ILS,0,תקנה 14ב - מכרז מרכזי,543274,,לא
האוצר-זכויות ניצולי השואה,ר.זכויות ניצולי שואה,רשות לזכויות ניצולי שואה,25010206,מיחשוב מערך התגמולים,4501148990,רכישת אל פסק לחדר מחשבים,12-23-15,,0040004173,אלכסנדר שניידר בעמ,3600.16,ILS,0,פטור ממכרז,,"תקנה 3(1) - התקשרות ששוויה אינה עולה על 50,000 ש""ח",לא
האוצר-זכויות ניצולי השואה,ר.זכויות ניצולי שואה,רשות לזכויות ניצולי שואה,25010206,מיחשוב מערך התגמולים,4501149068,"רכש של מקלדות, עכברים וקוראים לכרטיס חכם",12-23-15,,0040001337,"גרפיטי - שיווק ציוד משרדי ונייר בע""",1625.83,ILS,0,תקנה 14ב - מכרז מרכזי,529619,,לא
האוצר-זכויות ניצולי השואה,ר.זכויות ניצולי שואה,רשות לזכויות ניצולי שואה,25010206,מיחשוב מערך התגמולים,4501149488,רכישת מחשבים נייחים,12-23-15,,0040321702,"תים נטקום בע""מ",30487.33,ILS,0,תקנה 14ב - מכרז מרכזי,553417,,לא
האוצר-זכויות ניצולי השואה,ר.זכויות ניצולי שואה,רשות לזכויות ניצולי שואה,25010206,מיחשוב מערך התגמולים,4501149768,מסך מחשב,12-23-15,,0041097839,"גטר גרופ בע""מ",610.54999999999995,ILS,0,תקנה 14ב - מכרז מרכזי,541738,,לא
האוצר-זכויות ניצולי השואה,ר.זכויות ניצולי שואה,רשות לזכויות ניצולי שואה,25010206,מיחשוב מערך התגמולים,4501150728,רישיון לתוכנת סריקה,12-24-15,,0040208995,"סאן אלקטרוניקס בע""מ",1731.72,ILS,0,פטור ממכרז,,"תקנה 3(1) - התקשרות ששוויה אינה עולה על 50,000 ש""ח",לא
האוצר-זכויות ניצולי השואה,ר.זכויות ניצולי שואה,רשות לזכויות ניצולי שואה,25010204,יעוץ חות דעת ומומחים,4501152504,שירותי ראיית חשבון,12-28-15,12-29-16,0040005161,קוסט פורר גבאי את קסירר,117277.88,ILS,0,"מכרז סגור עד 400,000 ש""ח-הוראת שעה",15718,,לא
האוצר-זכויות ניצולי השואה,ר.זכויות ניצולי שואה,רשות לזכויות ניצולי שואה,25010203,"הוצאות מיכון, דואר",4501153634,עיצוב והדפסת פוסטרים,12-29-15,01-31-16,0010000021,לשכת הפירסום הממשלתי,2943,ILS,0,פטור ממכרז,98,תקנה 3(12) - לשכת הפרסום הממשלתית,לא
