budget_code,publication_id,reason,description,volume
56010105,538811,3(29),התקשרות עם גברת צביה אדמון למתן שירותי יעוץ משפטי לקידות תקנות נגישות השירות לאנשים עם מוגבלויות.,166000
8010210,538821,3(29),פרסום החלטת ועדת הפתור - בקשת התקשרות עם מר יצחק כהן לצורך מתן שירותי יעוץ בתרגום החקיקה לערבית למחצית השניה של 2012.,222720
8510115,538944,3(29),בקשה לרכישת מנויים לכל המאגרים המשפטיים הקיימים בשוק,467419
8010308,539380,3(4)(ב)(3),"ההתקשרות לצורך מתן שירותי מזנון ללשכה הראשית (רח' צלאח א-דין 29 בירושלים) ובבניין בית מע""צ.",458301
8510121,539571,3(29),"בקשה לאשר התקשרות כספק יחיד עם חברת יניב חניונים- כנפי נשרים בע""מ לצורך מתן שירותי חנייה לבית הדין השרעי בגבעת שאול ירושלים.",105143.22
8510124,539573,3(29),"בקשה להתקשר עם חברת קווים בע""מ לצורך שירותי תחזוקה עבור מערכת בטחון - הגנת פריצה בלשכה הראשית",22815
8510901,539640,3(29),בקשה להתקשר עם אולמות בנייני האומה לצורך קיום טכס הענקת תעודות במועצת רואי חשבון.,63226.8
8511007,539731,3(4)(ב)(1),המשך התקשרות עם חברת המשקם לאספקת תיקי פעולה,0
8510129,539738,3(4)(ב)(1),הרחבת ההתקשרות עם י.ד. בנגב לצורך שיפוץ תקרות אקוסטית חדר אוכל וישיבות בלשכה הראשית.,1
8510307,539760,3(22),התקשרות עם מומחה בתחום הנוירולוגיה למטרת מתן חוות דעת,12155
8510131,539771,3(29),"התקשרות עם אמן מחשבים בע""מ לחידוש רשיונות Citrix עבור המשרד",136363
8010210,539799,3(4)(ב)(1),"התקשרות עם עו""ד תמר האקר ממשרד עו""ד אפריים אברמזון ללא עלות תקציבית לצורך יעוץ בניסוח חוק התכנון והבנייה",1
8510307,539839,3(22),"בקשה להתקשר עם ד""ר מיכאל ליבני לצורך מתן חוות דעת בתיק ת""א 1247108/12",7020
8510307,539857,3(22),התקשרות עם פרופסור עמוס קורצ' ין לקבלת חוות דעת מו מומחה נוירולוג בתיק אוחיון.,7020
8010347,539859,3(4)(ב)(1),התקשרות עם סלמה מילסון ארד - אבנר סימון לצורך אדריכל לתכנון ופיקוח עליון,96876
8510115,539965,3(29),"התקשרות כספר יחיד עם חברת ""פאר התאומים ירושלים"" לצורך מתן שירותי חניה בחניון בניין התאומים בגבעת שאול",91260
8510115,539966,3(29),"התקשרות עם ""הוצאת רונן "" כספק יחיד.חידוש מנויים לשנת 2013.",105279
8510113,539983,3(4)(ב)(1),"התקשרות עם ד""ר אלי בן אליעזר.",100000
8510115,540016,3(31),התקשרות עם חברת LEXIS-NEXIS לצורך חידוש מנוי למאגר HAKSBURY'S LAWS לשנת 2013.,1
8510115,540017,3(29),"התקשרות עם הוצאת , מחשבות"" לצורך חידוש מנוי לרכישת עדכונים עבור קבמצים פליליים,הנמצאים בידי עובדי המשרד.",169495
8010308,540046,3(29),"התקשרות עם חברת אלקטרה מעליות בע""מ לצורך אחזקה שנתית כולל חומרים ל 3 מעליות בת""א",33766
8050105,540048,3(29),התקשרות עם חברת איזי פארק לצורך רכישת מכשירי חניה,11560
8010131,540054,5(א)(2) + 5(ג)(2),"התקשרות עם הספק למתן שירותי יעוץ ארגוני למשנה למנכ""ל משרד המשפטים",50000
8010131,540055,5(א)(2) + 5(ג)(1),"התקשרות עם הספק למתן שירותי יעוץ ארגוני למשנה למנכ""ל משרד המשפטים",50000
8010308,540059,3(29),התקשרות עם חברת שחק מעליות למתן שירותי אחזקה וחלפים למעליות פרקליטות צפון למשך שנה עם אופציה להארכת ההתקשרות בעוד 24 חודשים.,25740
8510307,540061,3(22),התקשרות עם פרופ' אבינועם רכס לצורך מתן חוות דעת מומחה,12155
8010345,540062,3(4)(ב)(1),בקשה להארכת התקשרות עם חברת כץ ללא עלות תקציבית.,0
8510307,540063,3(22),התקשרות עם פרופסור אלי זומר למתן חוות דעת מומחה,13354
8510115,540064,3(29),"התקשרות עם חב' אי.בי.סי. יד אליהו חניונים בע""מ לצורך מתן שירותי חנייה בחניון בניין מוסקוביץ' בת-אביב",970351.2
8510113,540065,3(4)(ב)(1),בקשה להמשך התקשרות עם היועצים אורי לנדאו.,1
8510113,540066,3(4)(ב)(1),המשך התקשרות עם היועץ הארגוני בועז מונק לניצול יתרת שעות משנת 2011,0
8010347,540089,3(4)(ב)(1),הגדלת ההתקשרות עם הקבלן לוי יחזקאל זוכה תיחור 16/12 מהמאגר המאוחד לביצוע עבודות חשמל בלשכה הראשית,46835
8030403,540093,3(4)(ב)(1),"המשך התקשרות ללא עלות תקציבית עם רו""ח רוזנבלום הולצמן לצורך ביצוע סקר סיכונים לאגף האפ""כ.",0
8020155,540095,3ג,המשך התקשרות בתיק מפעלי ים המלח.,1170000
8050105,540096,3(4)(ב)(1),"הארכת התקשרות ללא עלות תקציבית עם חב' תן ביס לצורך קבלת ארוחות עבור חוקרי מח""ש.",0
8511207,540098,3(4)(ב)(1),התקשרות עם חברת גדיר הנדסה למתן שירותי בקת עלויות חשמל לחצי שנה נוספת בהתאם לתקנה 3(4)(ב)(1).,21060
8510115,540113,3(4)(ב)(1),הארכת התקשרות ללא עלות תקציבית עם ארבעה משרדי רואי חשבון אשר טיפלו בעבר בביצוע בדיקות וחישובי הצמדה של תיקי נספי שואה.,0
8510115,540116,3(4)(ב)(1),הארכת התקשרות ללא עלות תקציבית עם ארבעה משרדי רואי חשבון אשר טיפלו בעבר בביצוע בדיקות וחישובי הצמדה של תיקי נספי שואה.,0
8510115,540117,3(4)(ב)(1),הארכת התקשרות ללא עלות תקציבית עם ארבעה משרדי רואי חשבון אשר טיפלו בעבר בביצוע בדיקות וחישובי הצמדה של תיקי נספי שואה.,0
8510115,540118,3(4)(ב)(1),הארכת התקשרות ללא עלות תקציבית עם ארבעה משרדי רואי חשבון אשר טיפלו בעבר בביצוע בדיקות וחישובי הצמדה של תיקי נספי שואה.,0
8030504,540154,3(29),"התקשרות עם חברת לגור נתוני נדל""ן.",21060
8040127,540156,3(29),התקשרות עם חברת גאמאטרוניק לתחזוקת מערכות אל-פסק במשרד,33983
8510115,540159,3(4)(ב)(1),"הארכת התקשרות עם חברת גדיר הנדסה בע,מ למתן שירותי בקרת עלויות חשמת.",0
8510121,540373,3(4)(ב)(1),"בקשה להגדלת ההתקשרות עם המרכז לאתיקה בירושלים, לצורך המחזת סוגיות אתיות כחלק ממבנה כנס הקוד האתי.",9456
8051108,540448,3(4)(ב)(1),המשך התקשרות ללא עלות תקציבית,1
8510131,540450,3(4)(ב)(1),"בקשה לאישור הארכת תוקף הזמנה עם יתרה למימוש לשנת 2013 למתן שירותי גלישה ואירוח תיבות דוא""ל עבור המשרד.",1
8010210,540453,3(4)(ב)(1),התשך התקשרות עם מר גיא קב ונקילתפקיד מנהל הוועדה לשם בחינת המדיניות הקרקעית לניהול קרקע חקלאית הנכללת בגדר מקרקעי ישראל.,49417
8510131,540458,3(4)(ב)(1),פיתוח ושיפורים למערכת האגף לרישום והסדר מקרקעין.,1
8010210,540462,3(4)(ב)(1),"הגדלה והארכה של התקשרות עם עו""ד שחר הררי לייצוג המדינה בתיק ירקונים",29250
8511031,540463,14ב,"לאגף מערכות מידע התחייבות עם יתרה תקציבית במסגרת הזמנה שתוקפה נקבע עד 20/11/2012. כעת מתבקש ניצול יתרה תקציבית לאור הארכת המכרז המרכזי של החשכ""ל בנושא עד לחודש דצמבר 2013.",1
8511104,540465,14ב,"לאגף מערכות מידע התחייבות עם יתרה תקציבית במסגרת הזמנה 4500583407 שתוקפה נקבע עד סוף שנת 2012. כעת מתבקש ניצול יתרה תקציבית לאור הארכת המכרז המרכזי של החשכ""ל בנושא עד לחודש דצמבר 2013.",1
8010308,540466,3(29),בקשת לאישור פרסום ספק יחיד להתקשרות עם חברת שחק מעליות לצורך תחזוקת שנתית למעלית לא כולל חלפים.,25740
8010319,540479,3(4)(ב)(1),הארכת תוקף ההתקשרות עם מרכז האתיקה בירושלים לעריכת כנס פרקליטים בנושא הקוד האתי.,0
8510904,540480,3(4)(ב)(1),"בקשה לתיקון תוקף ההתקשרות עם חברת אורטל שירותי כוח אדם בע""מ זוכת מכרז חיצוני סגור 70/12 לבדיקת בקשות המוגשות לוועדת העיזבונות.",1
8511304,540481,14ב,בקשה לאישור התקשרות עם נותן שירות חיצוני מר למתן שירותי שמאות לאגף השמאי הממשלתי הראשי.,0
8511304,540482,3(14ב),בקשה לאישור התקשרות עם הקבלן החיצוני מר גולי מרום למתן שירותי שמאות לאגף השמאי הממשלתי הראשי,128524.5
8010502,540511,3(4)(ב)(1),המשך התקשרות עם מר גידי פייטן ללא עלות תקציבית לניצול יתרת שעותולצורך סיום הפרוייקט.,1
8040126,540518,3(4)(ב)(1),"הארכת התקשרות עם ד""ר נחמן אורון ללא עלות תקציבית נוספת למתן שירותי יעוץ וליווי אסטרטגי למנהל אגף מערכות מידע.",1
8020155,540519,3ג,"התקשרות עם משרד שלמה כהן באמצעות עו""ד ליעד וטשטיין לטיפול בתביעה לאכיפת זוכיות המדינה בפטנט.",58500
8010319,540520,3(29),"התקשרות עם המרכז לאתיקה בירושלים לעריכת כנס משותף בנושא "" קוד אתי - פרקליטות המדינה "".",31920
8030116,540523,3(4)(ב)(1),הגדלת התקשרות עם תמי אוחיון-cdplus לרכישת 25000 דיסקים.,42237
8510131,540658,3(29),התקשרות עם היולט פקארד לרכישת שירותי תחזוקה לניהול מסמכים בפרקליטות,96174
8511504,540722,3(4)(ב)(1),"הארכת התקשרות ללא עלות תקציבית נוספת עם חברת 10-ביס קו איל בע""מ לצורך קבלת ארוחות עבור חוקרי מח""ש.",1
8510115,540728,3(31),התקשרות עם thomson reuters corporation בעלת זכויות יוצרים וספקית יחידה למאגר westlaw.,1
8510129,540730,3(4)(ב)(1),"הארכת תוקף ההתקשרות ללא עלות תקציבית לשנת 2013 עם ""אמות השקעו""",1
8510115,540731,3(4)(ב)(1),"הארכת התקשרות ללא עלות תקציבית נוספת עם בית הרכב בע""מ לצורך מתן שירותי חניה בחניו מגדל שלום לעובדי פרקליטות מיסוי וכלכלה.",1
8510115,540736,3(4)(ב)(1),"הארכת התקשרות ללא עלות תקציבית נוספת עם יניב חניונים - שרונה בע""מ לצורך מתן שירותי חניה בבית המשפט בכפר סבא.",0
8510115,540772,3(29),"בקשה להתקשר עם הוצאת ""מחשבות"" לצורך חידוש מנוי לרכישת עדכונים עבור קבצים פליליים, שנמצאים בידי עובדי המשרד.",56498
8510129,540786,3(4)(ב)(2),"בקשה להרחבת ההתקשרות עם מרדכי מנשה זוכה תיחור 60/12 לצורך עבודות בינוי, חשמל ומיזוג בבניין הלל 6.",65024
8511407,540806,3(29),בקשה לאישור התקשרות בפטור ספק יחיד לפי תקנה 3(29) עם חברת 2001 שרותי מערכות ומחשבים לתחזוקת XRS לתאגידים,71394
8510131,540807,3(29),"התקשרות בפטור ספק יחיד לפי תקנה 3(29) עם מג'יק בע""מ לרכישת שעות ייעוץ עבור חטיבת הפיתוח",112320
8511407,540808,3(4)(ב)(1),בקשה לאישור הארכת תוקף הזמנה עם יתרה למימוש לשנת 2013 להמשך פיתוח מערכת רימון באגף רישום והסדר מקרקעין.,1
8010313,540864,3(4)(ב)(1),אישור תשלום עבור התקשרויות עם מספר חניונים מתחילת שנת 2012 ועד חודש מאי 2012.,257446
8510115,541004,3(4)(ב)(3),מסירות אישיות ומסירות כתבי דין העברת חומר משפטי לבתי המשפט הן ברגל והן באמצעות תחבורה,1510560
8010308,541005,3(4)(ב)(3),התקשרות לצורך מתן שירותי הובלות למחוז ירושלים.,198900
8510115,541006,3(4)(ב)(3),מתן שירותי הובלות עבור כל יחידות המשרד בפריסה ארצית.,263952
8510029,541281,3(4)(ב)(1),"אישור הגדלת התקשרות עם חברת ינון כהן זוכת בל""מ 200005325 ( תיחור 06/13 מהמאגר המאוחד) עבור עבודות שיפוץ.",25804
8511606,541296,3(29),התקשרות עם קבלנים ליעוץ עבור הנציבות לשוויון זכויות לאנשים עם מוגבלויות.,551233
8511606,541297,3(29),התקשרות עם קבלני הנציבות שוויון זכויות לאנשים עם מוגבלויות,143283
8510115,541343,3(4)(ב)(1),"לאישור שינוי בהתקשרות ללא עלות תקציבית נוספת עם בית הרכב בע""מ לצורך מתן שירותי חניה בחניון מגדל שלום לעובדי פרקליטות מיסוי וכלכלה.",1
8510115,541345,3(29),"בקשה להתקשר עם ספק יחיד קריית תעשיות עתירות מדע בע""מ, לצורך מתן שירותי חניה חודשית במקומות שמורים בבניין החברה הכלכלית ירושלים, הר חוצבים, ירושלים.",117936
8510113,541561,3ג,"הרחבת התקשרות לשנה השניה עם משרד רו""ח אריאל קסל",69083
8510124,541563,3(29),התקשרות עם חברת מגאזון להשלמת מיגון לתחום אבטחת מידע בלשכת בכירי המשרד,13677
8510115,541565,3(29),"התקשרות עם חברת פ.פ.ד יהלומים בע""מ למתן שירותי חניה בבניין עופר גבעת שאול בירשולים.",122205
8510113,541567,3(4)(ב)(1),התקשרות עם מר יונתן ברנד למתן ליווי ופיקוח על התרחבות פעילות בתי הדין לביקורת ומשמורת,24921
8510115,541572,3(29),התקשרות עם חברת ארקיע לאירוח במלון ספורט למחוזיאדה,68698
8511213,541753,3(29),התקשרות עם חברת השגים לרכישת תחזוקת רישוי למערכת Triple-A לאפוטרופוס הכללי.,56371
8510131,541755,3(29),התקשרות עם סיסטמטיקס לרכישת שירות ותחזוקה למערכת RightFax לכלל המשרד,55313
8510113,541829,3(4)(ב)(3),"הארכת התקשרות עם חברת מירב י.מ ייעול מערכות בע""מ לצורך ביצוע עבודות בנושא יישום והפעלת שיטות שכר עידוד",1864278
8510115,541830,3(4)(ב)(3),"אישור הרחבת ההתקשרות עם חברת א.מ.חניות בע""מ לצורך מתן שירותי חנייה בחניון כיכר ספרא לשנת 2013",160480
8510603,541848,3(29),"התקשרות עם חברת דואר ישראל בע""מ לצורך ביצוע שירותי ניהול מערכת פנקס המאגרים ומערך גביית האגרות,בהתבסס על מערכת המידע שהוקמה בסביבת המחשוב של בנק הדואר.",81900
8510904,541850,3(4)(ב)(1),הרחבת התקשרות עם חברת אניה בעוד 16000 כרטיסים עבור מועצת רואי חשבון.,30192
8510204,541971,3(4)(ב)(3),"אישור הארכת ההתקשרות עם חברת פרוטוקול שירותי משרד (1993)"" בע""מ, לצורך מתן שירותי תרגום ,הקלטה ותמלול לכל יחידות המשרד.",1170000
8510124,541984,3(1),"התקשרות עם אשמורת ניהול נכסים בע""מ להתקנת דלת וחיבור כספת למערכת אזעקה לפרקליטות מחוז ב""ש פלילי",14854
8510115,542215,3(4)(ב)(1),"התקשרות עם ימית א.בטחון (1998) בע""מ לצורך מתן שירותי חניה במרכז כלל.",42078
8510115,542219,3 (5 א),התקשרות עם חברת המשקם לביצוע עבודות גינון פרקליטות מחוז צפון,19018
8511007,542240,3(4)(ב)(1),"הארכת התקשרות עם מר גידי פייטן למתן שירותי יעוץ ארגוני,ללא עלות תקציבית.",1
8510313,542639,3(4)(ב)(3),"הרחבת התקשרות עם ד""ר שלמה כהן ושות' על פי תקציב ששוריין מראש באישור החשכ""ל ובתיאום עם חשבת משרד המשפטים לצורך המשך ניהול תיק בתחום הקניין הרוחני.",200000
8510115,542644,3(4)(ב)(1),התקשרות עם דואר ישראל למתן שירותי שליחים והעברת שקי דואר בין יחידות המשרד.,1
8510115,542693,3(4)(ב)(1),"בקשה לאישור הארכת התקשרות לחודשיים נוספים עם חברת ""סגול"" למתן שירותי עגלת מזנון לאזור תל אביב הדר דפנה, זאת ללא עלות תקציבית נוספת.",1
8510115,542719,3(4)(ב)(3),לצורכי מתן שירותי עגלת מזנון לאזור תל אביב הדר דפנה.,93600
8511207,542722,3(4)(ב)(3),"מהות ההתקשרות לצורכי בדיקת תיקי רכוש המנוהלים ע""י האפ""כ לפני העברת הרכשו לקניין המדינה",4205520
8510115,542759,3(29),"בקשה לאשר התקשרות כספק יחיד עם חברת א.ג.ס. קאסם לבנין (94) בע""מ לצורך מתן שירותי חנייה בחניון מרכז וואפא בנצרת",52650
8511304,542761,3 (5 א),"בקשה לאישור התקשרות עם חברת המשקם לצורך שירותי עיטוף מכתבים עבור מחוז חיפה באפ""כ.",48144
8510115,542762,3(29),"בקשה לאשר התקשרות כספק יחיד עם חברת ""סיטי פארק בע""מ"" לצורך מתן שירותי חנייה בחניון מגדל העיר, רחוב בן יהודה 34, ירושלים.",888351.2
8510403,542765,3(31),"בקשה להתקשר עם המומחה מר בודזיאק ויליאם לצורך מתן עדות בארץ בעקבות החלטת ביהמ""ש, זאת לאור חוות דעת מקצועית של המומחה מחו""ל.",55374
8510113,542780,3(4)(ב)(1),"התקשרות עם חברת מירב י.מ.ייעול מערכות בע""מ לצורך ביצוע עבודות בנושא יישום והפעלת שיטות שכר עידוד",1
8510115,542980,3(29),"התקשרות עם ים חניונים קרית הלאום בע""מ (ראשל""צ), למתן שירותי חניה בחניון קריית הלאום.",124018
8510115,542981,3(29),"התקשרות עם חניון גירון שכירות בע""מ לצורך מתן שירותי חניה באשקלון, איזור בית המשפט.",47790
850129,542992,3(4)(ב)(2),"הרחבת התקשרות עם מ.י.גור חברה לבניין ופיתוח, לצורך עבודת בינוי ומיזוג בבית אגרון קומה שנייה",1053146
8510115,542997,3(4)(ב)(3),"הארכת תוקף ההתקשרות עם חברת כץ משלוח בינעירוני מהיר בע""מ לביצוע קבלני של עבודות הקשורות בהעברת יחידות תיעוד של המשרד",325680
8510124,543114,3ג,הארכת התקשרות עם חברת דואר ישראל למתן שירותי שיקוף דואר לבכירי המשרד,51240
8050105,543115,3(4)(ב)(1),הארכת התקשרות עם חברת תן-ביס ללא עלות תקציבית נוספת,1
8010210,543117,3(4)(ב)(1),"הארכת התקשרות ללא עלות תקציביתי עם רו,ח הוגן גינסבורג יודלביץ לביצוע ביקורת מעקב על הרשות לאיסור הלבנת הון",1
8040128,543118,3(4)(ב)(1),המשך התקשרות עם חברת בז'ק בינלאומי לרכישת שירותי גלישת אינטרנט עבור המשרד,5244
8510115,543356,3(4)(ב)(1),"בקשה לאישור הארכת תוקף ההתקשרות ללא עלות תקציבית נוספת עם בית הרכב בע""מ לצורך מתן שירותי חניה בחניון מגדל שלום לעובדי פרקליטות מיסוי וכלכלה.",1
8510904,543358,3(4)(ב)(1),בקשה להגדלת ההתקשרות לאספקת שתיה למשגיחי בחינות במועצת רואי חשבון ומשאים בבנייני האומה לשנת 2013.,9912
8510115,543359,3(4)(ב)(1),"בקשה לאישור הרחבת ההתקשרות עם פ.פ.ד יהלומים בע""מ לצורך מתן שירותי חניה בחניון בניין עופר,רחוב חפצדי 5 , גבעת שאול בירושלים.",14125
8511504,543360,3(4)(ב)(1),"הארכת התקשרות ללא עלות תקציבית נוספת עם חברת 10-ביס קו איל בע""מ לצורך קבלת ארוחות עבור חוקרי מח""ש.",1
8511606,543361,3(29),התקשרות עם הקבלנית גב' גרטל גילה למתן שירותי יעוץ בנציבות לשוויון זכויות לאנשים עם מוגבלויות.,131216
8511213,543428,3(4)(ב)(3),בקשה לאישור התקשרות המשך מטעמי חסכון ויעילות לפי תקנה 3(4)(ב)(3) עם חברת קו מנחה לרכישת תחזוקת רישוי סופר BizPortal.,59000
8510113,543788,3(4)(ב)(1),המשך התקשרות עם מר גיא קב-ונקי לתפקיד מנהל הועדה לשם בחינת מדיניות הקרקעית לניהול קרקע חקלאית בנכללת בגדר מקרקעי ישראל.,1
8510113,543916,3(4)(ב)(1),המשך התקשרות עם גברת עליזה רוזן לניצול יתרת שעות וללא עלות תקציבית,1
8510113,544055,3(29),התקשרות עם הקבלן למתן שירותי יעוץ משפטי לחוק דיני ממונות.,197296
8510403,544241,1ב,מבוקש אישור הוועדה המיוחדת לעניין יועצי תקשורת להכנת מכרז לקבלת שירותי ייעוץ תקשורתי ואסטרטגי עבור הסניגוריה הציבורית.,1278648
8511606,544275,3(4)(ב)(3),בקשה לאישור הגדלת והרחבת ההתקשרות לצורך קידום מיזם תעסוקה לאנשים עם מוגבלות.,2000000
8510307,544313,3(22),התקשרות עם רופא לקבלת חוות דעת מומחה פסיכיאטרי,35400
8510113,544314,3(4)(ב)(1),"התקשרות עם גברת רחל שיבר לליווי פרויקט ענ""ן אכיפה לשיתוף מידע ופתיחת ממשקי מחשב בין גופי אכיפת החוק בישראל",1
8510307,544344,3(22),התקשרות עם מומחה בתחום הפסיכיאטריה לצורך מתן חוות דעת,8260
8020107,544357,3(22),התקשרות עם פרופ' אבינועם רכס למתן חוות דעת מומחה בתחום הנוירולוגיה,5850
8010318,544402,3(29),התקשרות עם מאגר מידע משפטיים בארץ - משה טרם.,14752
8010318,544404,3(29),התקשרות עם מאגר מידע משפטיים בארץ - משה טרם.,20587
8010318,544405,3(29),התקשרות עם מאגר מידע משפטיים בארץ - משה טרם.,10492
8010318,544406,3(29),התקשרות עם מאגר מידע משפטיים בארץ - משה טרם.,6276
8010338,544408,3(4)(ב)(1),יעוץ וליווי פרויקטים,29250
8010318,544410,3(31),מנוי למאגר משפטי thompson reuters דרך westlaw,6856
8010210,544413,3ג,"בקשה לממש את האופציה להארכת ההתקשרותבחוזה שנחתם עם המומחה דני קרת באמצעות חברת אייצ.די קרת יועצים בע""מ לצורך קבלת שירותיו כמומחה בהליכים מול חברת נס בנוגע לחוות דעתו, עזרה בהכנת תצהירים, לצורך עדות שלו בביהמ""ש",50000
8010338,544418,3(1),"בקשה להתקשר עם חברת ""מאגסון"" לצורך בדיקה,השמשה והפעלת מערכת אזעקה אשר הותקנה על ידה ביחידה חדשה של משרד המשפטים.",5616
56010106,544419,3(16),התקשרות עם חברת מפעם דרך משרד הפנים לרכישת שירותי הדרכה להטמעת התוכנית להנגשת הרשויות המקומיות.,56705
8010210,544426,5(א)(4) + 5(ג)(2),התקשרות עם דר' אורן גזל לריכוז ועדת דורנר,146578
8010313,544428,3(29),התקשרות עם פאר תאומים למתן שירותי חניה,45630
8510131,544471,3(29),התקשרות עם חברת וואן לתחזוקת רישוי ותמיכה במערכת MSP באגף מערכות מידע,70800
8510115,544542,3(4)(ב)(1),"הארכת התקשרות עם חברת גדיר הנדסה בע""מ למתן שירותי בקרת עלויות חשמל.",11800
8030403,544556,3(4)(ב)(1),הארכת התקשרות עם משרד התחבורה לביצוע שאילתות ממאגר המשרד.,1
8030707,544560,3(4)(ב)(1),רכישת שירותי ייעוץ תקשורתי כסיוע למהלך אכיפת גבייה,1
56010105,544566,3(30),"בקשה לאישור תשלום חלקה של הנציבות בכנס בינלאומי משותף שנערך בשיתוף עם מרכז מינרווה באוניברסיטה העברית וארגון ""בזכות"".",28672.5
8030220,544627,3(4)(ב)(1),"המשך התקשרות עם ג ברת גלינה לברטוב לחודש נוסף ע""מ לבצע חפיפה בתפקיד למחליפה שלה.",7247
8030434,544631,3(29),"אישור התקשרות בפטור לפי תקנה 3(29) עם חברת קו מנחה לתחזוקת מערכת BizPortal באפ""כ.",82829
8030434,544632,3(4)(ב)(1),הארכת תוקף הזמנה קיימת עם חברת שעם,1
8010609,544634,3(4)(ב)(1),התקשרות עם גב' דנה קייזר כקרימונולוגית בסניגוריה הציבורית.,1
8010318,544646,3ג,מימוש אופציה להארכת התקשרות עם חברת בינלאומית LEXIS-NEXIS (נציגה רשמית בארץ - חברת ארד-אופיר) לצורך חידוש מנוי למאגר משפטי LEXIS און-לייו עבור כל עובדי המשרד,1
56010105,544649,5א(ב)(2),התקשרות עם סולימאן מחאמיד זוכה פניה תחרותית 44/11,148824
56010105,544650,5א(ב)(1),התקשרות עם משר ז.ר.ם אדריכלים - ראגב זועבי זוכה פניה תחרותית 45/11,161100
8001011,544902,3(30),התקשרות עם מכון חרוב לניהול מיזם כנגד התעללות ופגיעה בילדים,46800
8011003,544910,3(29),התקשרות עם גני התערוכה לעריכת מבחני רשם המתווכים.,178640
8030707,544913,3(4)(ב)(1),"התקשרות עם סרגיי מורין לצורך השלמת הכנת תשתית משפטית לעבודת שלוחת ת""א",1
8010313,544915,3(29),התקשרות עם חניונים לבנייני משרד המשפטים ברחבי הארץ,4752543.2
8011003,544916,3(4)(ב)(1),בקשה להארכת התוקף ההתקשרות עם רו''ח בן דוד לצורת ביקורת על חברת ש.ניר על-פי דרישת ועדת רישוי חוקרים ושרותי שמירה.,1
8010609,544917,3ג,התקשרות עם מר נמרוד שני למתן חוות דעת מומחה פסיכיאטרי,1400
8010609,544918,3ג,התקשרות עם מר מרגלית אלון למתן חוות דעת מומחה,1400
8010609,544919,3ג,התקשרות עם מומחה למתן חוות דעת פסיכיאטרית,1400
8510115,544989,3ג,"התקשרות עם ב.רוטברד ושות' בע""מ למתן שירותי חניה בחניון בית פלינר רחוב ההסתדרות 26,פתח תקוה.",129947
8510115,544990,3ג,"התקשרות עם מאמן קבוצת הכדורסל מר נסטו פרומן בהתאם להצעת המחיר המקורית, זאת לשנה השניה.",16000
8030115,545133,3(29),"התקשרות עם הקבלנית הפנסיונרית גב' צביה לוי למתן שירותי איתור רישומים נושנים, מתן עדות בבתי המשפט בנושאים שבתחום מומחיותה, מניעת רישומים כפולים, רישומי מרמה ורישומים שגויים.",46560
8511407,545134,3(4)(ב)(1),המשך התקשרות עם מר גידי פייטן למתן שירותי יעוץ ארגוני לרשות התאגידים.,48617
8020107,545135,3(22),התקשרות עם פרופסור קוטלר למתן חוות דעת רופא מומחה.,16380
8010318,545136,3ג,בקשה לממש את האופציה להארכת ההתקשרות עם הוצאת מחשבות לצורך קבלת עידכונים לאוגדני חקיקה של הוצאת מחשבות.,6249
8020155,545137,3(4)(ב)(1),"התקשרות עם עו""ד תמר כץ ליצוג המדינה בתביעה בחו""ל",22230
8010318,545138,3ג,"בקשה למימוש אופציה להארכת התקשרות עם הוצאת מחשבות לצורך חידוש מנוי לעדכונים עבור אוגדנים ""הקובץ הפלילי השלם"" שנמצאים אצל עובדי המשרד",56974
8510115,545240,3(29),"התקשרות עם החברה הכלכלית ירושלים בע""מ לצורך רכישת שירותי חניה בחניון יניב חניונים-כנפי נשרים בגבעת שאול.",47652
8510307,545272,3(22),התקשרות עם דר' מיכאל שטיין לצורך קבלת חוות דעת מומחה בתחום טראומה,10620
8511607,545555,3(4)(ב)(1),שירותי הסעדה לשוטרים בהיקף ארצי,1
8511607,545556,3(16),התקשרות עם חב' מפעם לעריכת קורס רכזי נגישות ברשויות המקומיות.,77523
8510113,545730,3(29),התקשרות עם היועצת טלי רמון לצורך יעוץ אישי וארגוני לפרקליטות מחוז מרכז.,15753
8510313,545732,3(4)(ב)(3),"הרחבת התקשרות עם ד""ר שלמה כהן ושות' ובתיאום עם חשבת משרד המשפטים לצורך המשך ניהול תיק בתחום הקניין הרוחני.",700000
8511009,546148,3(4)(ב)(3),"התקשרות עם זכייני הפצת מידע באגף לרישום והסדר המקרקעין חברות: קו מנחה, רשות הדואר ובי.די.אי",0
8510131,546149,3(29),"התקשרות בפטור עם חבר מטריקס איי טי מוצרי תוכנה בע""מ לתחזוקת רישוי למוצר ADOBE L.C.",104491
8510131,546153,3(29),"התקשרות בפטור לפי תקנה 3(29) עם חברת אורקל ישראל בע""מ לרכישת מוצר OBIEE עבוראחת מיחידות המשרד",149143
8510131,546154,3(29),"התקשרות בפטור ספק יחיד לפי תקנה 3(29) עם חברת אלמוג תעשיות תוכנה בע""מ לרכישת תחזוקת רישוי פיננסית פלוס לאפ""כ",121002
8510115,546167,3(29),בקשה לסיוע ארגוני והכשרה מכוונת ספציפית בדרג הביניים בפרקליטות האזרחית זאת לאחר איוש המשרות עם ארגון א.ח.ר ( חגית גיורא).,28415
8510115,546173,3(4)(ב)(1),"הארכת התקשרות עם חברת גדיר הנדסה בע""מ למתן שירותי בקרת עלויות חשמל עד סוף 2013",7080
8510129,546367,3(4)(ב)(1),"התקשרות עם חברת אל סורג בע""מ לצורך התקנת סורגים בבית הדר בת""א.",7843
8510113,546369,3(4)(ב)(1),התקשרות עם הקבלן אלי בן אליעזר לפגישת סיום יעוץ ארגוני,616
8510124,546465,3(4)(ב)(1),מערכות מצלמות ובקרת כניסה לקומה 2 בבית אגרון הנהלת הסיוע,3883
8510115,546652,3(4)(ב)(3),מסירות אישיות ומסירות כתבי דין העברת חומר משפטי לבתי המשפט הן ברגל והן באמצעות תחבורה,1829000
8510115,546774,3(4)(ב)(3),התקשרות לצורך מתן שירותי הובלות למחוז ירושלים.,201780
8510115,546775,3(4)(ב)(3),מתן שירותי הובלות עבור כל יחידות המשרד בפריסה ארצית.,266208
8520204,546780,3(29),אישור התקשרות עם ספריית אל שאפעי לרכישת ספרים לבתי הדין השרעי,101252
8510124,546783,3(29),"התקשרות עם חברת בינת יישום מערכות לצורך מתן שירותי אחזקה ותיקון תקלות למערכות מנ""מ וביטחון בהדר דפנה, ת""א",11609
8510115,547186,3(29),התקשרות עם חברת מגאסון אלקטרוניקה לצורך העתקת מיגון דלת יציאה לחצר האחורית בלשכה הראשית.,4071
8510113,547190,3(4)(ב)(1),הארכת התקשרות עם משרד פאהן קנה ושות' בנושא ביקורת חיצונית על דוחות כספיים.,332760
8510307,547192,3(22),התקשרות עם דר' מנחם יצחקי לצורך קבלת חוות דעת מומחה בתחום האורתופדיה בתיק אסא יצחק.,5900
8510113,547243,3(29),"התקשרות עם הרב יוסף פראגר, מומחה לתקנות הקהילות, לצורך ביצוע מחקר על חוק כבוד האדם וחירותו.",42480
8510113,547244,3(29),"התקשרות עם עו""ד שמואל שמעוני , מומחה למשפט עברי לצורך ביצוע מחקר על חוק העונשין.",21240
8510403,547383,3(31),"התקשרות עם ספק חו""ל לביצוע בדיקות",112798
8511207,547893,3(4)(ב)(3),בקשה להצמדת ההתקשרות לחוזה בתיקים (כוללים דוח כספי) שיימצאו מתאימים להעברה לקניין המדינה למדד הבסיס 12/7/13 (עת חתימת החוזה),872256
8510131,547895,3(29),התקשרות בפטור עם חברת טנגרם סופט לרכישת תחזוקת רישוי למוצר data power עבור כלל יחידות המשרד,123782
8510113,547896,3(4)(ב)(1),"הגדלת ההתקשרות עם עו""ד אריה רוטר לצורך ביצוע בדיקה בנושא גילוי ראיות",13233
8510131,547897,3(4)(ב)(1),התקשרות עם חברת טיק טק לרכישת שירותי שחזור מידע,50000
8510113,548683,3(4)(ב)(1),בקשה להמשך התקשרות עם היועצים אורי לנדאו.,437426
8510115,548739,3(4)(ב)(1),"המשך התקשרות עם חברת UPS לצורך שירותי משלוחים לחו""ל.",1
8510131,548895,3(29),התקשרות בפטור לפי תקנה 3(29) עם חברת Ness A.T. Ltd לתחזוקת רישוי דוקומנטום לכלל המשרד,1139017
8510704,548902,3(29),"התקשרות בפטור ספק יחיד לפי תקנה 3(29) עם חברת מוביילטיק לרכישת מערכות הלבנה המאושרות על ידי רא""מ עבור רשל""ה",192461
8510131,548913,4(2),תיחור בין מפיצים מורשים של חברת EMC לאספקה ותחזוקה של מערכי אחסון מתוצרתה,1104056
8510129,549045,3ג,"בקשה לאישור מימוש האופציה להרחבת ההתקשרות עם חברת חיים ניזרי לשיפוץ בית הדר ת""א",22256
8510115,549989,3ג,אישור מימוש האופציה בהתקשרות עם חברת פאר התאומים ירושלים לצורך קבלת תווי חניה נוספים בחניון בניין התאומים בגבעת שאול.,40000
8510124,549990,3ג,מימוש אופציה בהתקשרות עם חברת ברק 555 לקבלת שירותי אחזקה עבור מערכת גילוי אש בלשכה הראשית לשנת 2014.,23246
8510205,549991,3ג,מימוש אופציית הארכת ההתקשרות לשנה השישית שנת 2014 עם הוצאות רונן .,1
8510115,549992,3(12),"אישור יציאה למכרז למתן שירותי אירוח כנסים וסמינרים ופרסופ בלפ""מ",8281
8510115,549993,3ג,התקשרות עם בית גנזים לצורך איחסון כל התיקים/מסמכים שונים של המשרד,2950000
8511607,549994,3(4)(ב)(1),שירותי הסעדה לשוטרים בהיקף ארצי,1
8510129,549995,3ג,מימוש אופציית התקשרות לביצוע תוספת עם חברת אופק (ש.מ) בנייה,88876
8510115,549996,3ג,"מימוש אופציה בהתקשרות עם הוצאת לשכת עו""ד, חברת דטה-חוק ומשפט, הוצאות רונן, הוצאות משה טרם",105169
8510113,549999,3ג,הארכת התקשרות עם סלמה מלסון ארד לצורך אדריכל לתכנון ופיקוח עליון שיפוץ 2 מבנים בירושלים,50179
8510113,550294,3(29),הארכת התקשרות נוספת עם הקבלנית עליזה רוזן לצורך מתן שירותי ייעוץ והדרכה במחלקת ייעוץ וחקיקה לחקיקת תקנות הטיס,1
8510124,550295,3ג,התקשרות עם חברת מודיעין אזרחי לצורך מפקח נוסף לאגף הביטחון לשירותי ניהול מאבטחים במחוז דרום וניהול מאבטחי בית השרה והלשכות,85218
8510313,550298,3(4)(ב)(1),"הארכת תוקף ההתקשרות עם משרד יגאל ארנון לצורך טיפול בתביעת משרד המשפטים בתיק ""נס"" ובתביעה שכנגד",1
8510113,550454,3(4)(ב)(1),התקשרות עם היועצת טלי רמון לצורך יעוץ אישי וארגוני לפרקליטות מחוז מרכז.,1
8510307,550455,3(4)(ב)(1),התקשרות עם מומחה בתחום הפסיכיאטריה לצורך מתן חוות דעת,1
8510403,550456,3ג,הארכת חוזה העסקה למומחה בחוזה קבלני,1
8510115,550457,3(4)(ב)(1),בקשה לסיוע ארגוני והכשרה מכוונת ספציפית בדרג הביניים בפרקליטות האזרחית זאת לאחר איוש המשרות עם ארגון א.ח.ר ( חגית גיורא).,1
8510131,550458,3(29),"התקשרות עם חברת we secure לרכישת ותחזוקת רישוי תוכנת EnCase עבור רמו""ט",51404
8510115,550461,3(31),"מימוש אופציה להארכת התקשרות עם ספק חו""ל Thomson reuters חידוש מנוי למאגר Westlaw",52608
8510115,550462,3ג,המשך התקשרות למתן שירותי חניה ברחובות לשנת 2014,119625
8510124,550463,3ג,"התקשרות עם חברת G4S השמירה בע""מ לצורך תחזוקת מערכות ביטחון ביחידת הפרקליטות בנצרת",8909
8510313,550517,3ג,"התקשרות עם משרד עדי ליס לטיפול וייצוג המדינה לצורך הגשת התנגדות לרשם הפטנטים וניהול ההליכים המשפטיים בתיק וריינט בגין הפרה פוטנציאלית של זכויות קניין רוחני של המדינה, בהקשר לבקשתה לרישום פטנט על טכנולוגיה ומוצרים מסויימים.",59000
8510313,550681,3ג,"התקשרות עם משרד שלמה כהן לקבלת שירותי ניהול מו""ד בתיק דניאל יחיא",100000
8510131,550682,3(29),התקשרות עם חברת היינט מערכות לרכישת מערכת ניהול התראות SNS++ עבור המשרד,112100
8510113,550683,3ג,מימוש אופציה להעסקת ישראל גלעד לצורך ביצוע מחקר בעניין הצעת חוק דיני ממונות לשנת 2014,1
8510403,550684,3ג,מימוש אופציה להארכת התקשרות עם יועץ אסטרטגי עבור הסניגוריה הציבורית,67920
8510131,550686,3ג,אישור הרחבת ההתקשרות עם חברת מטריקס זוכת תיחור 39-2013 להספקת שירותי מחשוב למשרדי הממשלה (ראש צוות ומפתח) לצורך קבלת שירותי אחראי פרויקט בתחום ה BI.,232932
8510904,550757,3(29),התקשרות עם חברת מידף שירותי קיטרינג לאספקת שתיה ואוכל למשגיחי הבחינות של יח' המנהלת בבנייני האומה.,37524
8510403,550758,3(12),בקשה לאישור מסמכי המכרז הסופיים והמודעה לעיתון של פנייה פומבית מס' 01/14 למתן שירותי ייעוץ תקשורתי ואסטרטגי לסניגוריה הציבורית.,6364
8510131,550949,5(א)(1) + 5(ג)(1),"תוצאות פנייה תחרותית 20/13 מתוך מאגר יועצי ענ""א במסגרת מכרז מרכזי 01/2010 - יועצים אסטרטגיים.",339761
8510115,550969,3ג,אישור מימוש האופציה להארכת ההתקשרות עם חברת אגניקס לצורך מתן שירותי יעוץ ותיקון תקלות בתחום הטלפוניה לשנה הרביעית,346920
8510904,551079,3(29),"התקשרות עם מרכז הקונגרסים לצורך קיום כנס של רו""ח בבנייני האומה קבלת רישיונות.",83556
8510131,551102,5(א)(4) + 5(ג)(2),לאישור התקשרות עם מר משה רז זוכה תיחור 47/2013 מחברת דטה סק לצורך מתן שירותי יעוץ אסטרטגי,687157
8510313,551138,3(4)(ב)(3),"הרחבת התקשרות עם ד""ר שלמה כהן ושות' לצורך המשך ניהול תיק בתחום הקניין הרוחני.",600000
8511207,551147,3ג,"התקשרות עם חברת אלמוג תעשיות תוכנה בע""מ לרכישת תחזוקת רישוי פיננסית פלוס לאפ""כ.",48205
8510124,551150,3(4)(ב)(1),"הרחבת התקשרות עם חברת EMG לצורך יעוץ ותכנון מערכות ביטחון עבור פרויקט בית קרדן ת""א, פרויקט הדר דפנה ופרויקטים מסווגים אחרים",50000
8510904,551151,3ג,התקשרות עם חברת ORS למתן שירותי משגיחים בבחינות שונות.,590000
8510131,551152,3ג,הארכת תוקף ההתקשרות עם יועץ למסגרת ITIL מתוך מאגר יועצים אסטרטגיים,1
8510124,551153,3(29),התקשרות עם חברת ברק 555 לצורך השמשת ותחזוקת מערכת גילוי אש במשרד הרשאי.,47200
8510115,551233,3ג,בקשה למימוש אופצית ההתקשרות עם חברת ת.ד.ל למתן שירותי אחזקה במחוז ירושלים בשנת 2014,708000
8510115,551236,3ג,"מימוש אופצייה להארכת ההתקשרות עם חברת מ.ב.ע זוכת מכרז 47/10 - תחזוקת מחוז תל אביב, לשנה הרביעית.",708000
8510115,551288,3(4)(ב)(3),"הארכת תוקף ההתקשרות עם חברת כץ משלוח בינעירוני מהיר בע""מ לביצוע קבלני של עבודות הקשורות בהעברת יחידות תיעוד של המשרד",306800
8511207,551591,3(29),"בקשה לאישור התקשרות עם חברת מג'יק לרכש רישוי ""אתר"" למוצרי מג'יק עבור המשרד",768416
8510112,551831,3(29),התקשרות עם מר אליהו מושקוביץ למתן שירותי מחקר במחלקה למשפט עברי,17700
8510113,551867,3(22),"התקשרות עם ד""ר שלמה עמיקם לצורך קבלת חוות דעת מומחה בתחום הקרדיולוגיה.",7080
8511104,551868,3(29),בקשה לאישור התקשרות בפטור ספק יחיד לפי תקנה 3(29) עם החברות CAS ו- Fiz-Karlsruhe לרכש רישוי שימוש לממשק STN וגישה למאגר Derwent.,138528
8510131,551869,3(4)(ב)(1),התקשרות המשך עם חברת בזק בינלאומי למתן שירותי אינטרנט לניצול יתרת תקציב מהזמנה קודמת.,1
8511104,551873,3(4)(ב)(1),המשך התקשרות עם חברת בינת לניצול יתרת תקציב מהזמנה קודמת.,1
8511104,551875,3(4)(ב)(1),"המשך התקשרות עם חברת בינת יי/שום מערכות בע""מ ללא עלות תקציבית.",1
8511213,551877,3(29),"התקשרות עם חברת השגים תוכנה בע""מ, לרכישת רישוי למערכת Triple - a עבור אחת מיחידות המשרד.",57348
10002767,551884,3(29),"התקשרות עם אנג'לו בתי קפה בע""מ לצורך כנסים.",283200
8510115,551890,3(4)(ב)(1),"התקשרות עם חברת קסם מילניום בע""מ לצורך שירותי חניה בבית המשפט בנתניה. בפרוטוקול קודם אישרה הוועדה את ההתקשרות עם הספק לפי תקנה 3(1), כעת מתבקשת הארכת התקשרות ללא עלות תקציבית נוספת.",1
8510124,551892,3(29),"התקשרות עם חברת אורד לחוזה תחזוקה של מערכות מתח נמוך מע""צ והדר דפנה",56495
8510904,551894,3ג,"הארכת התקשרות עם משרד הורוביץ, אושרת, מגר, אפלקר לוגסי ושות' לקבלת שיורותי ביקורת על בקשות המופנות לועדת העיזבונות לשנת 2014.",389400
8510313,551897,3(4)(ב)(1),הגדלת ההתקשרות עם משרד לימאי סידר רהט צידון פינק.,1
8510313,551898,3ג,"המשך התקשרות עם משר עו""ד",1
8511606,551899,3ג,"מימוש אופציה להארכת התקשרות עם משרד ז.ר.ם אדריכלים לקבלת שירותי אדריכל לביקורת וקידום הטמעת תקנות נגישות מבנים, תשתיות וסביבה.",131760
8510316,551900,3ג,"התקשרות עם עו""ד אירית ווגסטף, שתשמש כתובעת פלילית מטעם המדינה בתיקי תכנון ובניה",134800
8510113,551984,3(4)(ב)(1),אישור המשך התקשרות עם משרד פיינברג נחום לטיפול בתיק רונית ליפשיץ ובתיק אגסי.,50000
8010210,551985,3(4)(ב)(1),התקשרות עם דר' אורן גזל לריכוז ועדת דורנר,48038
8510113,552104,3ג,המשך התקשרות עם זוכות מכרז 66/10 חברות אלון אי.טי ומרטנס הופמן.,1
8510313,552108,3(4)(ב)(1),הארכת התקשרות עם עורכי דין זוכי מכרז מיקור חוץ,1
8511407,552118,3ג,מימוש אופציית הארכת ההתקשרות עם חברת ITTI לצורך עדכון נתונים במאגר רשם החברות.,3628500
8511606,552245,3(29),התקשרות עם מומחה להטמעת תקנות הנגישות לאנשים עם מוגבלות,37539
8511606,552251,3(29),התקשרות עם מומחית בהטמעות תקנות הנגישות לאתרי אינטרנט עבור אנשים עם מוגבלות,49206
8510115,552276,3ג,"מימוש אופציית הארכת התקשרות עם חברת דואר ישראל בע""מ.",1
8510129,552277,3(29),"התקשרות עם חברת אי.בי.סי לצורך שיפוץ בניין מוסקוביץ בת""א",88382
8510115,552280,3ג,"מימוש אופציית הארכת התקשרות עם מזנון מועב בק. הממשלה ת""א.",91713
8510115,552423,3ג,"מימוש אופציה להארכת ההתקשרות עם חברת ""בר אילן חברה למחקר ופיתוח"" לצורך מנוי למאגר המקוון של פרויקט השו""ת לשנת 2014",14975
8510124,552425,3ג,מימוש אופציה להארכת התקשרות עם חברת דואר ישראל לקבלת שרות שיקוף דברי דואר לבעלי תפקידים בכירים במשרד לשנת 2014.,51240
8510307,552426,3(22),התקשרות עם פרופסור משה קוטלר לצורך קבלת חוות דעת מומחה בתחום הפסיכיאטריה,7080
8511406,552427,3(29),"התקשרות עם מרכזית ירושלים בע""מ לצורך מתן שירותי חניה בחניון התחנה המרכזית.",50000
8511007,552455,3(4)(ב)(1),"הארכת התקשרות עם מר גידי פייטן למתן שירותי יעוץ ארגוני ליחידת רישום והסדר מקרקעין- טאבו,ללא עלות תקציבית.",1
8510113,552637,3ג,"התקשרות עם משרד עו""ד תמר גולן לייצוג המדינה בתיק סכסוך הפרקליטים",174920
8510124,552710,3ג,מימוש אופציית המשך ההתקשרות עם חברת טנדו למתן שירותי יעוץ בתחום החירום.,82412
8510112,552711,3(29),"התקשרות עם נותני שירותים חיצוניים בתחום המחקר למחלקה למשפט עברי : ברוך כהנא, דוד ניסני, וחיים צפרי.",42480
8510112,552712,3(29),התקשרות עם נותני שירותים חיצוניים בתחום המחקר למחלקה למשפט עברי :דוד ניסני.,42480
8510112,552713,3(29),התקשרות עם נותני שירותים חיצוניים בתחום המחקר למחלקה למשפט עברי :חיים צפרי.,42480
8511104,552762,3ג,מימוש זכות ברירה עם חברת thomson reuters לרכישת רישוי שימוש במאגר thomson innovation עבור רשות הפטנטים.,285390
8510115,552765,3(29),"אישור התקשרות עם IBC מבנה תעשיה בע""מ לצורך מתן שירותי חניה בבנייו לב העסקים בנצרת",133366
8511407,552766,3(29),"התקשרות עם חברת אורקל לרכישת תחזוקת רישוי עבור רשות התאגידים ורשל""ה",80179
8510131,552767,3(29),התקשרות עם חברת 2001 שירותי מערכות ומחשבים לתחזוקת רישוי XRS בסימני מסחר ותאגידים.,72004
8510131,552768,3(29),התקשרות עם חברת babylon לרכישת תחזוק רישוי לתוכנת babylon enterprise לכלל המשרד,149996
8510115,552797,3ג,"מימוש אופציית התקשרות לשנה החמישית עם חברת אמקה למתן שירותי עיצוב והדפסה, מיגנוט ודיוור שוברים.",3500001
8510704,552814,3(4)(ב)(1),התקשרות עם דר' אמנון תדהר על בסיס תנאי זכייתו במכרז 01-2010 לכתיבה ובדיקת מענים במכרז מערכת ניקוד.,94873
8510115,552816,3(4)(ב)(3),מתן שירותי הובלות עבור כל יחידות המשרד בפריסה ארצית.,2548800
8510113,552981,3(4)(ב)(1),"התקשרות עם חברת מירב י.מ.ייעול מערכות בע""מ לצורך ביצוע עבודות בנושא יישום, הפעלת ופיתוח שיטות שכר עידוד, קביעת תקני כוח אדם, תחזוקה של שיטות קיימות וסיוע בתחום הנדסת ייצור וניהול.",1
8510503,552983,3ג,בקשה למימוש אופציה להרחבת ההתקשרות עם בתי חולים לצורך הסכם מסגרת למימון בדיקת רקמות.,1380000
8511007,552984,3ג,"מימוש אופציית הארכת ההתקשרות לשנה שלישית עם חברת סימן מדידה זוכת הליך פנייה פומבי 11/11 לקבלת שירותי שרטוט עבור יחידת הסדר-טאבו בנצרת, חיפה, ת""א וב""ש.",35400
8510307,552985,3(22),"אישור התקשרות עם ד""ר הוואי עמיטל לצורך קבלת חוות דעת מומחה בתיק עבור פרקליטות מחוז ת""א מיסוי וכלכלה.",7080
8510503,552986,3ג,בקשה למימוש אופציה להרחבת ההתקשרות עם בתי חולים לצורך הסכם מסגרת למימון בדיקת רקמות,1380000
8510115,553022,3ג,"מימוש אופציית התקשרות עם חברת אגודת השומרים למתן שירותי ניקיון באזור ב""ש.",212400
8510115,553023,3ג,מימוש אופציה בחוזה ההתקשרות עם חברת ש.ניר למתן שירותי ניקיון למחוז צפון של יחידות המשרד.,495600
8510115,553024,3(29),"התקשרות עם חברת פטרה קלאב בע""מ (נתניה) לצורך מתן שירותי חניה בחניון פטרה קלטב",260191
8510115,553025,3(29),"התקשרות עם חברת א.מ.חניות (ירושלים) 1993 בע""מ לצורך מתן שירותי חניה בכיכר ספרא.",1975722
8510115,553026,3(29),התקשרות עם היברו יוניון קולג' לצורך מתן שירותי חנייה במכון למדעי היהדות בירושלים.,177708
8510115,553027,3(29),"התקשרות עם חברת קסם מילניום בע""מ לצורך מתן שירותי חניה עבור פרקליטות דרום בבית המשפט בבאר שבע.",245322
8510115,553028,3(29),"אישור ההתקשרות עם בית הרכב בע""מ (מגדל שלום ת""א) לצורך מתן שירותי חניה לעובדי נציבות ביקורת על מערך התביעה.",223955
8511406,553035,3ג,מימוש אופציית הארכת ההתקשרות עם יד הנדיב וג'וינט ישראל לצורך הפעלת פרויקט הגיידסטאר ללא עלות תקציבית נוספת.,1
8511304,553135,3(29),"התקשרות עם גברת אציל לדור כרכזת בוועדת השגות ממ""י ולענייני הפקעות.",35393
8510115,553174,3(31),התקשרות עם LEXIS-NEXIS לצורך חידוש מנוי למאגר בשנת 2014,285400
8510124,553175,3(29),התקשרות עם חברת מגאסוןלצורך אחזקת מערכות ביטחון שנתית בלשכה הראשית לשנת 2014,215873
8510115,553448,3(4)(ב)(1),"בקשה להתקשר עם חברת ש.ה.מ. הובלות ארצי לניצול יתרה תקציבית בהזמנה מס' 4500821075 עבור פרויקט העברת פרקליטות מיסוי וכלכלה בת""א.",1
8510904,553450,3ג,מימוש אופציה להארכת ההתקשרות עם חברת מח 10 זוכת מכרז פומבי 06/12 לאספקת שירותי עריכת מבחנים עבור משרד המשפטים.,885000
8510131,553453,3(4)(ב)(1),המשך התקשרות עם חברת databank אחסון ושינוע מדיה מגנטית עבור המשרד,50000
8510131,553454,3(29),התקשרות עם חברת סייבר ארק סופטוואר לפיתוח מערך יתירות לתשתית הכספות במשרד,53971
8510131,553455,3(29),התקשרות עם חברת עין דור לרכישת תחזוקת רישוי למערכת X-FIX לפרקליטות,63720
8511207,553524,3 (5 א),"אישור התקשרות עם חברת המשקם לצורך שירותי עיטוף מכתבים עבור מחוז חיפב באפ""כ.",36108
8510113,553525,3(4)(ב)(1),התקשרות עם היועצת טלי רמון לצורך יעוץ אישי וארגוני לפרקליטות מחוז מרכז.,9452
8510113,553526,3(4)(ב)(1),הארכת התקשרות עם חברת א.מ.ן לקבלת שירותי הגב' חנה לוי בייעוץ ארגוני.,1
8510313,553541,3(4)(ב)(3),"הרחבת התקשרות עם ד""ר שלמה כהן ושות' לצורך המשך ניהול תיק בתחום הקניין הרוחני - תיק אומירקס. בבקשה קודמת התבקש 1,600,000 והוועדה אישרה 600,000 ש""ח, לכן מבוקש מהוועדה לאשר עוד 1,000,000 ש""ח.",1600000
8510113,553596,3(4)(ב)(1),"הארכת התקשרות עם עו""ד רחל שיבר לניצול יתרת השעות ללא עלות תקציבית נוספת לצורך ייעוץ ןליווי פרויקט ענ""ן אכיפה - לשיתוף ופתיחת ממשקי מחשב בין גופי אכיפת החוק במדינת ישראל.",1
8511207,553823,3(12),"בקשה להתקשרות עם ""לפ""מ"" לפרסום קמפיין לצווי ירושה.",800000
8510313,553825,3(4)(ב)(1),"בקשה להמשך התקשרות עם עו""ד פנחס מילמן לטיפול משפטי למול חברות הביטוח בתיקי הנכים: אילן לוין, אלמוג שמש וברק ברזילי.",1
8510113,553826,3ג,"בקשה למימוש אופציית הארכת ההתקשרות לשנה שלישית עם עו""ד קרן אורבך לצורך מתן שירותי ייעוץ משפטי לוועדת הערר לפי חוק נספי שואה.",90860
8510129,553828,3ג,בקשה להגדלת ההתקשרות עם סלמה מילסון ארד/אבנר סימון לצורך אדריכל/ית לתכנון ופיקוח עליון שיפוץ 3 מבנים בירושלים,40012
8510115,554023,3(4)(ב)(1),"הארכת התקשרות עם חברת גדיר הנדסה בע""מ למתן שירותי בקרת עלויות חשמל עד סוף 2013",7080
8510124,554024,3ג,בקשה למימוש אופציה להארכת ההתקשרות לשנה הרביעית עם חברת מודיעין אזרחי לצורך מתן שירותי אבטחה למתקני המשרד.,26802306
8510131,554025,3(29),אישור ההתקשרות בפטור ספק יחיד עם חברת magic לצורך רכישת שעות מומחה טכנולוגיית magic עבור המשרד,113280
8510131,554026,3ג,"אישור מימוש אופציית ההתקשרות עם חברת ריטל מערכות מארזים בע""מ לצורך תחזוקת ארונות שרתים מקוררי מים.",51242
8510904,554027,3ג,הארכת התקשרות לשנה השלישית ען ICC מרכז האירועים והקונגרסים בבנייני האומה אחת מזוכות מכרז פומבי 49/11 לקבלת שירותי אולמות בחינה.,1710770
8510115,554028,3 (5 א),התקשרות עם חברת המשקם לצורך מתן שירותי אחזקה לצמחיה בפרקליטות מחוז צפון,21552
8510115,554029,3(29),"התקשרות ספק יחיד עם חברת רום הרקיע בע""מ לצורך מתן שירותי חניה לפרקליטים (פלילי, אזרחי, מרכז ואפ""כ) להופעה בבית המשפט בלוד.",356950
8510113,554107,3(4)(ב)(1),הארכת התקשרות עם חברת א.מ.ן לקבלת שירותי הגב' חנה לוי בייעוץ ארגוני.,50000
8511606,554263,3(4)(ב)(1),"המשך התקשרות עם גב' גילה גרטל באמצעות החברה תבונה ונגישות טכנולוגית בע""מ ללא עלות תקציבית נוספת",1
8511606,554264,3(4)(ב)(1),המשך התקשרות עם דר' לירון נתן לצורך מתן שירותי ייעוץ בנציבות לשוויון זכויות לאנשים עם מוגבלויות.,1
8510115,554338,3(29),התקשרות עם חברת יפעת המרכז למידע תקשורתי לצורך קבלת שירותי מידע עיתונאי,323320
8510115,554339,3(29),"התקשרות עם ""אייל צבי ואיילון החזקות בע""מ"" לצורך מתן שירותי חניה בחניון שערי העיר בירושלים",610060
8510131,554600,3ג,"הארכת התקשרות עם הוצאת הלכות בע""מ לרכישת עדכוני חקיקה דינים לתנופ""ה",80996
8510113,554694,3(4)(ב)(1),המשך התקשרות לטיפול וסגירת תיק רונן הראל.,1
8510124,554695,3ג,"אישור ההתקשרות עם חברת אפקון, לקבלת שירותי התקנה ואחזקה למערכות יבוי אש לשנת 2014",41765
8510115,554696,3ג,"מימוש אופציה להארכת ההתקשרות לשנה שלישית עם חברת א.א.א. אבירם לצורך מתן שירותי ניקיון במחוזות ירושלים, תל אביב והמרכז.",7038346
8510125,554697,3ג,מימוש אופציה להארכת ההתקשרות לשנה השלישית עם חברת גרפס פינט לצורך עיצוב והדפסת דברי דפוס וכריכות עבור המכון להשתלמות פרקליטים ויועצים משפטיים,1
8511007,554700,3(4)(ב)(1),המשך התקשרות עם חברת המשקם לאספקת תיקי פעולה,1
8510113,554701,3(4)(ב)(1),המשך התקשרות עם זאן קלוד נידם לצורך מתן שירותי יעוץ לממונה על העזרה המשפטית,1
8510124,554769,3ג,"התקשרות עם חב' מודיעין אזרחי זוכת מכרז 68/10 למתן שירותי אבטחה ליחידות המשרד, לצורך מימוש האופציה להרחבת ההתקשרות עבור אבטחת בית שרת המשפטים.",569940
8510124,554875,3ג,"בקשה להרחבת ההתקשרות עם חברת אפקון בהתאם להרחבת עלות המכרז עפ""י חווד דעת יועץ מיגון.",22887
8510124,554876,3ג,"מימושא אופציה להארכת ההתקשרות לשנה השניה עם חברת בינת יישום מערכות לצורך מתן שירותי אחזקה ותיקון תקלות למערכות מנ""מ וביטחון בהדר דפנה, ת""א.",11611
8511606,554877,3ג,התקשרות עם ב.ר.א.מ למתן שירותי מזנון במגדלי הבירה לצורך ארוחות וכיבוד בבניין.,47200
8511207,554879,3(4)(ב)(1),"התקשרות עם ש.בן עמי סוכניות בע""מ לצורך השלמת בקשרות לריהוט אפ""כ מחוז י-ם.",12461
8511207,554966,3(4)(ב)(2),"הרחבת ההתקשרות עם חברת ITTI לצורך הקלדת פרטי מידע של בקשות לצווי ירושה וקיום צוואה עבור האפ""כ.",792960
8510115,555186,3(29),"התקשרות עם בית השנהב חניונים בע""מ לצורך מתן שירותי חניה לעובדי הפרקליטות והאפ""כ במשרד המשפטים",50000
8510115,555187,3ג,המשך התקשרות עם חברת טעמים פלוס למתן שירותי מזנון בקריית הממשלה חיפה למחצית הראשונה של שנת 2014,132927
8511207,555274,3(4)(ב)(1),"המשך התקשרות עם משרד פאהן קנה לצורך בדיקת נכסים ותיקי אפ""כ המועברים לקניין המדינה.",1
8510113,555276,3(4)(ב)(1),המשך התקשרות עם הגברת חגית גיורא באמצעות ארגון א.ח.ר. לצורך ייעוץ בהכשרה למנהלי דרג הביניים בפרקליטות.,1
8510131,555277,3(29),התקשרות עם חברת טנגרם סופט לתחזוקת רישוי data power עבור המשרד.,186440
8510704,555313,3ג,"בקשה לאישור מימוש זכות ברירה שנה 2 עם חברת ארד אופיר בע""מ לצורך רישוי שימוש במאגר LEXIS NEXIS עבור הרשות לאיסור הלבנת הון.",76464
8510131,555314,3ג,"בקשה לאישור מימוש זכות ברירה להרחבת התקשרות עם חברת מטריקס מערכות בע""מ זוכת תיחור סגור 48-2013.",145282
8510131,555315,3ג,"בקשה לאישור מימוש זכות ברירה בהתקשרות קיימת עם חברת סיסנת תוכנה בע""מ זוכת תיחור סגור 43-2013.",217056
8510129,555440,3ג,מימוש זכות ברירה עבודות שיפוץ בית קארדן,358720
8510115,555576,3(4)(ב)(1),הארכת תוקף ההתקשרות עם חברת משאב שיקום לצורך סיום עבודות השיפוץ בבית קרדן. ללא עלות תקציבית נוספת.,1
8510115,555641,3(4)(ב)(3),"הארכת תוקף ההתקשרות עם חברת כץ משלוח בינעירוני מהיר בע""מ לביצוע קבלני של עבודות הקשורות בהעברת יחידות תיעוד של המשרד",245440
8510113,555644,3(4)(ב)(3),"הארכת התקשרות עם חברת מירב י.מ ייעול מערכות בע""מ לצורך ביצוע עבודות בנושא יישום והפעלת שיטות שכר עידוד",1338449
8510113,555714,3ג,"המשך התקשרות עם משרד אלרואי יועצים בע""מ למתן שירותי ייעוץ בתחום השלכת תיקי IFRS וההכנה החשבונאית ברווחי/הפסדי שיערוך של מבחני החלוקה בחוק החברות.",68053
8510113,555715,3(4)(ב)(3),בקשה להארכת תוקף מאגר מיקור חוץ שהוקם בעקבות הליך פומבי מספר 09/08 - הזמנה להציע הצעותלהיכלל במאגר עורכי דין למתן שירותים משפטיים למשרד המשפטים.,5800000
8510131,555908,3(4)(ב)(1),המשך התקשרות ללא עלות תקציבית נוספת עם משרד הפטנטים האירופאי EPOQUE.,1
8510115,555910,3(4)(ב)(1),"הארכת תוקף ההתקשרות עם חברת קרביץ לקבלת ציוד משקי על בסיס מכרז חשכ""ל.",1
8510115,555913,3(4)(ב)(1),"הארכת התקשרות עם עו""ד מני מזוז לצורך קבלת שירותי גישור ליישום הפסיקה בתיק בג""ץ 1010/10 אדם טבע ודין נ' שר הפנים ואח'",1
8511008,555914,3ג,מימוש אופציה להארכת ההתקשרות לשנה השניה עם חברת סי.די.אי לצורך רכישת דיסקים לצקיבה,250000
8510131,555915,3ג,הארכת התקשרות עם חברת HP לרכישת תחזוקת שירות למערכת מידע קיימת על פי תנאי חוזה שנכרת. עבור אגף רישום והסדר מקרקעין,1664225
8510131,555917,3ג,מימשו זכות ברירה לשנה השנייה להתקשרות עם חברת תים נטקום לצורך הטמעה ותחזוקה של מערכי אחסון של חבקת EMC.,602567
8511007,555918,3(4)(ב)(1),הארכת התקשרות עם מר גידי פייטן למן שירותי ייעוץ ארגוני לליווי פרוקיט רימון באגף רישום והסדר מקרקעין.,18998
8510113,556197,3(29),"המשך והגדלת התקשרות עם נותני שירותים חיצוניים בתחום המחקר למחלקה למשפט עברי : ברוך כהנא, דוד ניסני וחיים צפרי.",42480
8510113,556198,3(29),"המשך והגדלת התקשרות עם נותני שירותים חיצוניים בתחום המחקר למחלקה למשפט עברי : ברוך כהנא, דוד ניסני וחיים צפרי.",42480
8510112,556199,3(29),"המשך והגדלת התקשרות עם נותני שירותים חיצוניים בתחום המחקר למחלקה למשפט עברי : ברוך כהנא, דוד ניסני וחיים צפרי.",42480
8511304,556201,3ג,"מימוש האופציה להארכת ההתקשרות עם חברת לגור נתוני נדל""ן בע""מ אשר מספקת מידע על נתוני נדל""ן שוטפים לאגף שומת מקרקעין.",21240
8510112,556352,3(4)(ב)(1),"המשך התקשרות עם עו""ד שמואל שמעוני לצורך השלמת ביצוע מחקר בנושא חוק העונשין.",1
8510115,556354,3ג,מימוש אופציית ההתקשרות עם חברת קודקס לקבלת שירותי הפעלה של מערכת לגיוס מתמחים.,342200
8510124,556355,3ג,מימוש אופציית בהתקשרות עם חברת שמאור למתן שירותי מוקדי פריצה ומצוקה עבור יחידות משרד המשפטים,74340
8510307,556356,3ג,מימוש אופציית התקשרות עם חברת רפואון לצורך איסוף תיעוד רפואי עבור משרדי הממשלה עבור הפרקליטויות עבור תיקים המתנהלים בבתי המשפט.,236000
8510307,556358,3ג,בקשה למימוש אופציה התקשרות עם חברת מדיטון לצורך איסוף תיעוד רפואי עבור משרדי הממשלה עבור הפרקליטויותצ עבור תיקים המתנהלים בבתי המשפט.,236000
8510115,556360,3ג,בקשה למימוש אופציה עם אמיר זקן שירותי מזון וקייטרינג לצורך ניהול מזנון ושירותי הסעדה בלשכה הראשית במשרד המשפטים בירושלים,1132800
8030117,556445,3(4)(ב)(3),הארכת התקשרות עם זכייני הפצת מידע ממאגר רשם החברות מול החברות: קו מנחה ובי.די.אי,9298108
8510603,556480,3(29),"התקשרות בפטור עם לברת ווי אנקור לרכש ותחזוקת רישוי תוכנת EnCase עבור רמו""ט",51404
8511607,556858,3(4)(ב)(1),שירותי הסעדה לשוטרים בהיקף ארצי,148680
8510115,556860,3(4)(ב)(1),המשך התקשרות עם חברת טעמים פלוס למתן שירותי מזנון בקריית הממשלה חיפה למחצית השניה של שנת 2014,1
8510131,556861,3(4)(ב)(1),התקשרות בהליך מקוצר לרכש של סל שירותים מחברת ויטק לתחזוקת סורקי רשת 500 (Kodak ScanStation) עקב הפסקת פעילות חברת מלם,47838.1
8510131,556862,3ג,בקשה לאישור הגדלת התשלומים השוטפים לחברת מלם שירותי מיקור חוץ מנגנון גידול קיטון תחנות עבודה ומערכות הפעלה מנוהלות.,584100
8510603,556941,3ג,בקשה למימוש אופציה להארכת ההתקשרות עם מומחים עובדים סוציאלים וקרימינולוגים למחצית השניה בשנת 2014.,366240
8511504,557056,3ג,"מימוש אאופציית התקשרות לביצוע שינויים בהתקשרות עם חברת עלי מחאמיד לצורך שיפוץ בחדרי החקירות של מח""ש הר חוצבים.",10196
8510113,557125,3ג,"מימוש זכות ברירה בהתקשרות עם משרדי רו""ח שנבחרו במכרז 04/09 למתן שירותי ביקורת פנים למשרד.",580183
8511407,557137,3(4)(ב)(1),הרחבת התקשרות קיימת עם חברת EZShift לרכישת רשיונות מערכת עבור המשרד.,48428
8510124,557138,3(4)(ב)(1),"הרחבת ההתקשרות עם חברת טאנדו לצורך סיום פרויקטים, כתיבת תפיסת ההפעלה וכתיבת נהלים הנושא חירום.",149989
8510316,557298,3ג,"המשך התקשרות עם מס' עו""ד אשר זכו במכרז 28/10.",354000
8510124,557299,3(4)(ב)(1),הגדלת היקף ההתקשרות עם מר גילאון שביט למתן שירותי תחקירים ביטחוניים תוך צמצום ההתקשרות עם מתחקר שני ( מאיר קופלר).,51625
8510113,557300,3(4)(ב)(3),"המשך התקשרות עם משרד פיינברג נחום, לטיפול בתביעות נגד המשרד בתיק אגסי ותיק ליפשיץ.",200000
8510131,557445,3(29),התקשרות בפטור לפי תקנה 3(29) עם מטריקס אי.טי. מוצרי תוכנה לרכש רישוי למערכת Adobe Lifecycle עבור המשרד,412714.44
8510131,557458,3(29),"התקשרות בפטור לפי תקנה 3(29) עם חברת CA לרכש תחזוקת רישוי מערכת שו""ב מתוצרתה עבור המשרד",683524.21
8510704,557732,3(4)(ב)(1),הגדלת ההתקשרות בשנה השלישית ואישור מימוש האופציה לשנה הרביעית בהתקשרות עם הספק לצורך תפעול מרכז קלט עבור הרשות לאיסור הלבנת הון ומימון טרור.,2981860
8510707,557733,3ג,הגדלת ההתקשרות בשנה השלישית ואישור מימוש האופציה לשנה הרביעית בהתקשרות עם הספק לצורך תפעול מרכז קלט עבור הרשות לאיסור הלבנת הון ומימון טרור.,2981860
8510131,557793,3(4)(ב)(1),התקשרות המשך עם חברת נטקום על פי תנאי זכייתה במכרז 03-2014 והרחבת ההתקשרות המקורית,59000
8510131,557966,3ג,מימוש זכות ברירה להתקשרות עם חברת נס איי. טי. זוכת תיחור סגור 08-2013 רכש מוצרים ושירותים של חברת מיקרוסופט (שנה 3),4773788
8510131,557967,3(4)(ב)(1),הארכת התקשרות עם חברת HP לרכישת תחזוקת שירות למערכת מידע קיימת על פי תנאי חוזה שנכרת. עבור אגף רישום והסדר מקרקעין,1
10002963,557969,3ג,בקשה לאישור הרחבת התקשרות עם יועץ למסגרת ITIL מתוך מאגר יועצים אסטרטגיים,150804
8510904,558045,3ג,"אישור מימוש אופצייה ל 4 עובדים זמניים שהועסקו באמצעות חברת ORS זוכת פניה תחרותית 02/14 לועדת העיזבונות ויחידת המינויים בלשכת היועמ""ש.",79518
8510113,558047,3(4)(ב)(1),המשך התקשרות עם עודרכי הדין פנינה גיא וורד אנוך לצורך ייעוץ מקצועי לנציבות הבקרה על מערך התביעה ומייצגי המדינה בערכאות.,52502
8510313,558049,3(4)(ב)(1),המשך התקשרות לצורך המשך טיפול בתיק מפעלי ים המלח,1
8510113,558051,3(4)(ב)(1),הרחבת ההתקשרות עם היועצת חגית גיורא מארגון א.ח.ר לצורך ייעוץ בהכשרה למנהלי דרג הביניים.,49687
8510313,558053,3(4)(ב)(3),"הרחבת התקשרות עם ד""ר שלמה כהן ושות' ובתיאום עם חשבות משרד המשפטים לצורך המשך ניהול תיק בתחום הקניין הרוחני - דיני פטנטים",1000000
8510124,558107,3(29),בקשה לאשר התקשרות עם חברת מגאסון לצורך חידוש ותיקון מערכת ביטחון בלשכה הראשית.,42126
8511406,558108,3ג,בקשה להתקשר עם גוינט להארכת חוזה התקשרות לצורך פרויקט גיידסטאר ללא עלות תקציבית החל מתאריך 19.09.14 ועד לתאריך 31.03.15.,1
8510121,558743,3ג,אישור מימוש אופציה להרחבת ההתקשרות עם מכול ל.ה.ב. לצורך קיום קורס מתקדם לפיתוח מנהלים.,315145
8510130,558744,3ג,"בקשה למימוש זכות ברירה ראשונה עם חברת מג'יק תעשיות תוכנה בע""מ לרכש תחזוקת רישוי אתר של החברה",220660
8510130,558746,3(4)(ב)(1),הארכת תוקף הזמנה 4500792850 מסוג חוזה עם יתרה תקציבית למימוש שתוקפה פג ביום 14/8/2014,1
8510124,558748,3(4)(ב)(2),אישור הרחבת ההתקשרות עם חברת מודיעין אזרחי לצורך העסקת מפקח נוסף בפרויקט משרד המשפטים לאזור המרכז.,169920
8510113,558749,3(4)(ב)(1),המשך שירות למתן שירותי יעוץ ארגוני לנציבות הביקורת על מערך התביעה ומייצגי המדינה בערכאות,49980
8510112,558750,3(29),בקשה לאישור התקשרות עם הרב יוסף פראגר לצורך המשך ביצוע מחקר בנושא כבוד האדם וחירותו.,56640
10003008,559468,3(4)(ב)(1),הארכת התקשרות למיטל בר חי כעוזרת משפטית בוועדת ריבלין.,50000
8510503,559528,3(4)(ב)(1),הארכת התקשרות - ליווי ויצוק משפטי למשפחות נפגעי עבירות המתה .,500000
8510124,559764,3(4)(ב)(3),"העלאת שכר מאבטחים, המאבטחים את יחידות המשרד באמצעות שירותי אבטחה הניתנים ע""י חברת מודיעין אזרחי זוכת מכרז פומבי 68/10 – למתן שירותי אבטחה למתקני המשרד.",215834
8510121,560238,3(11),התקשרות עבור הופעת אמן רוק בהשתלמות פרקליטים,100300
8511007,560254,3ג,הארכת התקשרות עם HP לרכש תחזוקת שירות למערכת מידע קיימת על פי תנאי חוזה שנכרת במכרז 08-2007 עבור אגף רישום והסדר מקרקעין ל- 3 חודשים,999000
8511407,560255,3(29),התקשרות בפטור לפי תקנה 3(29) עם חברת אורקל לרכישת שירות ACS לטיפול בתקלות משביתות עבור המשרד,74340
8510131,560256,3(29),התקשרות בפטור לפי תקנה 3(29) עם חברת היולט פקארד לתחזוקת מערכת ניהול מסמכים בפרקליטות,96996
8511407,560258,3(29),"התקשרות בפטור לפי תקנה 3(29) עם חברת מטריקס איי.טי. מוצרי תוכנה בע""מ לתחזוקת רישוי למוצר Adobe Life Cycle עבור המשרד",107240
8510129,560264,3(29),"אישור התקשרות עם ספק יחיד, לאחר פירסום ספק יחיד, עבור הסרת שטיחים והתקנת ריצוף, בקומה 11 קמ""מ חיפה.",122484
8510124,560265,3(29),"התקשרות עם חברת מגאסון כספק יחיד לפי תקנה 3(29) לתח""מ לצורך חידוש מערכת ביטחון הכוללת שדרוג תוכנה, החלפת 2 תחנות עבודה ושרת.",58623
8510124,560732,3(4)(ב)(1),המשך התקשרות עם מתחקרי ביטחון וכי מכרז 14/09.,10500
8510124,560734,3(4)(ב)(1),המשך התקשרות לניצול יתרת השעות עם זוכי מכרז 14/09 למתן שירותי ייעוץ בנושא תחקירים בטחוניים.,3500
8510124,560736,3(4)(ב)(1),המשך התקשרות לניצול יתרת השעות עם זוכי מכרז 14/09 למתן שירותי ייעוץ בנושא תחקירים בטחוניים.,3500